date,stories,comments,jobs,polls,pollopts,score_sum_stories,comments_sum_stories,dead,deleted,distinct_authors
2006-10-09,18,2,0,0,0,161,16,0,0,8
2006-10-10,12,9,0,0,0,54,0,3,0,9
2006-10-11,5,1,0,0,0,19,1,0,0,6
2006-10-12,6,0,0,0,0,29,-1,1,0,5
2006-10-13,2,0,0,0,0,3,0,0,0,2
2006-10-14,2,0,0,0,0,16,1,0,0,2
2006-10-15,1,0,0,0,0,7,0,0,0,1
2006-10-16,0,0,0,0,0,0,0,0,0,0
2006-10-17,1,0,0,0,0,3,0,0,0,1
2006-10-18,0,0,0,0,0,0,0,0,0,0
2006-10-19,0,0,0,0,0,0,0,0,0,0
2006-10-20,0,0,0,0,0,0,0,0,0,0
2006-10-21,1,0,0,0,0,2,-1,1,0,1
2006-10-22,1,0,0,0,0,2,0,0,0,1
2006-10-23,0,0,0,0,0,0,0,0,0,0
2006-10-24,0,0,0,0,0,0,0,0,0,0
2006-10-25,0,0,0,0,0,0,0,0,0,0
2006-10-26,0,0,0,0,0,0,0,0,0,0
2006-10-27,0,0,0,0,0,0,0,0,0,0
2006-10-28,0,0,0,0,0,0,0,0,0,0
2006-10-29,0,0,0,0,0,0,0,0,0,0
2006-10-30,0,0,0,0,0,0,0,0,0,0
2006-10-31,0,0,0,0,0,0,0,0,0,0
2006-11-01,0,0,0,0,0,0,0,0,0,0
2006-11-02,0,0,0,0,0,0,0,0,0,0
2006-11-03,0,0,0,0,0,0,0,0,0,0
2006-11-04,0,0,0,0,0,0,0,0,0,0
2006-11-05,0,0,0,0,0,0,0,0,0,0
2006-11-06,0,0,0,0,0,0,0,0,0,0
2006-11-07,0,0,0,0,0,0,0,0,0,0
2006-11-08,0,0,0,0,0,0,0,0,0,0
2006-11-09,0,0,0,0,0,0,0,0,0,0
2006-11-10,0,0,0,0,0,0,0,0,0,0
2006-11-11,0,0,0,0,0,0,0,0,0,0
2006-11-12,0,0,0,0,0,0,0,0,0,0
2006-11-13,0,0,0,0,0,0,0,0,0,0
2006-11-14,0,0,0,0,0,0,0,0,0,0
2006-11-15,0,0,0,0,0,0,0,0,0,0
2006-11-16,0,0,0,0,0,0,0,0,0,0
2006-11-17,0,0,0,0,0,0,0,0,0,0
2006-11-18,0,0,0,0,0,0,0,0,0,0
2006-11-19,0,0,0,0,0,0,0,0,0,0
2006-11-20,0,0,0,0,0,0,0,0,0,0
2006-11-21,0,0,0,0,0,0,0,0,0,0
2006-11-22,0,0,0,0,0,0,0,0,0,0
2006-11-23,0,0,0,0,0,0,0,0,0,0
2006-11-24,0,0,0,0,0,0,0,0,0,0
2006-11-25,0,0,0,0,0,0,0,0,0,0
2006-11-26,0,0,0,0,0,0,0,0,0,0
2006-11-27,0,0,0,0,0,0,0,0,0,0
2006-11-28,0,0,0,0,0,0,0,0,0,0
2006-11-29,0,0,0,0,0,0,0,0,0,0
2006-11-30,0,0,0,0,0,0,0,0,0,0
2006-12-01,0,0,0,0,0,0,0,0,0,0
2006-12-02,0,0,0,0,0,0,0,0,0,0
2006-12-03,0,0,0,0,0,0,0,0,0,0
2006-12-04,0,0,0,0,0,0,0,0,0,0
2006-12-05,0,0,0,0,0,0,0,0,0,0
2006-12-06,0,0,0,0,0,0,0,0,0,0
2006-12-07,0,0,0,0,0,0,0,0,0,0
2006-12-08,0,0,0,0,0,0,0,0,0,0
2006-12-09,0,0,0,0,0,0,0,0,0,0
2006-12-10,0,0,0,0,0,0,0,0,0,0
2006-12-11,0,0,0,0,0,0,0,0,0,0
2006-12-12,0,0,0,0,0,0,0,0,0,0
2006-12-13,0,0,0,0,0,0,0,0,0,0
2006-12-14,1,0,0,0,0,3,0,0,0,1
2006-12-15,0,0,0,0,0,0,0,0,0,0
2006-12-16,0,0,0,0,0,0,0,0,0,0
2006-12-17,0,0,0,0,0,0,0,0,0,0
2006-12-18,0,0,0,0,0,0,0,0,0,0
2006-12-19,0,0,0,0,0,0,0,0,0,0
2006-12-20,0,0,0,0,0,0,0,0,0,0
2006-12-21,0,0,0,0,0,0,0,0,0,0
2006-12-22,0,0,0,0,0,0,0,0,0,0
2006-12-23,0,0,0,0,0,0,0,0,0,0
2006-12-24,0,0,0,0,0,0,0,0,0,0
2006-12-25,0,0,0,0,0,0,0,0,0,0
2006-12-26,0,0,0,0,0,0,0,0,0,0
2006-12-27,0,0,0,0,0,0,0,0,0,0
2006-12-28,0,0,0,0,0,0,0,0,0,0
2006-12-29,0,0,0,0,0,0,0,0,0,0
2006-12-30,0,0,0,0,0,0,0,0,0,0
2006-12-31,0,0,0,0,0,0,0,0,0,0
2007-01-01,0,0,0,0,0,0,0,0,0,0
2007-01-02,0,0,0,0,0,0,0,0,0,0
2007-01-03,0,0,0,0,0,0,0,0,0,0
2007-01-04,0,0,0,0,0,0,0,0,0,0
2007-01-05,0,0,0,0,0,0,0,0,0,0
2007-01-06,0,0,0,0,0,0,0,0,0,0
2007-01-07,0,0,0,0,0,0,0,0,0,0
2007-01-08,0,0,0,0,0,0,0,0,0,0
2007-01-09,0,0,0,0,0,0,0,0,0,0
2007-01-10,0,0,0,0,0,0,0,0,0,0
2007-01-11,0,0,0,0,0,0,0,0,0,0
2007-01-12,0,0,0,0,0,0,0,0,0,0
2007-01-13,0,0,0,0,0,0,0,0,0,0
2007-01-14,0,0,0,0,0,0,0,0,0,0
2007-01-15,0,0,0,0,0,0,0,0,0,0
2007-01-16,0,0,0,0,0,0,0,0,0,0
2007-01-17,0,0,0,0,0,0,0,0,0,0
2007-01-18,0,0,0,0,0,0,0,0,0,0
2007-01-19,0,0,0,0,0,0,0,0,0,0
2007-01-20,0,0,0,0,0,0,0,0,0,0
2007-01-21,0,0,0,0,0,0,0,0,0,0
2007-01-22,0,0,0,0,0,0,0,0,0,0
2007-01-23,0,0,0,0,0,0,0,0,0,0
2007-01-24,0,0,0,0,0,0,0,0,0,0
2007-01-25,0,0,0,0,0,0,0,0,0,0
2007-01-26,0,0,0,0,0,0,0,0,0,0
2007-01-27,0,0,0,0,0,0,0,0,0,0
2007-01-28,0,0,0,0,0,0,0,0,0,0
2007-01-29,0,0,0,0,0,0,0,0,0,0
2007-01-30,0,0,0,0,0,0,0,0,0,0
2007-01-31,0,0,0,0,0,0,0,0,0,0
2007-02-01,0,0,0,0,0,0,0,0,0,0
2007-02-02,0,0,0,0,0,0,0,0,0,0
2007-02-03,0,0,0,0,0,0,0,0,0,0
2007-02-04,0,0,0,0,0,0,0,0,0,0
2007-02-05,0,0,0,0,0,0,0,0,0,0
2007-02-06,0,0,0,0,0,0,0,0,0,0
2007-02-07,0,0,0,0,0,0,0,0,0,0
2007-02-08,0,0,0,0,0,0,0,0,0,0
2007-02-09,0,0,0,0,0,0,0,0,0,0
2007-02-10,0,0,0,0,0,0,0,0,0,0
2007-02-11,0,0,0,0,0,0,0,0,0,0
2007-02-12,0,0,0,0,0,0,0,0,0,0
2007-02-13,0,0,0,0,0,0,0,0,0,0
2007-02-14,0,0,0,0,0,0,0,0,0,0
2007-02-15,0,0,0,0,0,0,0,0,0,0
2007-02-16,0,0,0,0,0,0,0,0,0,0
2007-02-17,0,0,0,0,0,0,0,0,0,0
2007-02-18,0,0,0,0,0,0,0,0,0,0
2007-02-19,59,5,0,0,0,682,45,9,0,23
2007-02-20,44,44,0,0,0,400,64,19,0,52
2007-02-21,87,121,0,0,0,755,1677,18,0,83
2007-02-22,48,102,0,0,0,321,107,0,0,67
2007-02-23,81,137,0,0,0,501,103,9,0,68
2007-02-24,54,98,0,0,0,210,55,4,0,52
2007-02-25,48,108,0,0,0,232,107,1,0,48
2007-02-26,50,153,0,0,0,305,122,4,0,70
2007-02-27,38,105,0,0,0,244,104,3,0,60
2007-02-28,55,112,0,0,0,304,138,0,0,59
2007-03-01,57,107,0,0,0,336,76,0,0,61
2007-03-02,50,78,0,0,0,195,78,0,0,49
2007-03-03,65,101,0,0,0,233,106,1,0,37
2007-03-04,46,120,0,0,0,180,84,12,0,57
2007-03-05,78,135,0,0,0,288,164,2,1,68
2007-03-06,65,118,0,0,0,260,90,1,0,64
2007-03-07,49,99,0,0,0,184,92,3,0,58
2007-03-08,82,159,0,0,0,367,194,2,0,68
2007-03-09,64,256,0,0,0,360,241,1,0,75
2007-03-10,29,110,0,0,0,128,82,1,0,50
2007-03-11,37,143,0,0,0,183,122,8,0,58
2007-03-12,53,95,0,0,0,240,105,2,0,50
2007-03-13,55,162,0,0,0,301,181,2,0,73
2007-03-14,63,177,0,0,0,278,158,0,0,84
2007-03-15,66,166,0,0,0,319,152,2,0,77
2007-03-16,65,102,0,0,0,256,110,4,0,67
2007-03-17,43,92,0,0,0,190,64,1,0,52
2007-03-18,47,52,0,0,0,151,60,0,0,45
2007-03-19,69,115,0,0,0,383,132,4,0,72
2007-03-20,46,130,0,0,0,187,124,6,0,67
2007-03-21,77,205,0,0,0,295,215,9,0,69
2007-03-22,64,217,0,0,0,240,198,5,1,83
2007-03-23,53,152,0,0,0,189,115,4,0,69
2007-03-24,29,48,0,0,0,85,35,6,0,42
2007-03-25,26,77,0,0,0,161,113,3,0,59
2007-03-26,60,216,0,0,0,246,222,5,0,94
2007-03-27,69,183,0,0,0,348,291,5,0,92
2007-03-28,81,305,0,0,0,393,269,2,0,126
2007-03-29,72,255,0,0,0,263,202,3,0,114
2007-03-30,75,208,0,0,0,324,199,9,0,97
2007-03-31,49,138,0,0,0,226,124,4,0,77
2007-04-01,38,124,0,0,0,126,111,3,0,63
2007-04-02,88,201,0,0,0,318,210,5,0,104
2007-04-03,81,194,0,0,0,248,174,3,0,105
2007-04-04,92,238,0,0,0,370,305,8,0,123
2007-04-05,67,414,0,0,0,343,359,13,0,140
2007-04-06,68,250,0,0,0,282,645,5,0,101
2007-04-07,53,410,0,0,0,239,222,14,0,204
2007-04-08,46,287,0,0,0,202,198,3,0,146
2007-04-09,72,382,0,0,0,343,327,9,0,179
2007-04-10,105,487,0,0,0,487,447,10,0,182
2007-04-11,77,411,0,0,0,328,352,9,0,175
2007-04-12,73,226,0,0,0,321,220,5,0,128
2007-04-13,78,290,0,0,0,331,295,9,0,144
2007-04-14,58,159,0,0,0,249,111,4,0,99
2007-04-15,30,146,0,0,0,155,139,1,0,79
2007-04-16,72,224,0,0,0,353,221,11,0,97
2007-04-17,93,331,0,0,0,362,376,8,0,126
2007-04-18,86,397,0,0,0,288,374,10,0,133
2007-04-19,89,402,0,0,0,381,397,14,0,143
2007-04-20,87,314,0,0,0,427,270,17,0,132
2007-04-21,94,207,0,0,0,281,148,39,0,85
2007-04-22,47,226,0,0,0,247,252,12,1,93
2007-04-23,73,259,0,0,0,359,236,7,0,118
2007-04-24,79,239,0,0,0,360,221,3,0,118
2007-04-25,92,284,0,0,0,446,247,8,0,129
2007-04-26,73,302,0,0,0,269,277,31,1,128
2007-04-27,88,263,0,0,0,329,214,12,0,135
2007-04-28,42,162,0,0,0,224,166,4,0,89
2007-04-29,67,105,0,0,0,314,128,4,0,83
2007-04-30,80,213,0,0,0,317,165,10,0,107
2007-05-01,78,193,0,0,0,450,180,2,0,102
2007-05-02,96,245,0,0,0,334,224,24,0,117
2007-05-03,103,183,0,0,0,364,202,6,0,106
2007-05-04,89,365,0,0,0,312,330,41,0,152
2007-05-05,67,192,0,0,0,200,127,13,0,96
2007-05-06,56,119,0,0,0,265,145,11,0,75
2007-05-07,83,228,0,0,0,341,243,17,0,101
2007-05-08,94,182,0,0,0,343,115,7,0,99
2007-05-09,97,181,0,0,0,317,162,28,0,109
2007-05-10,89,212,0,0,0,320,235,6,0,121
2007-05-11,68,223,0,0,0,229,218,11,0,112
2007-05-12,52,123,0,0,0,176,100,6,0,80
2007-05-13,38,110,0,0,0,143,94,7,0,77
2007-05-14,88,167,0,0,0,281,212,6,0,105
2007-05-15,85,228,0,0,0,304,210,13,0,114
2007-05-16,56,194,0,0,0,183,116,4,0,107
2007-05-17,64,222,0,0,0,241,200,14,0,111
2007-05-18,65,189,0,0,0,253,187,8,0,115
2007-05-19,31,101,0,0,0,106,103,13,0,57
2007-05-20,52,122,0,0,0,146,105,11,0,73
2007-05-21,71,183,0,0,0,199,158,3,0,111
2007-05-22,71,154,0,0,0,256,151,2,0,94
2007-05-23,56,166,0,0,0,240,181,2,0,96
2007-05-24,65,228,0,0,0,252,198,9,0,104
2007-05-25,73,171,0,0,0,264,112,61,0,92
2007-05-26,34,121,0,0,0,111,59,32,0,71
2007-05-27,39,80,0,0,0,135,57,24,0,55
2007-05-28,31,83,0,0,0,130,80,4,0,57
2007-05-29,56,137,0,0,0,209,169,7,0,92
2007-05-30,63,174,0,0,0,241,152,4,0,102
2007-05-31,60,170,0,0,0,228,163,2,0,104
2007-06-01,51,153,0,0,0,199,150,4,0,87
2007-06-02,20,59,0,0,0,83,23,2,0,54
2007-06-03,54,72,0,0,0,219,94,2,0,54
2007-06-04,43,137,0,0,0,280,114,6,0,82
2007-06-05,67,103,0,0,0,276,113,11,0,81
2007-06-06,59,112,0,0,0,204,81,3,0,90
2007-06-07,52,73,0,0,0,205,88,7,0,69
2007-06-08,40,108,0,0,0,197,100,1,0,69
2007-06-09,50,71,0,0,0,146,61,3,0,48
2007-06-10,34,48,0,0,0,108,47,3,0,44
2007-06-11,56,132,5,0,0,255,171,1,1,97
2007-06-12,64,214,2,0,0,535,221,6,1,112
2007-06-13,73,217,0,0,0,327,189,4,0,128
2007-06-14,64,232,0,0,0,241,198,5,11,118
2007-06-15,62,168,0,0,0,230,175,2,12,95
2007-06-16,33,106,0,0,0,100,69,5,3,65
2007-06-17,38,112,0,0,0,131,117,4,7,64
2007-06-18,56,214,0,0,0,272,185,2,4,101
2007-06-19,70,264,0,0,0,381,333,2,7,111
2007-06-20,84,251,0,0,0,280,207,3,9,125
2007-06-21,51,194,0,0,0,256,151,3,10,112
2007-06-22,56,209,0,0,0,222,184,5,7,85
2007-06-23,20,111,0,0,0,96,68,2,3,66
2007-06-24,31,74,0,0,0,146,64,3,3,53
2007-06-25,51,153,0,0,0,374,184,2,8,84
2007-06-26,62,260,0,0,0,369,291,3,8,115
2007-06-27,70,207,0,0,0,330,156,9,5,128
2007-06-28,65,195,0,0,0,250,162,4,5,98
2007-06-29,40,139,0,0,0,158,112,4,2,89
2007-06-30,21,104,0,0,0,96,122,1,2,57
2007-07-01,30,111,0,0,0,179,92,7,4,72
2007-07-02,42,170,0,0,0,270,226,2,5,102
2007-07-03,54,177,0,0,0,219,103,26,6,97
2007-07-04,42,81,0,0,0,147,43,3,2,57
2007-07-05,54,114,0,0,0,223,99,5,2,83
2007-07-06,55,140,0,0,0,275,90,1,12,90
2007-07-07,32,106,0,0,0,133,90,4,7,59
2007-07-08,35,110,0,0,0,171,103,0,5,74
2007-07-09,54,157,0,0,0,331,150,1,7,97
2007-07-10,62,137,1,0,0,327,131,1,5,95
2007-07-11,63,129,0,0,0,215,108,1,5,97
2007-07-12,52,125,0,0,0,211,159,0,2,81
2007-07-13,62,143,0,0,0,245,109,7,9,93
2007-07-14,34,92,0,0,0,147,85,4,4,64
2007-07-15,27,80,0,0,0,130,74,1,2,67
2007-07-16,61,199,0,0,0,282,244,1,3,111
2007-07-17,65,203,0,0,0,299,154,1,8,107
2007-07-18,74,151,0,0,0,382,275,3,6,103
2007-07-19,86,226,1,0,0,306,148,1,7,112
2007-07-20,66,236,0,0,0,349,202,1,7,119
2007-07-21,37,121,1,0,0,174,87,1,3,74
2007-07-22,33,53,0,0,0,189,93,1,5,55
2007-07-23,71,168,0,0,0,302,158,3,3,111
2007-07-24,67,198,1,0,0,275,161,1,5,117
2007-07-25,79,178,0,0,0,349,194,3,9,118
2007-07-26,80,163,0,0,0,270,147,0,10,116
2007-07-27,70,147,0,0,0,265,135,2,2,102
2007-07-28,30,120,0,0,0,153,126,4,4,73
2007-07-29,49,112,0,0,0,196,126,17,2,86
2007-07-30,96,192,0,0,0,281,137,6,7,133
2007-07-31,86,319,0,0,0,423,378,2,3,161
2007-08-01,86,239,0,0,0,415,229,8,9,128
2007-08-02,91,239,0,0,0,314,195,4,8,129
2007-08-03,87,227,0,0,0,433,200,4,3,139
2007-08-04,72,170,0,0,0,291,189,5,7,86
2007-08-05,40,179,0,0,0,193,125,3,11,96
2007-08-06,93,200,0,0,0,337,181,2,9,117
2007-08-07,77,283,0,0,0,403,354,1,10,131
2007-08-08,116,276,0,0,0,438,245,5,6,153
2007-08-09,96,293,0,0,0,368,246,5,10,149
2007-08-10,79,231,0,0,0,309,176,19,11,132
2007-08-11,39,150,0,0,0,177,96,34,7,82
2007-08-12,49,135,0,0,0,213,223,3,5,94
2007-08-13,66,285,0,0,0,278,214,7,7,153
2007-08-14,106,273,0,0,0,767,277,3,8,158
2007-08-15,116,238,0,0,0,658,209,2,10,153
2007-08-16,90,338,0,0,0,611,390,2,15,170
2007-08-17,91,309,0,0,0,578,264,3,16,147
2007-08-18,48,213,0,0,0,289,142,3,13,113
2007-08-19,53,189,0,0,0,343,182,1,8,107
2007-08-20,109,255,0,0,0,513,257,1,3,151
2007-08-21,101,391,1,0,0,505,356,2,7,174
2007-08-22,107,285,0,0,0,577,312,3,14,154
2007-08-23,92,404,0,0,0,728,507,1,25,173
2007-08-24,114,408,0,0,0,516,331,5,11,202
2007-08-25,55,157,0,0,0,286,83,2,4,96
2007-08-26,43,129,0,0,0,241,105,4,6,87
2007-08-27,103,292,0,0,0,527,284,5,9,144
2007-08-28,112,335,0,0,0,576,384,3,9,167
2007-08-29,86,278,0,0,0,455,271,2,13,150
2007-08-30,112,369,0,0,0,701,367,3,13,181
2007-08-31,113,427,1,0,0,482,435,3,26,192
2007-09-01,52,204,1,0,0,226,103,2,9,118
2007-09-02,49,206,0,0,0,313,216,3,8,131
2007-09-03,72,178,0,0,0,462,171,8,4,134
2007-09-04,104,335,0,0,0,583,304,4,8,179
2007-09-05,135,383,0,0,0,726,477,4,14,184
2007-09-06,113,481,0,0,0,689,380,2,19,219
2007-09-07,99,499,0,0,0,529,460,5,9,207
2007-09-08,64,304,0,0,0,314,284,13,12,128
2007-09-09,69,198,0,0,0,490,211,11,4,126
2007-09-10,97,333,0,0,0,514,355,6,8,170
2007-09-11,136,455,0,0,0,616,398,37,17,227
2007-09-12,112,337,0,0,0,567,296,9,11,175
2007-09-13,101,275,0,0,0,412,194,3,13,147
2007-09-14,88,229,0,0,0,518,270,4,3,152
2007-09-15,53,260,0,0,0,334,329,3,9,133
2007-09-16,46,318,0,0,0,311,275,2,5,161
2007-09-17,104,415,0,0,0,618,336,5,17,206
2007-09-18,118,498,0,0,0,686,527,7,17,216
2007-09-19,96,454,0,0,0,619,478,3,9,210
2007-09-20,85,482,0,0,0,615,498,2,20,232
2007-09-21,73,424,0,0,0,543,441,6,17,210
2007-09-22,53,177,0,0,0,292,107,3,6,120
2007-09-23,53,174,0,0,0,430,194,11,11,119
2007-09-24,122,413,1,0,0,619,373,2,12,195
2007-09-25,89,350,0,0,0,560,324,3,10,178
2007-09-26,102,342,0,0,0,519,303,3,13,173
2007-09-27,82,246,1,0,0,442,337,0,10,141
2007-09-28,102,394,1,0,0,529,323,1,17,207
2007-09-29,60,208,0,0,0,440,199,1,7,125
2007-09-30,43,223,0,0,0,333,179,1,2,123
2007-10-01,99,310,0,0,0,786,370,2,8,178
2007-10-02,94,422,0,0,0,444,365,0,13,216
2007-10-03,115,377,0,0,0,668,366,0,8,192
2007-10-04,99,349,0,0,0,545,384,2,11,185
2007-10-05,98,452,0,0,0,577,453,0,10,267
2007-10-06,83,356,0,0,0,373,331,1,10,174
2007-10-07,66,212,0,0,0,336,162,2,7,137
2007-10-08,90,388,0,0,0,489,373,1,14,199
2007-10-09,95,422,0,0,0,565,406,1,12,216
2007-10-10,117,406,0,0,0,643,441,1,13,223
2007-10-11,95,448,0,0,0,512,400,2,17,227
2007-10-12,93,366,0,0,0,669,354,5,20,223
2007-10-13,63,367,0,0,0,345,332,1,42,161
2007-10-14,67,224,0,0,0,387,232,4,2,143
2007-10-15,107,396,0,0,0,651,358,0,11,209
2007-10-16,147,372,0,0,0,730,386,4,10,213
2007-10-17,131,420,0,0,0,711,398,10,18,225
2007-10-18,139,515,0,0,0,628,429,6,12,237
2007-10-19,126,421,3,0,0,598,410,2,22,199
2007-10-20,60,139,0,0,0,293,150,3,3,109
2007-10-21,48,173,0,0,0,234,144,1,6,111
2007-10-22,95,238,1,0,0,568,259,1,7,158
2007-10-23,110,437,1,0,0,490,303,3,17,188
2007-10-24,110,282,0,0,0,662,360,1,6,172
2007-10-25,100,365,0,0,0,483,321,0,10,191
2007-10-26,81,223,0,0,0,417,144,0,11,162
2007-10-27,61,195,0,0,0,336,281,4,10,123
2007-10-28,55,215,0,0,0,208,154,7,8,137
2007-10-29,91,363,0,0,0,538,363,7,16,186
2007-10-30,93,316,0,0,0,446,255,1,13,190
2007-10-31,88,365,1,0,0,531,368,6,11,214
2007-11-01,120,274,0,0,0,637,301,4,4,180
2007-11-02,103,273,0,0,0,556,292,12,12,173
2007-11-03,39,195,0,0,0,290,167,0,6,117
2007-11-04,49,211,0,0,0,307,183,2,6,118
2007-11-05,91,193,0,0,0,381,142,2,7,149
2007-11-06,125,268,0,0,0,545,309,0,10,173
2007-11-07,126,281,0,0,0,540,243,4,10,174
2007-11-08,100,377,0,0,0,777,361,2,16,177
2007-11-09,85,234,0,0,0,370,195,1,4,155
2007-11-10,70,179,0,0,0,398,207,3,8,113
2007-11-11,52,192,0,0,0,332,180,2,7,124
2007-11-12,103,281,2,0,0,539,235,7,7,165
2007-11-13,133,530,0,0,0,669,611,5,11,277
2007-11-14,79,231,1,0,0,532,195,0,4,174
2007-11-15,91,433,0,0,0,507,431,5,18,226
2007-11-16,100,309,0,0,0,567,244,2,8,185
2007-11-17,53,155,0,0,0,301,144,1,4,118
2007-11-18,69,228,0,0,0,363,235,1,11,137
2007-11-19,90,288,0,0,0,417,338,2,11,173
2007-11-20,83,415,0,0,0,519,417,0,14,214
2007-11-21,79,304,0,0,0,296,188,4,7,191
2007-11-22,63,166,0,0,0,350,160,3,3,113
2007-11-23,59,185,0,0,0,278,202,0,7,107
2007-11-24,44,122,0,0,0,237,97,2,8,98
2007-11-25,39,118,0,0,0,277,98,1,2,83
2007-11-26,85,258,1,0,0,575,273,2,7,149
2007-11-27,106,193,0,0,0,556,209,0,5,152
2007-11-28,88,298,1,0,0,552,314,1,13,195
2007-11-29,87,268,0,0,0,493,296,3,2,189
2007-11-30,86,232,0,0,0,430,141,3,4,167
2007-12-01,41,118,0,0,0,268,90,0,4,89
2007-12-02,44,104,0,0,0,279,99,1,0,84
2007-12-03,113,169,0,0,0,718,251,3,12,120
2007-12-04,93,324,0,0,0,562,287,1,4,191
2007-12-05,91,186,0,0,0,527,180,2,13,149
2007-12-06,98,305,0,0,0,471,274,1,15,175
2007-12-07,88,231,0,0,0,485,229,0,7,178
2007-12-08,57,115,0,0,0,350,108,1,6,108
2007-12-09,51,124,0,0,0,388,170,6,8,104
2007-12-10,93,385,1,0,0,530,394,13,15,204
2007-12-11,109,323,0,0,0,556,286,1,12,200
2007-12-12,144,318,0,0,0,651,313,5,18,190
2007-12-13,96,335,1,0,0,570,284,0,4,194
2007-12-14,102,280,0,0,0,738,292,3,8,183
2007-12-15,63,170,0,0,0,292,118,1,9,121
2007-12-16,52,152,0,0,0,384,128,2,4,102
2007-12-17,101,204,1,0,0,517,253,5,9,133
2007-12-18,110,335,0,0,0,619,306,5,10,183
2007-12-19,91,280,0,0,0,610,301,2,8,175
2007-12-20,69,215,0,0,0,503,180,1,6,146
2007-12-21,62,173,0,0,0,346,125,0,5,122
2007-12-22,73,177,0,0,0,435,204,1,4,125
2007-12-23,43,142,0,0,0,207,91,1,5,98
2007-12-24,67,152,0,0,0,417,170,1,4,104
2007-12-25,39,97,0,0,0,248,84,1,6,72
2007-12-26,63,109,0,0,0,311,171,0,4,92
2007-12-27,81,187,0,0,0,321,102,1,9,108
2007-12-28,76,179,0,0,0,418,224,3,10,130
2007-12-29,46,143,0,0,0,219,119,1,3,97
2007-12-30,47,159,0,0,0,313,200,2,4,103
2007-12-31,48,201,0,0,0,344,181,3,14,135
2008-01-01,58,133,0,0,0,335,45,4,7,94
2008-01-02,70,128,0,0,0,414,117,5,6,108
2008-01-03,100,154,0,0,0,592,175,2,7,127
2008-01-04,74,237,0,0,0,476,238,2,8,154
2008-01-05,63,143,0,0,0,357,116,0,7,95
2008-01-06,63,176,0,0,0,388,189,2,8,115
2008-01-07,99,218,1,0,0,623,206,5,7,150
2008-01-08,84,290,0,0,0,539,301,0,10,172
2008-01-09,88,315,0,0,0,547,317,1,7,195
2008-01-10,108,262,0,0,0,551,236,3,12,186
2008-01-11,98,257,0,0,0,557,243,4,7,155
2008-01-12,78,244,0,0,0,404,252,2,8,140
2008-01-13,70,255,0,0,0,406,195,0,10,132
2008-01-14,111,287,1,0,0,644,401,6,8,202
2008-01-15,144,408,0,0,0,710,357,1,16,220
2008-01-16,120,450,0,0,0,595,358,2,19,248
2008-01-17,149,361,0,0,0,840,364,6,11,204
2008-01-18,161,391,0,0,0,766,429,0,9,222
2008-01-19,90,357,0,0,0,505,290,4,20,191
2008-01-20,86,226,0,0,0,499,259,0,8,160
2008-01-21,128,389,0,0,0,624,440,2,10,211
2008-01-22,147,464,0,0,0,786,418,2,14,236
2008-01-23,173,474,1,0,0,730,450,0,17,213
2008-01-24,172,509,0,0,0,904,499,3,16,255
2008-01-25,132,423,0,0,0,913,382,3,15,246
2008-01-26,84,293,0,0,0,555,300,0,14,173
2008-01-27,69,337,0,0,0,473,416,2,6,183
2008-01-28,153,515,1,0,0,826,392,1,17,236
2008-01-29,186,474,0,0,0,1000,554,8,15,269
2008-01-30,158,472,0,0,0,881,362,2,27,279
2008-01-31,132,298,0,0,0,661,215,1,10,184
2008-02-01,175,338,0,0,0,803,347,13,8,212
2008-02-02,96,294,0,0,0,581,313,1,4,164
2008-02-03,83,255,0,0,0,595,288,0,6,165
2008-02-04,127,426,0,0,0,568,414,2,9,231
2008-02-05,161,436,0,0,0,953,403,4,12,241
2008-02-06,134,410,0,0,0,753,427,5,9,233
2008-02-07,178,861,1,0,0,1010,1001,2,19,377
2008-02-08,218,597,0,0,0,830,424,3,19,344
2008-02-09,84,320,0,0,0,511,247,3,13,180
2008-02-10,77,220,0,0,0,476,266,6,6,149
2008-02-11,149,417,0,0,0,897,387,6,10,253
2008-02-12,156,611,0,0,0,838,610,9,15,284
2008-02-13,181,709,0,0,0,1017,741,7,14,345
2008-02-14,173,633,0,0,0,734,497,36,15,297
2008-02-15,139,449,0,0,0,780,394,4,16,250
2008-02-16,91,361,0,0,0,792,621,3,10,194
2008-02-17,98,515,0,0,0,666,351,8,13,272
2008-02-18,149,532,0,0,0,792,504,5,17,264
2008-02-19,206,590,0,0,0,1020,533,4,23,324
2008-02-20,203,599,0,0,0,1132,599,6,21,324
2008-02-21,179,574,0,0,0,891,628,5,15,287
2008-02-22,182,639,1,0,0,1207,571,5,20,300
2008-02-23,139,431,0,0,0,705,399,5,13,233
2008-02-24,120,384,0,0,0,719,367,8,12,205
2008-02-25,148,534,0,0,0,1042,549,7,23,268
2008-02-26,190,658,2,0,0,1128,701,9,24,308
2008-02-27,180,600,1,0,0,841,468,6,23,314
2008-02-28,161,512,1,0,0,993,491,3,14,281
2008-02-29,146,501,0,0,0,942,459,8,24,289
2008-03-01,105,393,0,9,41,514,282,3,22,214
2008-03-02,96,552,1,5,36,652,448,3,29,253
2008-03-03,161,593,0,2,12,1006,558,17,15,308
2008-03-04,158,697,0,3,14,1262,666,0,19,336
2008-03-05,163,633,0,4,13,1102,471,12,16,353
2008-03-06,149,662,2,0,0,1066,590,16,16,329
2008-03-07,168,522,0,1,4,1067,565,3,17,291
2008-03-08,97,488,0,0,0,694,428,16,14,271
2008-03-09,111,460,0,1,11,765,413,9,12,245
2008-03-10,156,623,0,1,7,1368,667,6,19,317
2008-03-11,272,874,0,0,0,1760,783,15,36,455
2008-03-12,209,650,0,0,0,1399,617,15,20,395
2008-03-13,215,569,0,0,0,1153,578,5,8,359
2008-03-14,203,662,0,0,0,1107,554,8,67,340
2008-03-15,118,419,0,0,0,691,441,6,10,242
2008-03-16,112,610,0,0,0,726,604,7,17,338
2008-03-17,184,674,0,0,0,1387,702,15,19,377
2008-03-18,207,768,0,0,0,1449,629,52,23,391
2008-03-19,214,696,0,0,0,1443,623,6,20,381
2008-03-20,206,570,0,0,0,1265,694,14,16,310
2008-03-21,207,662,0,0,0,1142,676,13,22,365
2008-03-22,121,596,0,0,0,793,487,6,23,311
2008-03-23,115,403,0,0,0,799,354,6,18,242
2008-03-24,192,818,0,0,0,1326,816,6,35,404
2008-03-25,242,886,0,0,0,1585,842,26,30,427
2008-03-26,259,840,0,0,0,1554,693,15,25,443
2008-03-27,213,570,0,0,0,1281,551,17,14,335
2008-03-28,187,583,0,1,2,922,560,6,11,346
2008-03-29,152,614,0,0,0,982,714,7,23,327
2008-03-30,138,625,0,0,0,774,467,34,18,307
2008-03-31,228,774,0,0,0,1320,783,35,22,430
2008-04-01,224,878,0,0,0,1256,769,22,35,449
2008-04-02,219,611,0,0,0,1137,565,20,17,382
2008-04-03,198,742,0,0,0,1186,711,11,24,401
2008-04-04,229,715,0,0,0,1230,663,11,22,386
2008-04-05,93,417,0,0,0,715,433,9,14,259
2008-04-06,136,461,0,0,0,839,462,11,22,277
2008-04-07,200,577,0,1,4,1220,531,14,15,356
2008-04-08,220,853,1,0,0,1503,822,11,31,417
2008-04-09,226,730,0,1,3,1341,675,11,15,393
2008-04-10,207,913,0,0,0,1380,1024,8,31,432
2008-04-11,199,804,0,1,2,1117,577,15,23,403
2008-04-12,119,494,0,0,0,684,410,9,15,307
2008-04-13,111,447,0,0,0,769,397,6,15,280
2008-04-14,204,725,0,2,8,1499,796,5,36,389
2008-04-15,228,834,0,1,5,1339,761,10,38,448
2008-04-16,215,888,0,2,4,1266,702,7,36,450
2008-04-17,232,787,0,1,4,1450,696,18,32,422
2008-04-18,192,735,0,1,2,1150,715,20,27,436
2008-04-19,94,364,0,0,0,494,307,4,20,233
2008-04-20,110,567,0,1,11,1097,706,5,29,306
2008-04-21,223,975,0,0,0,1390,803,17,32,415
2008-04-22,244,780,0,1,10,1599,726,12,19,389
2008-04-23,211,690,0,0,0,1127,619,17,19,377
2008-04-24,274,712,1,1,5,1514,766,23,30,453
2008-04-25,235,781,0,0,0,1302,648,13,35,377
2008-04-26,108,397,0,0,0,723,377,9,9,250
2008-04-27,134,457,0,0,0,679,455,8,21,270
2008-04-28,179,796,0,1,7,1319,825,14,15,422
2008-04-29,202,807,0,0,0,1255,691,14,22,394
2008-04-30,203,579,1,0,0,1247,557,9,33,347
2008-05-01,238,939,1,1,3,1306,903,11,40,410
2008-05-02,222,694,0,0,0,1087,585,29,27,390
2008-05-03,118,369,0,0,0,535,302,15,8,234
2008-05-04,114,434,0,1,4,731,455,13,13,272
2008-05-05,201,753,0,0,0,1302,730,8,32,451
2008-05-06,205,753,1,0,0,1441,774,5,35,430
2008-05-07,228,812,0,0,0,1260,819,16,21,427
2008-05-08,190,880,0,0,0,1388,799,6,24,447
2008-05-09,201,758,0,0,0,1347,782,4,22,393
2008-05-10,104,428,0,0,0,647,341,11,13,270
2008-05-11,103,441,0,0,0,578,358,10,5,281
2008-05-12,261,782,0,0,0,1582,828,21,33,442
2008-05-13,238,738,0,0,0,1266,778,42,18,451
2008-05-14,253,719,0,1,4,1321,641,25,21,432
2008-05-15,254,839,0,0,0,1497,916,23,32,446
2008-05-16,246,875,1,0,0,1100,638,94,23,482
2008-05-17,131,565,0,0,0,697,623,30,18,317
2008-05-18,135,547,0,0,0,674,482,35,13,316
2008-05-19,209,642,0,0,0,1038,523,19,18,367
2008-05-20,231,647,0,1,4,1582,774,16,21,393
2008-05-21,216,967,0,3,22,1274,786,19,28,458
2008-05-22,220,770,0,0,0,1229,723,28,25,459
2008-05-23,203,617,1,1,4,968,467,21,23,389
2008-05-24,118,565,0,0,0,874,651,6,10,294
2008-05-25,128,497,0,0,0,868,424,15,10,295
2008-05-26,157,566,1,0,0,909,498,10,17,330
2008-05-27,218,825,1,0,0,1313,1067,6,22,407
2008-05-28,241,949,3,0,0,1410,794,10,23,515
2008-05-29,270,823,1,0,0,1446,842,7,15,484
2008-05-30,232,847,1,1,16,1066,565,16,39,468
2008-05-31,129,418,0,0,0,650,441,3,18,278
2008-06-01,151,625,0,0,0,957,577,15,22,329
2008-06-02,250,889,1,0,0,1267,890,20,27,479
2008-06-03,208,815,1,0,0,1214,721,14,16,456
2008-06-04,240,812,0,0,0,1567,830,23,28,491
2008-06-05,260,707,0,0,0,1412,600,15,28,426
2008-06-06,249,561,0,0,0,1231,548,9,21,379
2008-06-07,123,330,0,1,7,546,224,9,26,229
2008-06-08,113,485,0,0,0,719,466,10,22,298
2008-06-09,236,738,0,0,0,1265,723,23,24,434
2008-06-10,283,805,0,0,0,1507,737,59,39,441
2008-06-11,247,786,1,0,0,1301,663,9,35,415
2008-06-12,238,684,0,0,0,1464,770,13,18,433
2008-06-13,193,663,0,0,0,1090,481,11,31,366
2008-06-14,125,386,0,0,0,657,399,14,14,244
2008-06-15,102,393,0,0,0,693,355,0,17,247
2008-06-16,193,781,0,0,0,1076,781,20,20,435
2008-06-17,265,840,0,0,0,1653,787,26,38,481
2008-06-18,232,751,0,0,0,1248,597,25,27,429
2008-06-19,262,666,0,0,0,1472,607,49,37,421
2008-06-20,248,801,0,0,0,1384,754,36,36,420
2008-06-21,122,460,0,1,6,765,367,12,16,286
2008-06-22,109,462,0,0,0,632,420,10,16,294
2008-06-23,246,976,0,0,0,1748,975,29,33,525
2008-06-24,255,980,0,0,0,1336,802,28,45,490
2008-06-25,236,858,0,0,0,1684,881,35,33,456
2008-06-26,291,888,0,0,0,1725,850,24,42,470
2008-06-27,261,812,0,1,16,1362,720,35,35,418
2008-06-28,115,387,0,0,0,760,364,24,17,272
2008-06-29,126,577,0,0,0,892,524,6,18,299
2008-06-30,225,760,0,1,3,1350,701,37,31,429
2008-07-01,253,839,0,0,0,1628,854,30,19,471
2008-07-02,248,786,0,0,0,1306,637,39,27,442
2008-07-03,235,869,0,1,6,1406,829,32,29,445
2008-07-04,205,658,0,1,2,1145,579,35,25,351
2008-07-05,117,628,0,0,0,891,699,26,21,320
2008-07-06,162,551,0,1,5,936,339,53,15,322
2008-07-07,265,944,1,0,0,1754,883,38,36,473
2008-07-08,274,922,0,0,0,1688,907,30,30,454
2008-07-09,270,998,0,0,0,1641,943,42,48,529
2008-07-10,315,927,0,0,0,1562,730,46,34,496
2008-07-11,256,851,0,0,0,1580,773,47,31,466
2008-07-12,131,454,0,0,0,844,439,35,19,283
2008-07-13,159,485,0,0,0,1000,334,36,18,288
2008-07-14,288,555,1,0,0,1843,573,48,27,391
2008-07-15,266,673,0,0,0,1669,676,50,25,411
2008-07-16,235,659,0,0,0,1387,514,46,19,417
2008-07-17,273,913,0,0,0,1575,913,35,30,510
2008-07-18,215,861,0,0,0,1383,815,16,25,500
2008-07-19,119,527,0,0,0,1124,693,19,17,318
2008-07-20,131,653,0,0,0,924,540,32,34,357
2008-07-21,242,793,0,0,0,1368,632,38,26,497
2008-07-22,258,722,0,1,4,1592,698,47,20,456
2008-07-23,253,859,0,0,0,1526,679,54,40,487
2008-07-24,270,839,0,0,0,1664,902,40,28,515
2008-07-25,281,922,0,0,0,1598,710,59,46,521
2008-07-26,161,465,0,0,0,1087,423,26,18,293
2008-07-27,153,490,0,0,0,928,495,30,26,313
2008-07-28,274,1023,0,2,8,1654,969,36,40,531
2008-07-29,291,1170,0,0,0,1567,1059,46,43,566
2008-07-30,284,893,0,0,0,1785,876,49,41,508
2008-07-31,267,853,1,0,0,1398,628,54,32,513
2008-08-01,247,797,0,0,0,1739,817,40,18,451
2008-08-02,149,498,0,1,2,840,323,53,16,326
2008-08-03,132,398,0,0,0,929,386,24,18,275
2008-08-04,225,909,0,0,0,1516,943,42,21,459
2008-08-05,266,811,0,0,0,1652,772,32,29,473
2008-08-06,230,919,0,0,0,1255,832,32,27,484
2008-08-07,248,713,0,1,2,1301,665,43,29,456
2008-08-08,237,809,0,0,0,1430,758,67,31,473
2008-08-09,172,681,0,0,0,904,513,56,20,361
2008-08-10,142,469,0,0,0,863,386,39,23,291
2008-08-11,215,642,0,0,0,1205,488,28,26,421
2008-08-12,257,818,0,0,0,1599,803,34,36,486
2008-08-13,245,816,2,1,2,1624,777,36,29,462
2008-08-14,254,688,1,0,0,1577,631,43,23,418
2008-08-15,193,685,1,0,0,1202,641,28,28,395
2008-08-16,115,476,0,1,3,601,400,12,25,273
2008-08-17,110,542,0,1,3,772,540,20,18,293
2008-08-18,239,875,0,0,0,1435,677,44,26,465
2008-08-19,278,887,0,0,0,1662,932,54,34,528
2008-08-20,274,925,0,0,0,1813,844,50,42,492
2008-08-21,288,790,1,2,33,1778,588,52,39,500
2008-08-22,203,814,0,0,0,1309,800,37,33,467
2008-08-23,137,436,0,0,0,752,256,32,18,290
2008-08-24,144,454,1,0,0,898,476,24,23,289
2008-08-25,264,813,0,1,11,1457,675,51,31,495
2008-08-26,322,697,0,0,0,1659,512,76,27,457
2008-08-27,260,758,1,0,0,1502,806,45,29,454
2008-08-28,283,694,0,2,9,1312,549,51,21,439
2008-08-29,230,715,0,0,0,1156,644,59,24,462
2008-08-30,120,433,0,0,0,792,304,45,10,295
2008-08-31,104,362,0,0,0,734,337,19,14,251
2008-09-01,174,474,0,0,0,1338,448,41,19,330
2008-09-02,276,863,1,0,0,1641,798,67,33,533
2008-09-03,265,708,1,3,15,1655,624,39,33,461
2008-09-04,265,711,0,0,0,1518,649,84,18,456
2008-09-05,272,799,0,1,6,1488,696,73,28,499
2008-09-06,190,489,0,0,0,894,460,55,21,345
2008-09-07,146,567,0,0,0,920,557,45,20,325
2008-09-08,248,857,0,0,0,1374,651,52,24,509
2008-09-09,299,717,0,0,0,1715,686,87,21,493
2008-09-10,263,687,0,0,0,1237,541,67,28,445
2008-09-11,236,791,0,0,0,1573,862,36,18,481
2008-09-12,170,728,0,0,0,970,569,35,29,440
2008-09-13,135,527,1,0,0,864,438,30,12,329
2008-09-14,121,552,0,0,0,946,585,18,15,327
2008-09-15,246,835,0,0,0,1667,900,50,19,477
2008-09-16,266,966,0,0,0,1415,889,47,29,536
2008-09-17,256,997,0,0,0,1265,733,49,30,498
2008-09-18,284,741,0,0,0,1803,789,62,30,460
2008-09-19,238,605,0,0,0,1154,481,47,27,412
2008-09-20,158,392,0,0,0,909,244,47,13,286
2008-09-21,146,393,0,0,0,713,318,39,10,254
2008-09-22,312,807,0,0,0,1890,719,75,35,440
2008-09-23,278,909,2,0,0,1856,831,43,30,506
2008-09-24,274,990,1,0,0,1372,955,45,28,556
2008-09-25,262,1083,2,0,0,1660,922,47,38,592
2008-09-26,255,762,0,0,0,1340,695,56,17,479
2008-09-27,163,486,0,0,0,821,510,50,14,326
2008-09-28,125,540,0,0,0,977,432,26,13,327
2008-09-29,293,839,0,0,0,1708,864,56,21,485
2008-09-30,299,813,0,0,0,1630,645,52,27,498
2008-10-01,329,758,0,0,0,1743,599,63,29,489
2008-10-02,268,762,0,0,0,1808,777,45,33,496
2008-10-03,238,671,0,1,5,1426,572,44,23,438
2008-10-04,151,372,0,0,0,953,342,39,9,278
2008-10-05,145,588,0,0,0,737,435,28,13,311
2008-10-06,271,738,0,0,0,1589,677,52,23,451
2008-10-07,229,504,0,0,0,1212,468,47,16,387
2008-10-08,276,766,0,1,12,1581,719,49,17,477
2008-10-09,275,879,0,0,0,1786,731,46,28,486
2008-10-10,270,678,0,1,13,1582,584,68,18,453
2008-10-11,170,473,0,0,0,889,355,61,11,314
2008-10-12,116,442,0,0,0,1037,488,33,9,282
2008-10-13,283,868,0,1,9,1916,807,49,31,495
2008-10-14,278,773,0,0,0,1423,590,66,24,463
2008-10-15,280,857,0,0,0,1630,804,53,22,519
2008-10-16,301,869,0,0,0,1843,920,61,22,549
2008-10-17,274,738,0,0,0,1370,531,52,25,472
2008-10-18,162,462,0,0,0,1014,472,49,15,323
2008-10-19,122,500,0,0,0,757,415,21,24,303
2008-10-20,246,794,0,0,0,1639,655,62,32,464
2008-10-21,273,784,0,0,0,1522,770,39,22,485
2008-10-22,271,888,0,0,0,1590,770,36,27,557
2008-10-23,296,801,0,1,2,1685,781,45,29,532
2008-10-24,270,959,0,3,24,1493,875,42,27,566
2008-10-25,151,601,0,2,21,823,424,27,22,353
2008-10-26,131,606,0,0,0,970,524,22,18,345
2008-10-27,289,803,0,0,0,1991,858,40,26,491
2008-10-28,260,836,2,0,0,1285,623,54,31,493
2008-10-29,252,1005,0,1,6,1889,960,22,41,552
2008-10-30,269,916,0,1,4,1913,869,37,38,539
2008-10-31,249,791,0,1,2,1564,590,35,26,504
2008-11-01,137,407,0,0,0,942,428,38,13,300
2008-11-02,130,614,0,0,0,1137,617,16,20,352
2008-11-03,222,759,0,0,0,1655,711,31,19,453
2008-11-04,264,1040,1,0,0,1631,885,43,23,582
2008-11-05,247,900,0,0,0,1593,921,42,30,514
2008-11-06,246,843,0,0,0,1722,809,50,22,501
2008-11-07,245,733,0,0,0,1364,534,45,22,445
2008-11-08,157,514,0,0,0,848,449,24,11,310
2008-11-09,151,557,0,0,0,1223,687,22,20,349
2008-11-10,284,1047,0,0,0,1826,835,60,30,542
2008-11-11,283,908,0,0,0,1892,861,55,21,533
2008-11-12,283,1066,0,0,0,1775,917,33,46,549
2008-11-13,266,992,0,0,0,1593,942,39,31,546
2008-11-14,260,962,0,0,0,1738,932,46,28,507
2008-11-15,140,503,0,0,0,962,485,17,10,348
2008-11-16,105,699,0,0,0,762,562,20,20,375
2008-11-17,231,895,0,0,0,1789,1010,31,28,505
2008-11-18,285,1088,0,0,0,1723,950,29,34,577
2008-11-19,271,907,0,0,0,1820,944,31,22,536
2008-11-20,265,845,0,1,4,1666,633,36,25,536
2008-11-21,276,997,0,0,0,2007,922,45,41,562
2008-11-22,153,647,0,1,2,928,534,36,20,424
2008-11-23,146,777,0,1,2,1166,666,20,33,395
2008-11-24,275,1161,0,1,14,1783,1251,49,36,635
2008-11-25,297,1040,0,0,0,1860,838,40,35,590
2008-11-26,250,933,0,0,0,1748,841,33,33,545
2008-11-27,165,605,0,0,0,1165,460,25,14,399
2008-11-28,148,545,0,1,3,1037,619,31,18,389
2008-11-29,131,656,0,0,0,1177,547,19,20,396
2008-11-30,159,591,0,0,0,1006,463,28,21,363
2008-12-01,252,890,1,0,0,1695,953,51,36,541
2008-12-02,299,1096,1,0,0,1691,911,49,31,648
2008-12-03,291,975,0,0,0,1761,991,55,30,611
2008-12-04,277,1049,2,0,0,1800,917,47,32,597
2008-12-05,287,1020,0,0,0,1873,924,42,31,585
2008-12-06,153,658,0,0,0,1223,654,21,24,418
2008-12-07,141,647,0,0,0,1133,571,27,26,393
2008-12-08,271,1045,0,2,15,2074,1215,55,23,588
2008-12-09,296,1143,0,0,0,1823,1026,47,37,691
2008-12-10,265,1340,1,0,0,1995,1169,54,44,679
2008-12-11,268,1143,0,2,8,2227,1105,60,53,643
2008-12-12,238,947,1,0,0,1716,869,38,34,573
2008-12-13,146,660,0,0,0,1112,457,31,36,412
2008-12-14,121,573,0,2,5,916,555,26,13,391
2008-12-15,248,970,0,0,0,1738,872,89,31,591
2008-12-16,280,1019,0,0,0,1663,1037,55,31,616
2008-12-17,242,1082,0,0,0,1491,850,38,33,593
2008-12-18,263,904,1,0,0,1696,883,41,24,565
2008-12-19,238,984,0,0,0,1500,1097,43,23,572
2008-12-20,146,816,0,0,0,1203,759,30,27,445
2008-12-21,93,808,0,0,0,880,574,21,18,404
2008-12-22,211,942,0,0,0,1642,828,40,29,546
2008-12-23,255,947,0,0,0,1902,928,44,47,571
2008-12-24,193,816,0,1,8,1192,735,40,27,495
2008-12-25,96,492,0,0,0,953,393,20,10,339
2008-12-26,151,575,0,0,0,933,682,35,12,377
2008-12-27,144,804,0,0,0,1076,681,41,28,421
2008-12-28,124,710,0,0,0,1156,715,21,30,396
2008-12-29,252,1069,0,0,0,1750,930,44,30,583
2008-12-30,250,926,0,1,4,1707,941,45,24,541
2008-12-31,251,940,0,0,0,1293,635,55,32,509
2009-01-01,141,611,0,0,0,1054,632,26,22,380
2009-01-02,207,903,0,0,0,1695,830,52,29,524
2009-01-03,174,701,0,0,0,1413,640,46,31,430
2009-01-04,152,800,0,0,0,1425,873,25,25,462
2009-01-05,312,1298,0,0,0,1918,1085,61,32,689
2009-01-06,310,1049,0,0,0,2085,904,47,40,623
2009-01-07,266,1218,1,0,0,2318,1327,54,36,691
2009-01-08,288,1415,0,0,0,2124,1268,54,37,714
2009-01-09,280,1156,0,0,0,2105,1258,34,32,676
2009-01-10,192,1028,0,0,0,1222,839,39,31,555
2009-01-11,144,1148,0,0,0,1457,1154,39,34,595
2009-01-12,287,1230,0,1,2,2278,1001,48,34,686
2009-01-13,322,1243,3,0,0,1932,1086,58,46,702
2009-01-14,320,1319,0,0,0,2455,1306,63,53,706
2009-01-15,301,1059,2,0,0,1995,932,46,38,586
2009-01-16,329,1241,0,0,0,2060,1172,71,49,703
2009-01-17,177,1077,0,0,0,1307,925,38,33,609
2009-01-18,156,896,0,2,5,1550,889,18,26,492
2009-01-19,252,1009,0,1,3,1973,841,44,26,631
2009-01-20,307,1078,0,2,5,2130,1037,47,39,649
2009-01-21,305,1279,0,0,0,1885,1198,45,32,718
2009-01-22,325,1244,0,0,0,2590,1151,44,37,747
2009-01-23,321,1467,0,0,0,2609,1608,44,38,776
2009-01-24,174,942,0,0,0,1531,667,26,24,591
2009-01-25,160,1042,0,0,0,1332,1056,24,33,566
2009-01-26,244,1326,0,0,0,2063,1288,21,33,703
2009-01-27,361,1333,3,0,0,2342,1271,48,46,775
2009-01-28,326,2123,1,1,6,2380,1422,728,60,746
2009-01-29,376,1534,0,2,8,2248,1246,65,44,802
2009-01-30,319,1233,0,0,2,2301,1253,56,40,677
2009-01-31,186,1140,0,0,0,1937,877,38,43,624
2009-02-01,200,1152,0,0,0,1629,1185,27,31,577
2009-02-02,284,1269,0,1,2,2406,1126,55,39,665
2009-02-03,368,1443,0,1,4,2759,1434,46,43,791
2009-02-04,327,1437,0,2,8,2316,1319,58,41,827
2009-02-05,356,1910,0,0,0,2533,1601,58,61,875
2009-02-06,299,1262,0,1,3,2375,1012,49,43,707
2009-02-07,163,840,0,0,0,1285,697,48,26,473
2009-02-08,167,903,0,0,0,1685,1036,27,29,515
2009-02-09,325,1430,0,0,0,2213,1325,49,63,762
2009-02-10,345,1448,0,0,0,2308,1313,69,51,772
2009-02-11,339,1214,0,0,0,2380,1005,64,60,743
2009-02-12,376,1050,1,0,0,2655,993,64,35,681
2009-02-13,296,1152,0,0,0,2384,1096,65,37,691
2009-02-14,190,723,0,0,0,1423,581,45,28,481
2009-02-15,146,759,0,0,0,1635,772,21,33,439
2009-02-16,298,1051,0,1,11,2222,967,56,33,608
2009-02-17,345,993,1,2,10,2262,824,58,34,667
2009-02-18,283,963,0,2,6,1898,870,42,35,626
2009-02-19,341,1298,1,0,0,2690,1175,62,48,755
2009-02-20,297,1055,0,2,12,2082,973,42,27,637
2009-02-21,157,601,0,1,9,1198,517,33,19,410
2009-02-22,156,661,0,0,0,1706,753,28,18,409
2009-02-23,284,1121,0,0,0,2646,1035,46,21,652
2009-02-24,326,1060,0,1,8,2277,859,54,39,708
2009-02-25,329,1009,0,1,3,2502,978,66,31,643
2009-02-26,310,1150,0,0,0,2724,1016,63,32,771
2009-02-27,257,922,2,1,6,2157,740,51,31,588
2009-02-28,188,601,0,0,0,1399,631,51,19,449
2009-03-01,157,713,0,0,0,1246,669,31,19,470
2009-03-02,310,1035,0,0,0,2148,1039,61,32,673
2009-03-03,332,1106,0,1,4,2023,993,69,35,705
2009-03-04,338,1016,0,0,0,2157,796,63,33,697
2009-03-05,365,976,0,1,2,2267,797,60,44,721
2009-03-06,312,853,0,1,5,2061,806,50,33,592
2009-03-07,155,558,0,0,0,1045,439,43,32,375
2009-03-08,141,692,0,0,0,1519,864,28,18,429
2009-03-09,306,1281,0,1,10,2606,1111,71,42,680
2009-03-10,347,1317,0,4,21,2145,1149,66,31,792
2009-03-11,421,1392,1,1,6,5617,1110,54,49,828
2009-03-12,391,1125,0,0,0,2931,1129,78,41,739
2009-03-13,318,835,1,1,4,2099,657,60,26,626
2009-03-14,180,701,0,0,0,1632,859,50,35,457
2009-03-15,160,913,0,1,11,1378,667,38,30,516
2009-03-16,330,1259,0,0,0,2935,1145,61,41,752
2009-03-17,343,1490,0,0,0,2504,1444,62,62,848
2009-03-18,330,1386,0,1,2,2371,1120,46,47,762
2009-03-19,333,1315,0,2,11,2571,1038,74,41,799
2009-03-20,287,1269,0,1,3,2527,1141,46,37,767
2009-03-21,161,832,0,0,0,1508,812,38,30,537
2009-03-22,144,742,0,2,10,1343,675,44,16,490
2009-03-23,337,1408,0,0,1,2528,1056,60,52,899
2009-03-24,348,1330,0,0,0,3197,1306,68,44,832
2009-03-25,345,1174,1,1,13,2702,1114,75,46,759
2009-03-26,359,1331,1,3,13,2843,1068,75,50,832
2009-03-27,285,1224,0,1,8,2397,1124,56,37,723
2009-03-28,174,821,0,0,0,1743,659,58,36,521
2009-03-29,165,901,0,0,0,1433,548,43,31,483
2009-03-30,335,976,0,0,0,2854,982,69,32,689
2009-03-31,349,1340,0,0,0,2590,1171,88,47,814
2009-04-01,328,1265,0,0,0,2932,1204,95,47,789
2009-04-02,295,1251,0,0,0,2410,1070,64,36,712
2009-04-03,308,1252,0,1,5,2287,1195,69,50,741
2009-04-04,166,778,0,0,0,1669,743,38,28,509
2009-04-05,170,919,0,0,0,1446,925,29,31,520
2009-04-06,335,1585,0,2,18,2746,1386,79,57,819
2009-04-07,314,1729,1,1,2,2659,1613,73,56,914
2009-04-08,300,1365,0,0,0,2809,1204,54,60,773
2009-04-09,321,1422,0,1,9,2519,1276,77,48,816
2009-04-10,255,1316,0,2,10,2798,1173,77,50,703
2009-04-11,152,820,0,1,2,1452,702,54,32,528
2009-04-12,149,998,0,0,0,1667,1066,35,29,554
2009-04-13,290,1320,0,0,0,2379,1043,80,41,761
2009-04-14,329,1538,0,2,17,2986,1394,96,45,876
2009-04-15,350,1402,0,1,7,2457,1216,98,35,853
2009-04-16,332,1417,0,1,3,2853,1305,72,40,830
2009-04-17,319,1379,0,0,0,2607,1264,84,38,799
2009-04-18,182,890,0,1,2,1674,767,40,25,533
2009-04-19,185,868,0,0,0,1735,787,36,22,527
2009-04-20,327,1363,0,0,0,2853,1283,61,32,797
2009-04-21,392,1197,0,2,8,3105,1159,87,59,795
2009-04-22,342,1218,1,1,8,2565,993,68,43,800
2009-04-23,352,1499,0,1,8,3360,1412,53,53,829
2009-04-24,315,1391,1,0,0,2854,1277,62,45,845
2009-04-25,218,825,0,0,0,2015,883,50,29,561
2009-04-26,178,1004,0,0,0,1786,753,43,34,569
2009-04-27,357,1380,2,0,0,2768,1349,74,62,818
2009-04-28,370,1544,0,1,5,3077,1340,74,44,901
2009-04-29,358,1491,1,0,1,2941,1277,85,52,869
2009-04-30,382,1278,0,0,0,3125,1247,95,46,865
2009-05-01,313,1234,0,0,0,2756,1105,59,42,798
2009-05-02,180,824,0,0,0,1690,730,45,33,532
2009-05-03,175,1073,1,1,2,1775,939,44,42,623
2009-05-04,357,1373,0,1,9,3420,1235,85,34,832
2009-05-05,369,1222,0,1,2,2801,979,83,58,802
2009-05-06,345,1787,1,4,23,2959,1406,101,63,1009
2009-05-07,370,1434,1,0,0,2651,1176,101,46,893
2009-05-08,338,1259,0,1,5,2741,1031,92,56,838
2009-05-09,208,904,0,1,2,1843,853,62,35,605
2009-05-10,173,910,1,0,0,1602,910,46,33,568
2009-05-11,315,1570,0,0,0,2425,1338,84,56,891
2009-05-12,313,1397,2,0,0,2596,1220,77,59,849
2009-05-13,328,1308,0,1,7,2636,1168,75,39,794
2009-05-14,358,1487,0,2,19,2788,1261,80,60,848
2009-05-15,312,1456,0,3,26,2587,1391,91,42,818
2009-05-16,163,993,0,0,0,1295,797,60,47,546
2009-05-17,143,1187,0,1,5,1622,1066,50,30,650
2009-05-18,343,1519,0,1,3,3046,1359,102,51,945
2009-05-19,359,1528,1,0,0,2667,1270,109,59,917
2009-05-20,370,1347,0,1,4,3105,1447,91,42,860
2009-05-21,370,1388,0,0,0,2601,1159,111,37,852
2009-05-22,290,1307,1,0,0,2322,1136,94,33,859
2009-05-23,203,824,0,0,0,1673,622,92,24,530
2009-05-24,153,691,0,0,0,1639,724,57,31,459
2009-05-25,245,987,0,3,12,2038,534,101,40,604
2009-05-26,365,1333,0,0,0,2984,1382,108,54,830
2009-05-27,329,1366,1,1,4,2769,1095,124,49,842
2009-05-28,367,1432,0,3,11,3146,1296,107,55,865
2009-05-29,345,1460,0,0,0,2980,1241,95,51,842
2009-05-30,215,927,0,1,6,1681,801,80,44,603
2009-05-31,165,817,0,2,6,1494,578,58,41,528
2009-06-01,366,1481,0,2,7,2932,1376,112,61,892
2009-06-02,332,1528,0,0,0,2837,1325,85,53,902
2009-06-03,343,1408,0,2,22,3629,1269,91,65,892
2009-06-04,292,1459,1,0,0,2258,1239,83,48,887
2009-06-05,357,1412,0,3,7,2525,1237,114,47,880
2009-06-06,182,879,0,1,2,2096,830,56,49,564
2009-06-07,172,1088,0,0,0,1867,911,49,47,572
2009-06-08,292,1401,0,2,7,2734,1244,76,39,797
2009-06-09,340,1633,0,2,14,2768,1541,90,48,935
2009-06-10,396,1383,0,1,6,3402,1236,97,54,865
2009-06-11,352,1480,0,1,17,2749,1380,93,78,915
2009-06-12,317,1382,1,0,0,2694,1151,86,51,870
2009-06-13,179,860,0,0,0,1756,760,59,29,553
2009-06-14,171,908,0,1,3,1766,909,53,26,604
2009-06-15,307,1240,1,0,0,2796,1146,95,37,796
2009-06-16,347,1505,0,1,8,3278,1394,90,50,897
2009-06-17,354,1210,0,0,0,2832,1065,100,52,835
2009-06-18,344,1328,0,1,2,2626,1144,92,31,882
2009-06-19,288,1295,0,1,5,2289,1138,78,39,780
2009-06-20,174,823,0,1,2,1500,703,67,38,530
2009-06-21,147,845,0,0,0,1752,774,25,34,532
2009-06-22,351,1279,1,1,4,2979,1056,83,52,808
2009-06-23,354,1381,0,2,24,3096,1295,95,57,897
2009-06-24,327,1232,0,0,0,2630,1146,79,49,801
2009-06-25,383,1359,0,0,0,3116,1333,96,64,838
2009-06-26,319,1409,0,0,0,2839,1188,68,53,817
2009-06-27,193,758,0,0,0,1687,609,44,19,527
2009-06-28,168,754,0,1,5,1557,753,31,20,491
2009-06-29,327,1335,0,0,0,2602,1296,72,40,810
2009-06-30,376,1534,1,0,0,3051,1372,100,54,926
2009-07-01,356,1388,0,1,6,2757,1344,68,54,902
2009-07-02,373,1409,1,2,22,2975,1264,72,54,879
2009-07-03,257,1076,0,0,0,2138,941,62,32,709
2009-07-04,155,841,0,2,7,1369,782,41,31,525
2009-07-05,148,982,0,1,6,1320,696,28,36,564
2009-07-06,347,1448,0,0,0,3210,1511,75,46,839
2009-07-07,397,1821,1,2,15,3300,1553,78,77,991
2009-07-08,330,1670,3,1,13,3234,1572,67,80,923
2009-07-09,346,1593,0,0,0,2920,1357,81,40,922
2009-07-10,362,1392,0,1,2,2363,1187,69,51,853
2009-07-11,190,790,0,3,10,1735,716,52,20,549
2009-07-12,179,935,0,2,18,1842,999,41,20,553
2009-07-13,356,1666,2,1,3,3213,1465,64,55,952
2009-07-14,382,1705,0,0,0,3174,1511,61,51,995
2009-07-15,408,1605,1,1,3,3616,1648,61,65,947
2009-07-16,399,1755,1,1,3,3051,1395,79,51,1004
2009-07-17,382,1626,0,2,6,3398,1493,79,52,928
2009-07-18,221,1073,0,0,0,1761,913,52,40,617
2009-07-19,166,1068,0,2,19,1756,1003,32,32,615
2009-07-20,353,1481,4,2,14,3391,1356,62,48,895
2009-07-21,370,1247,0,0,0,3044,1065,85,41,863
2009-07-22,347,1354,1,1,7,3091,1273,68,63,850
2009-07-23,375,1469,0,0,0,3482,1291,85,51,915
2009-07-24,378,1700,1,1,4,3317,1597,83,63,996
2009-07-25,241,896,0,0,0,1827,749,62,32,569
2009-07-26,209,1002,0,0,0,1980,924,45,44,611
2009-07-27,413,1567,0,2,21,3592,1622,47,46,898
2009-07-28,400,1657,3,2,8,3217,1322,63,52,979
2009-07-29,420,1817,1,0,0,4182,1848,84,58,989
2009-07-30,388,1626,1,0,0,3015,1578,80,53,964
2009-07-31,375,1939,1,0,0,3267,1748,78,65,1022
2009-08-01,205,944,0,1,6,1927,706,45,22,593
2009-08-02,240,1190,0,2,11,2400,1209,37,42,628
2009-08-03,394,1651,0,1,8,3863,1427,96,52,917
2009-08-04,382,1723,3,0,0,3870,1764,74,56,991
2009-08-05,387,1660,0,0,0,3554,1363,74,68,984
2009-08-06,455,1750,0,0,0,3834,1648,84,52,995
2009-08-07,343,1688,0,2,13,3078,1447,85,60,953
2009-08-08,258,1012,0,1,4,1897,992,47,29,638
2009-08-09,210,1293,0,2,6,1890,1062,43,27,714
2009-08-10,392,2378,1,3,17,3591,2189,78,82,1307
2009-08-11,391,2098,1,2,6,3633,2079,78,90,1172
2009-08-12,470,2292,0,3,13,3780,2134,145,80,1220
2009-08-13,412,2000,0,1,4,3616,1667,76,77,1137
2009-08-14,395,1678,1,1,7,2999,1433,95,53,1018
2009-08-15,210,1056,0,1,4,1987,1030,48,45,631
2009-08-16,204,1422,0,1,2,1973,1543,37,52,737
2009-08-17,441,1949,0,1,9,3383,1606,88,69,1052
2009-08-18,422,1890,0,0,0,3392,1810,85,58,1067
2009-08-19,447,1941,0,0,0,4359,1762,107,71,1156
2009-08-20,537,1992,1,3,24,6351,1704,154,77,1102
2009-08-21,419,1659,0,1,2,3469,1401,120,47,957
2009-08-22,201,1032,0,0,0,2001,919,55,35,593
2009-08-23,196,1039,0,0,0,2289,996,49,42,636
2009-08-24,416,2078,1,1,5,3981,1946,93,68,1085
2009-08-25,432,2021,0,1,2,3660,1852,96,72,1085
2009-08-26,409,1763,0,0,0,3469,1508,101,52,1033
2009-08-27,394,1658,1,0,0,3609,1600,97,53,964
2009-08-28,394,1718,0,0,0,3403,1575,107,65,1010
2009-08-29,206,1102,0,0,0,1687,916,71,36,672
2009-08-30,204,1109,0,0,0,2163,1014,39,38,657
2009-08-31,366,1473,0,0,0,3590,1351,82,58,928
2009-09-01,397,1786,0,0,0,3585,1530,112,50,1087
2009-09-02,426,1804,0,4,28,3845,1678,106,61,1032
2009-09-03,466,2005,0,0,0,3823,1866,104,69,1102
2009-09-04,380,1702,0,1,4,3198,1436,97,73,957
2009-09-05,192,1054,0,1,19,1774,1066,75,32,602
2009-09-06,166,914,0,0,0,1437,681,51,29,572
2009-09-07,293,1327,0,1,9,2532,1321,83,33,779
2009-09-08,392,1889,0,0,0,3347,1631,104,61,1031
2009-09-09,445,1561,1,0,0,3158,1551,89,43,954
2009-09-10,431,1799,0,0,0,3842,1639,84,68,1062
2009-09-11,383,1508,0,0,0,3474,1358,107,50,912
2009-09-12,211,1035,0,0,0,1955,827,63,40,630
2009-09-13,229,940,0,0,0,2400,953,52,40,616
2009-09-14,383,1718,1,1,25,3713,1617,85,51,992
2009-09-15,438,1650,0,3,13,3734,1412,104,61,989
2009-09-16,423,1662,0,1,2,3417,1526,94,59,986
2009-09-17,433,1761,0,0,0,3895,1679,86,61,1067
2009-09-18,384,1736,0,1,2,3005,1508,97,54,955
2009-09-19,214,856,0,0,0,1667,760,61,34,556
2009-09-20,170,1093,0,0,0,1748,1056,42,54,637
2009-09-21,411,1721,0,0,0,3481,1565,100,67,987
2009-09-22,446,1953,0,0,0,3720,1876,96,68,1101
2009-09-23,444,1621,1,0,0,3416,1317,106,74,962
2009-09-24,426,1766,0,0,0,3714,1729,108,92,1037
2009-09-25,410,1779,0,0,0,3455,1582,127,71,1017
2009-09-26,233,1325,0,1,2,1982,1020,73,45,751
2009-09-27,185,946,0,0,0,2056,1005,40,22,596
2009-09-28,381,1690,2,0,0,3927,1646,65,39,1005
2009-09-29,413,1682,1,2,6,3339,1481,83,47,976
2009-09-30,418,1990,0,0,0,3291,1895,97,64,1217
2009-10-01,402,1708,0,0,0,3529,1533,78,61,1005
2009-10-02,357,1788,0,1,8,2781,1590,78,65,988
2009-10-03,244,906,0,1,7,2319,781,68,25,619
2009-10-04,207,1157,0,0,0,2155,1026,78,35,658
2009-10-05,439,1900,3,2,11,3517,1799,73,75,1082
2009-10-06,461,2065,1,2,11,3984,1936,91,54,1114
2009-10-07,436,1834,0,1,5,3526,1661,93,60,1071
2009-10-08,388,1928,0,0,0,3766,1871,79,55,1141
2009-10-09,395,1956,0,1,71,3362,1717,85,79,1083
2009-10-10,202,1145,0,1,3,1805,1108,56,36,726
2009-10-11,204,1314,0,2,9,1992,1070,49,44,802
2009-10-12,396,1952,0,1,2,3522,1819,82,64,1134
2009-10-13,464,1967,0,2,9,3839,1696,93,84,1136
2009-10-14,411,1624,0,1,4,3783,1510,64,71,1035
2009-10-15,430,1644,0,0,0,3427,1639,80,53,1063
2009-10-16,364,1530,0,2,7,2957,1305,71,53,912
2009-10-17,209,1026,0,1,12,1737,939,39,32,652
2009-10-18,212,1250,0,1,5,2184,1214,40,46,720
2009-10-19,427,1845,0,0,0,3664,1747,89,63,1046
2009-10-20,450,1790,0,1,2,3692,1675,97,47,1059
2009-10-21,449,1834,0,0,0,3515,1510,111,60,1117
2009-10-22,427,1615,1,2,7,3342,1532,96,55,1004
2009-10-23,349,1506,1,2,18,2657,1269,113,48,977
2009-10-24,244,966,0,0,0,1776,780,70,34,672
2009-10-25,215,1058,0,2,23,2332,974,57,35,673
2009-10-26,395,1662,0,1,5,3523,1603,88,65,1035
2009-10-27,430,1935,1,0,0,3884,1750,85,66,1128
2009-10-28,463,1910,0,0,0,3588,1697,96,79,1129
2009-10-29,426,1598,0,0,0,3870,1546,90,56,1062
2009-10-30,376,1455,1,0,0,2946,1258,96,60,974
2009-10-31,208,1105,0,0,0,1925,1031,57,24,672
2009-11-01,213,1148,0,0,0,2021,965,45,48,693
2009-11-02,422,1979,0,4,16,3439,1855,101,75,1097
2009-11-03,443,1777,0,3,10,3782,1484,101,58,1100
2009-11-04,451,1853,0,1,4,4520,1832,114,69,1145
2009-11-05,447,1684,0,0,0,3982,1478,81,73,1052
2009-11-06,397,1746,1,0,0,3142,1508,88,71,1049
2009-11-07,235,1011,0,1,2,2080,931,67,33,695
2009-11-08,214,1341,0,0,0,2260,1219,60,40,777
2009-11-09,400,1606,0,0,0,3775,1575,84,55,1024
2009-11-10,448,1713,0,3,27,3763,1708,87,52,1054
2009-11-11,418,1997,1,0,0,4013,1675,127,71,1142
2009-11-12,487,1883,1,1,7,4266,1708,119,67,1200
2009-11-13,422,1627,0,2,18,2710,1330,136,65,1096
2009-11-14,243,986,0,0,0,2181,969,79,27,715
2009-11-15,195,1042,0,1,2,1792,815,63,31,664
2009-11-16,452,1524,0,3,44,3475,1423,112,63,1009
2009-11-17,493,1393,0,0,0,3623,1135,95,40,997
2009-11-18,450,1483,0,0,0,3613,1303,123,50,1089
2009-11-19,490,1571,0,2,5,4222,1588,129,73,1086
2009-11-20,435,1853,0,0,0,3314,1680,127,74,1181
2009-11-21,252,1085,0,1,2,2093,877,86,38,723
2009-11-22,200,1112,1,0,0,1929,923,54,27,751
2009-11-23,443,1509,2,2,12,3609,1360,91,46,1067
2009-11-24,427,1429,0,0,0,3948,1347,108,47,993
2009-11-25,403,1365,0,1,4,3270,1046,109,47,966
2009-11-26,279,938,0,0,0,2396,934,82,24,698
2009-11-27,263,1021,0,1,5,1978,981,84,26,695
2009-11-28,190,932,0,0,0,1754,732,57,34,610
2009-11-29,200,1184,0,2,8,2433,1146,71,26,690
2009-11-30,409,1474,1,0,0,3267,1282,103,57,977
2009-12-01,477,1686,1,0,0,4346,1640,107,64,1116
2009-12-02,454,1738,0,1,4,3525,1545,110,63,1072
2009-12-03,464,1695,0,0,0,3773,1446,127,60,1139
2009-12-04,399,1572,2,0,0,3668,1401,113,61,1057
2009-12-05,258,1116,0,1,23,2198,894,72,48,750
2009-12-06,239,1275,0,1,7,2646,1179,57,44,779
2009-12-07,409,1776,0,0,0,4354,1670,100,58,1088
2009-12-08,474,1851,0,1,37,3786,1733,116,83,1168
2009-12-09,425,1564,2,0,0,3762,1365,110,51,1059
2009-12-10,416,1515,0,3,12,3671,1367,109,60,1053
2009-12-11,406,1526,0,3,7,2890,1295,110,55,1028
2009-12-12,218,1094,0,0,0,2108,880,61,46,713
2009-12-13,202,943,0,0,0,2316,971,47,36,637
2009-12-14,402,1764,0,1,7,4962,1758,100,61,1069
2009-12-15,448,1827,0,0,0,3853,1542,128,63,1131
2009-12-16,483,1851,4,0,0,3961,1543,112,66,1143
2009-12-17,481,1673,0,0,0,3860,1582,136,61,1115
2009-12-18,447,1600,0,0,0,3908,1411,129,80,1036
2009-12-19,212,932,0,0,0,1804,917,76,30,662
2009-12-20,221,1181,0,0,0,2395,1027,86,32,724
2009-12-21,427,1697,0,0,0,4021,1600,123,46,1039
2009-12-22,441,1729,3,0,0,3615,1556,119,63,1074
2009-12-23,410,1572,0,0,0,3460,1325,130,44,1032
2009-12-24,265,1190,0,0,0,2600,1080,84,43,746
2009-12-25,142,812,0,0,0,1459,683,63,33,561
2009-12-26,175,748,0,0,0,1508,642,55,24,579
2009-12-27,182,1207,0,0,0,2636,1245,46,25,654
2009-12-28,351,1532,0,0,0,3335,1426,101,69,905
2009-12-29,348,1546,1,0,0,3024,1403,91,39,946
2009-12-30,371,1559,0,0,0,3139,1371,114,65,930
2009-12-31,315,1378,0,0,0,3016,1211,92,39,840
2010-01-01,201,1050,0,0,0,2141,1126,44,24,649
2010-01-02,233,1169,0,1,2,2460,893,79,36,755
2010-01-03,244,1213,0,2,15,2806,1169,74,49,704
2010-01-04,467,1674,0,0,0,3871,1472,130,66,995
2010-01-05,449,1783,1,0,0,3934,1688,111,59,1160
2010-01-06,466,1910,0,2,6,3685,1587,114,63,1188
2010-01-07,473,1761,0,2,12,3607,1592,115,59,1121
2010-01-08,476,1873,1,1,9,4292,1760,107,64,1120
2010-01-09,266,1215,0,0,0,2526,1229,77,35,767
2010-01-10,258,1433,1,1,2,2943,1451,68,54,823
2010-01-11,423,2018,0,2,7,4015,1670,129,60,1161
2010-01-12,515,2060,1,0,0,5519,2019,145,79,1243
2010-01-13,494,2106,0,0,0,4292,1634,142,69,1249
2010-01-14,481,1848,1,1,2,4364,1791,120,63,1147
2010-01-15,443,1880,0,0,0,3702,1561,112,63,1097
2010-01-16,272,1245,3,0,0,2503,1160,76,37,815
2010-01-17,258,1160,1,0,0,2907,1042,61,34,709
2010-01-18,402,1560,0,0,0,3750,1357,103,49,982
2010-01-19,516,1999,2,0,0,4604,2066,122,73,1202
2010-01-20,522,2016,0,0,0,4293,1726,148,74,1239
2010-01-21,531,2040,0,0,0,4651,1918,111,66,1288
2010-01-22,447,1834,1,0,0,3109,1495,115,40,1145
2010-01-23,307,1323,0,0,0,3102,1270,73,42,862
2010-01-24,243,1130,0,0,0,2912,1093,54,44,729
2010-01-25,526,2060,1,1,2,4028,1835,117,85,1178
2010-01-26,573,2104,0,0,0,4753,2091,95,89,1277
2010-01-27,569,2550,0,4,17,4726,2131,147,97,1478
2010-01-28,547,2438,0,1,5,5602,2102,124,84,1302
2010-01-29,508,1967,1,0,0,5103,1870,130,69,1212
2010-01-30,304,1369,0,0,0,2310,1090,81,48,883
2010-01-31,284,1520,0,0,0,3075,1553,59,43,889
2010-02-01,448,2021,0,1,2,4203,1809,91,74,1146
2010-02-02,561,2200,1,0,0,5302,2153,100,75,1318
2010-02-03,550,2139,2,0,0,4170,1903,114,90,1255
2010-02-04,577,2216,1,2,5,4410,2070,115,72,1319
2010-02-05,543,2663,1,2,6,4760,2339,117,79,1464
2010-02-06,319,1294,0,0,0,3171,1231,72,54,837
2010-02-07,257,1329,0,0,0,2786,1228,63,43,824
2010-02-08,538,2031,1,0,0,4432,1881,119,91,1254
2010-02-09,571,2092,1,0,0,4349,1816,112,62,1312
2010-02-10,567,2143,0,0,0,4944,2102,97,67,1286
2010-02-11,584,2115,1,0,0,4505,1953,126,73,1326
2010-02-12,541,2483,0,1,2,5184,2315,105,91,1444
2010-02-13,281,1343,1,0,0,2692,1218,69,61,870
2010-02-14,227,1522,0,0,0,2822,1354,58,66,864
2010-02-15,461,1866,0,0,0,3909,1654,100,56,1088
2010-02-16,560,1899,0,1,4,4899,1861,102,56,1211
2010-02-17,539,2108,0,0,0,5050,1909,109,80,1302
2010-02-18,573,2168,1,0,0,4780,2046,139,76,1293
2010-02-19,517,2028,0,0,0,4703,1818,110,82,1277
2010-02-20,270,1192,0,0,0,2666,972,73,44,837
2010-02-21,277,1478,0,0,0,2958,1404,58,67,881
2010-02-22,593,2028,0,0,0,4928,1949,122,96,1266
2010-02-23,581,2123,1,0,0,4625,1887,103,99,1315
2010-02-24,571,2196,1,0,0,5113,2038,114,101,1287
2010-02-25,522,1809,1,1,7,4332,1589,105,65,1216
2010-02-26,494,2072,3,0,0,4276,1904,99,79,1291
2010-02-27,292,1255,0,0,0,2884,1212,70,36,852
2010-02-28,257,1393,0,0,0,2536,1148,66,44,835
2010-03-01,548,1938,0,0,0,4470,1890,86,74,1249
2010-03-02,556,2121,0,2,38,4852,1905,112,96,1294
2010-03-03,582,2120,0,1,6,5029,2214,103,96,1325
2010-03-04,562,2228,0,0,0,4566,1836,117,74,1333
2010-03-05,494,1909,0,2,7,4034,1796,113,70,1247
2010-03-06,268,1390,1,1,6,2350,1248,73,66,832
2010-03-07,227,1562,0,0,0,3216,1529,48,38,935
2010-03-08,560,2048,0,0,0,4898,1907,96,73,1279
2010-03-09,583,2231,0,1,4,4855,1907,126,78,1384
2010-03-10,568,2056,0,0,0,4917,2064,115,81,1337
2010-03-11,517,2429,1,0,0,4220,2155,121,96,1392
2010-03-12,457,2266,0,1,2,4331,2025,120,75,1263
2010-03-13,300,1451,0,0,0,3009,1285,73,63,930
2010-03-14,237,1428,1,0,0,2763,1304,45,50,848
2010-03-15,502,2379,0,0,0,4816,2297,103,89,1337
2010-03-16,542,2166,0,0,0,4961,2222,114,91,1374
2010-03-17,526,2279,1,1,6,3848,1776,135,96,1333
2010-03-18,515,2370,0,0,0,4689,2178,111,93,1347
2010-03-19,445,2259,0,1,3,4213,2034,111,66,1292
2010-03-20,254,1375,1,0,0,2993,1241,72,51,869
2010-03-21,223,1419,0,0,0,2898,1343,43,47,839
2010-03-22,497,2364,0,1,4,4555,2189,108,92,1386
2010-03-23,518,2151,1,1,21,4774,2201,90,99,1292
2010-03-24,476,2340,0,0,0,4876,2174,117,97,1368
2010-03-25,512,2099,2,0,0,4501,1791,106,78,1353
2010-03-26,488,1941,2,0,0,4358,1699,119,61,1254
2010-03-27,272,1343,1,1,12,2357,1121,84,48,883
2010-03-28,244,1269,0,2,18,2602,1076,61,29,818
2010-03-29,510,1915,0,0,0,4807,1920,142,72,1277
2010-03-30,502,2141,0,1,3,4880,1815,112,95,1312
2010-03-31,540,2289,4,1,11,5223,2106,118,70,1374
2010-04-01,553,1750,2,1,2,5184,1526,134,75,1309
2010-04-02,382,1784,0,0,0,3625,1715,85,54,1082
2010-04-03,260,1246,0,0,0,2161,1170,72,40,847
2010-04-04,260,1407,0,1,2,2525,1218,61,60,795
2010-04-05,452,1928,0,0,0,4273,1696,110,99,1137
2010-04-06,543,2037,0,0,0,5179,1951,118,100,1265
2010-04-07,506,2243,0,0,0,5423,2215,113,94,1450
2010-04-08,490,2211,0,0,0,4604,2135,124,84,1327
2010-04-09,464,2288,3,0,0,5102,1906,102,91,1338
2010-04-10,314,1462,0,0,0,3422,1410,75,71,980
2010-04-11,268,1723,0,0,0,3567,1589,76,73,989
2010-04-12,557,2219,0,1,2,5950,2014,119,78,1401
2010-04-13,521,2462,0,0,0,4830,2126,137,98,1456
2010-04-14,542,2231,0,1,3,5069,1981,125,91,1416
2010-04-15,513,2285,0,0,0,5462,2178,118,77,1424
2010-04-16,540,2417,2,1,10,4971,2287,131,78,1439
2010-04-17,309,1407,0,0,0,2934,1149,93,31,896
2010-04-18,279,1441,0,0,0,3701,1333,57,59,878
2010-04-19,515,1965,2,0,0,5096,1833,119,64,1264
2010-04-20,571,2188,1,0,0,6472,2164,114,73,1411
2010-04-21,562,2058,1,0,0,5363,1794,134,75,1409
2010-04-22,538,2689,1,1,5,5626,2531,133,91,1532
2010-04-23,564,2470,0,1,5,5154,2195,128,84,1461
2010-04-24,327,1610,0,0,0,3134,1410,88,52,1034
2010-04-25,300,1647,0,0,0,4503,1543,73,47,1006
2010-04-26,582,2323,1,0,0,5560,2252,131,89,1410
2010-04-27,623,2954,0,0,0,5647,2682,146,101,1601
2010-04-28,600,2313,1,0,0,5776,2094,158,77,1503
2010-04-29,610,2800,0,3,14,6485,2819,136,101,1590
2010-04-30,515,2684,0,0,0,5458,2266,126,98,1568
2010-05-01,294,1420,0,0,0,3051,1362,91,39,885
2010-05-02,282,1768,0,0,0,3443,1499,84,64,1084
2010-05-03,544,2414,0,0,0,5063,2309,113,91,1419
2010-05-04,587,2732,1,0,0,6046,2591,118,93,1490
2010-05-05,608,2608,2,0,0,5960,2453,135,88,1495
2010-05-06,587,2527,3,0,0,5053,2265,135,104,1473
2010-05-07,521,2442,0,1,6,5302,2056,141,85,1412
2010-05-08,330,1708,0,1,3,3679,1580,116,92,1036
2010-05-09,308,1594,0,0,0,3335,1566,112,76,1000
2010-05-10,579,2637,0,0,0,5140,2292,153,100,1524
2010-05-11,611,2753,0,0,0,5637,2551,150,89,1640
2010-05-12,602,2415,2,1,4,5477,2262,155,97,1533
2010-05-13,607,2776,0,1,8,5638,2295,170,109,1532
2010-05-14,546,2329,0,0,0,5337,2238,135,83,1426
2010-05-15,325,1616,0,1,5,3278,1737,105,58,1031
2010-05-16,292,1863,0,1,8,3197,1381,60,79,1009
2010-05-17,575,2320,0,0,0,5960,2176,121,111,1395
2010-05-18,629,2926,0,0,0,6043,2720,137,126,1610
2010-05-19,683,2553,5,0,0,6818,2377,135,107,1571
2010-05-20,582,2531,1,1,4,5219,2161,136,115,1484
2010-05-21,562,2880,1,0,0,6142,2764,153,106,1582
2010-05-22,315,1625,0,1,12,3093,1344,113,61,1012
2010-05-23,298,1792,0,0,0,3307,1547,71,61,1013
2010-05-24,507,2113,0,0,0,4692,1945,127,69,1295
2010-05-25,604,2423,0,1,5,6241,2390,117,86,1514
2010-05-26,561,2568,1,0,0,4911,2333,139,86,1527
2010-05-27,525,2555,0,0,0,4958,2248,127,81,1504
2010-05-28,494,2248,0,0,0,5835,2204,123,86,1456
2010-05-29,280,1214,0,0,0,2270,979,81,49,876
2010-05-30,301,1535,0,1,2,3090,1330,81,59,918
2010-05-31,401,2095,0,0,0,4601,2013,143,78,1245
2010-06-01,547,2136,1,0,0,5494,1930,98,87,1396
2010-06-02,611,2743,0,0,0,6660,2650,120,105,1573
2010-06-03,557,2581,0,1,4,5005,2241,121,102,1479
2010-06-04,556,2374,0,1,6,4981,2094,128,110,1508
2010-06-05,300,1404,0,1,4,2905,1166,91,56,962
2010-06-06,279,1467,0,0,0,3546,1409,85,56,949
2010-06-07,531,2517,0,2,12,5818,2252,137,86,1529
2010-06-08,574,2560,0,2,22,5617,2385,135,88,1572
2010-06-09,585,2480,1,1,4,5307,2101,155,107,1483
2010-06-10,611,2881,1,2,4,6531,2804,147,104,1733
2010-06-11,503,2455,1,0,0,4146,2118,150,73,1473
2010-06-12,265,1268,0,1,5,2679,948,84,41,868
2010-06-13,264,1462,0,1,6,3257,1410,69,42,913
2010-06-14,520,2430,1,0,0,5873,2421,132,76,1455
2010-06-15,532,2303,0,0,0,5056,2036,118,78,1507
2010-06-16,615,2591,0,0,0,5853,2586,146,94,1619
2010-06-17,596,2790,1,0,0,5147,2517,163,88,1748
2010-06-18,512,2469,0,1,5,5452,2076,146,85,1505
2010-06-19,253,1446,1,0,0,3454,1454,98,49,945
2010-06-20,275,1644,0,2,12,3539,1654,82,34,1034
2010-06-21,444,2562,1,0,0,5397,2285,119,86,1545
2010-06-22,522,2642,0,0,0,4712,2435,126,89,1584
2010-06-23,558,2677,1,0,0,5874,2452,151,87,1590
2010-06-24,478,2198,0,0,0,4590,1877,114,82,1393
2010-06-25,536,2571,0,0,0,5538,2552,142,78,1503
2010-06-26,291,1595,1,0,0,2707,1266,101,52,1072
2010-06-27,284,1731,0,0,0,3247,1945,84,55,1059
2010-06-28,548,2777,1,0,0,5489,2505,124,88,1586
2010-06-29,592,2858,0,1,3,5633,2575,141,104,1680
2010-06-30,576,2679,0,1,8,5424,2275,140,84,1635
2010-07-01,571,2510,1,0,0,5575,2488,148,91,1543
2010-07-02,461,2646,1,0,0,4819,2357,112,100,1553
2010-07-03,277,1727,0,0,0,2819,1592,116,65,1032
2010-07-04,248,1615,0,1,11,2898,1360,73,75,933
2010-07-05,441,2348,0,1,17,4019,1975,130,72,1273
2010-07-06,542,2815,2,0,0,6610,2606,142,93,1626
2010-07-07,483,2655,0,0,0,4719,2473,90,106,1536
2010-07-08,597,2625,2,0,0,5426,2542,148,101,1581
2010-07-09,527,2906,1,0,0,4395,2517,158,124,1701
2010-07-10,329,1592,0,0,0,3237,1347,145,50,1083
2010-07-11,259,1578,1,0,0,3205,1250,86,64,990
2010-07-12,544,2933,0,1,5,5407,2885,162,118,1674
2010-07-13,562,2702,0,1,5,5604,2430,133,97,1601
2010-07-14,618,2591,0,2,12,5615,2552,152,89,1642
2010-07-15,605,2723,1,1,5,5285,2353,172,118,1666
2010-07-16,538,2726,0,1,2,4840,2273,176,100,1590
2010-07-17,315,1610,0,0,0,3448,1574,103,50,1051
2010-07-18,282,1950,0,0,0,3000,1888,94,74,1089
2010-07-19,599,2919,1,0,0,5848,2785,139,101,1677
2010-07-20,585,2635,0,1,2,5742,2288,143,100,1627
2010-07-21,578,2461,1,0,0,5567,2194,166,116,1577
2010-07-22,563,2476,0,0,0,5417,2124,162,90,1630
2010-07-23,538,2243,0,0,0,4880,2022,147,123,1473
2010-07-24,308,1599,0,2,7,2816,1332,107,66,1009
2010-07-25,264,1725,0,3,12,3597,1692,69,66,1042
2010-07-26,592,2493,0,3,9,5851,2544,164,118,1593
2010-07-27,603,2752,0,2,15,5175,2243,163,107,1660
2010-07-28,597,2345,2,0,0,5372,2086,157,114,1537
2010-07-29,614,3096,1,0,0,5373,2968,145,95,1825
2010-07-30,556,2602,0,0,0,4584,2187,148,89,1601
2010-07-31,303,1219,0,0,0,2475,1074,88,47,847
2010-08-01,304,1638,0,0,0,3256,1736,80,48,1071
2010-08-02,548,2613,4,0,0,5026,2719,126,100,1556
2010-08-03,581,3037,1,2,8,5706,2475,161,108,1683
2010-08-04,560,2779,0,0,0,6061,2704,146,97,1645
2010-08-05,553,2627,1,4,20,4816,2119,119,91,1554
2010-08-06,534,2403,1,2,9,4888,2193,144,77,1485
2010-08-07,333,1571,0,0,0,3219,1286,123,93,977
2010-08-08,248,1675,0,2,15,3124,1644,74,52,1025
2010-08-09,563,2851,2,0,0,5728,2669,149,90,1599
2010-08-10,629,2734,1,0,0,5844,2360,163,95,1654
2010-08-11,608,2723,1,0,0,6593,2875,168,57,1634
2010-08-12,558,2362,1,0,0,4273,1716,147,70,1531
2010-08-13,600,2472,0,1,3,5922,2335,161,95,1574
2010-08-14,309,1320,0,0,0,2833,1092,110,47,944
2010-08-15,301,1718,0,0,0,3779,1834,83,63,1048
2010-08-16,619,2829,1,1,7,6359,2698,158,110,1675
2010-08-17,589,2486,1,0,0,5333,1932,144,93,1549
2010-08-18,592,2607,0,0,0,5128,2389,170,96,1599
2010-08-19,594,2447,0,0,0,5478,2211,155,110,1584
2010-08-20,584,2274,1,1,4,5474,1953,146,95,1489
2010-08-21,348,1629,0,0,0,3797,1368,115,60,1007
2010-08-22,325,1286,0,0,0,3628,1147,84,46,924
2010-08-23,598,2354,0,1,3,6251,2335,142,80,1530
2010-08-24,681,2410,0,1,3,5707,2055,152,109,1567
2010-08-25,624,2394,0,0,0,5567,2376,166,104,1529
2010-08-26,606,2382,1,0,0,5429,2038,175,81,1549
2010-08-27,512,2631,0,1,6,5229,2535,131,95,1525
2010-08-28,289,1678,0,1,6,2800,1369,115,51,1017
2010-08-29,294,1931,1,0,0,4247,1864,93,79,1009
2010-08-30,605,2384,1,1,3,5779,1976,125,94,1515
2010-08-31,657,2729,0,0,0,6045,2651,171,121,1693
2010-09-01,624,2818,4,1,2,5953,2456,176,102,1690
2010-09-02,622,2780,3,0,0,5459,2563,180,87,1634
2010-09-03,542,2852,1,0,0,5015,2714,150,90,1702
2010-09-04,342,1793,0,0,0,3404,1519,114,68,1094
2010-09-05,278,1507,0,0,0,2777,1342,96,51,1006
2010-09-06,428,1747,0,1,2,4614,1513,118,49,1148
2010-09-07,578,2313,0,0,0,5537,2239,137,82,1507
2010-09-08,653,2733,2,1,2,5922,2620,170,89,1680
2010-09-09,621,2812,3,2,26,5534,2381,156,113,1716
2010-09-10,558,2628,1,0,0,5669,2528,130,81,1648
2010-09-11,313,1765,0,0,0,3478,1517,95,78,1071
2010-09-12,324,1928,1,0,0,3702,1951,81,67,1167
2010-09-13,655,3231,2,1,2,5876,2773,149,113,1832
2010-09-14,630,3310,0,1,7,6800,3234,162,104,1835
2010-09-15,674,2883,4,0,0,5056,2516,165,107,1741
2010-09-16,630,2591,1,1,4,5071,2191,160,109,1664
2010-09-17,600,3101,1,1,9,5917,2937,165,88,1750
2010-09-18,369,1615,0,0,0,3731,1384,90,61,1068
2010-09-19,306,1725,0,0,0,3156,1629,91,56,1029
2010-09-20,628,3047,0,0,0,6278,3067,164,107,1786
2010-09-21,670,2987,0,0,0,7358,2725,138,116,1746
2010-09-22,655,2763,2,0,0,5686,2491,150,134,1674
2010-09-23,695,3330,2,2,11,5838,2800,183,155,1885
2010-09-24,633,3147,2,2,8,6430,2885,177,110,1798
2010-09-25,332,1986,0,0,0,3961,1646,121,69,1176
2010-09-26,360,1743,0,0,0,3904,1775,113,71,1101
2010-09-27,692,3061,0,1,7,7655,3068,169,105,1795
2010-09-28,731,3031,2,1,4,6226,2516,156,95,1798
2010-09-29,705,3151,11,0,0,6669,2985,170,114,1839
2010-09-30,724,2976,0,0,0,6726,2690,178,102,1805
2010-10-01,675,3192,0,0,0,6172,2879,160,112,1888
2010-10-02,387,2051,0,0,0,3888,1906,101,55,1318
2010-10-03,310,2055,1,0,0,4167,2028,73,59,1207
2010-10-04,726,3286,2,2,9,6799,2888,156,115,1984
2010-10-05,747,3272,4,4,36,6821,2980,181,133,1934
2010-10-06,738,3454,1,1,4,6922,3102,172,113,2064
2010-10-07,640,3040,2,1,9,6305,2755,160,90,1861
2010-10-08,682,3189,0,1,17,6538,2912,165,136,1921
2010-10-09,361,1951,0,0,0,4049,1704,126,73,1212
2010-10-10,367,1688,0,0,0,3622,1724,87,66,1097
2010-10-11,664,2831,1,0,0,5851,2521,154,120,1742
2010-10-12,667,3045,1,0,0,6237,2650,168,91,1891
2010-10-13,724,3116,2,0,0,6610,2855,202,119,1916
2010-10-14,664,3138,1,1,2,6682,2935,163,103,1874
2010-10-15,629,3039,1,2,13,5334,2659,173,127,1832
2010-10-16,338,2002,0,1,11,3752,1709,96,57,1210
2010-10-17,364,2229,0,2,8,4449,2022,87,62,1259
2010-10-18,685,3149,0,1,2,7225,2935,157,100,1819
2010-10-19,682,3027,0,0,0,6366,2878,176,101,1866
2010-10-20,724,3590,0,0,0,6931,3441,195,121,2076
2010-10-21,691,3613,0,2,6,6634,3195,176,101,2006
2010-10-22,655,3360,0,1,4,6202,2960,198,131,1957
2010-10-23,364,2324,0,0,0,3876,2144,134,116,1372
2010-10-24,394,2660,0,0,0,5046,2591,89,102,1465
2010-10-25,745,3665,1,0,0,7379,3386,184,151,2079
2010-10-26,813,3636,1,0,0,7813,3199,197,138,2065
2010-10-27,776,3548,0,2,8,8037,3435,217,159,2096
2010-10-28,795,3632,0,2,23,5703,3004,173,121,2188
2010-10-29,685,3335,0,1,6,6595,3123,210,125,1968
2010-10-30,392,2114,0,0,0,3768,1701,136,61,1334
2010-10-31,367,2284,0,0,0,4133,2168,119,77,1326
2010-11-01,721,3172,1,1,2,7090,2924,168,119,1960
2010-11-02,758,3426,0,0,0,6872,3078,202,127,2051
2010-11-03,744,3286,1,0,0,7104,3083,182,111,2115
2010-11-04,736,3646,1,0,0,7319,3314,202,116,2107
2010-11-05,642,3412,0,0,0,6777,3144,151,108,1984
2010-11-06,435,2269,0,0,0,3553,1978,144,88,1353
2010-11-07,390,2264,0,0,0,5003,2187,112,83,1342
2010-11-08,696,3103,0,3,18,6630,2594,165,128,1849
2010-11-09,770,3147,1,1,3,7385,3032,173,120,2049
2010-11-10,734,2990,2,1,6,7380,2683,185,103,1965
2010-11-11,687,2944,1,1,2,6099,2702,165,127,1840
2010-11-12,725,3137,2,2,10,7317,2692,179,123,1946
2010-11-13,412,1841,1,0,0,5023,1855,128,76,1225
2010-11-14,357,2241,0,0,0,4264,1938,92,91,1345
2010-11-15,795,3036,1,0,0,8003,2708,206,118,1964
2010-11-16,830,2991,0,0,0,7653,2675,184,113,2001
2010-11-17,801,3153,1,1,4,7513,2860,197,100,1974
2010-11-18,774,2838,1,0,0,7595,2619,180,115,1839
2010-11-19,720,2730,0,0,0,6440,2496,180,84,1861
2010-11-20,426,2008,0,0,0,4565,1917,138,61,1342
2010-11-21,358,2164,0,0,0,4315,1777,103,70,1351
2010-11-22,716,2811,1,0,0,7409,2843,185,95,1845
2010-11-23,707,3393,0,0,0,7003,2894,196,117,2010
2010-11-24,667,2332,0,1,10,5753,1893,194,86,1669
2010-11-25,503,1887,0,0,0,4938,1458,173,74,1331
2010-11-26,486,1990,0,0,0,5365,2113,181,75,1358
2010-11-27,373,2046,6,0,0,4584,1819,113,67,1294
2010-11-28,355,2229,0,1,3,4644,2135,120,79,1285
2010-11-29,674,2918,2,0,0,7860,2720,176,87,1737
2010-11-30,794,2943,1,0,0,7096,2546,172,122,1912
2010-12-01,810,3362,1,0,0,7940,3196,178,130,2111
2010-12-02,826,3059,1,0,0,8898,2623,208,108,1999
2010-12-03,714,2987,2,0,0,6281,2622,179,124,1840
2010-12-04,486,2132,1,0,0,5232,1954,138,76,1377
2010-12-05,459,2194,0,0,0,4632,2035,113,89,1375
2010-12-06,746,3431,0,1,6,8350,3147,164,117,2036
2010-12-07,814,3008,1,0,0,7648,2867,161,112,1857
2010-12-08,886,3204,4,0,0,8884,3081,198,115,2081
2010-12-09,836,3711,5,1,5,7619,3175,201,142,2187
2010-12-10,718,3107,2,2,9,7451,2765,199,136,1917
2010-12-11,443,1807,1,1,3,4557,1592,159,65,1278
2010-12-12,351,2250,0,0,0,4591,2145,94,91,1307
2010-12-13,742,3168,1,0,0,7403,2669,182,133,1899
2010-12-14,765,3077,0,0,0,9653,3222,202,103,2071
2010-12-15,852,3267,2,0,0,7841,2982,213,125,2088
2010-12-16,760,3244,3,0,0,6995,2628,169,127,2027
2010-12-17,692,3228,1,1,3,7518,2987,170,148,1977
2010-12-18,401,1847,2,1,5,4077,1564,119,75,1248
2010-12-19,383,1840,1,0,0,4273,1672,110,63,1179
2010-12-20,690,2749,1,1,2,6393,2522,184,100,1815
2010-12-21,776,2838,3,0,0,7298,2684,174,102,1772
2010-12-22,687,2384,0,0,0,5457,2009,173,103,1635
2010-12-23,636,2597,0,1,5,5776,2127,165,113,1661
2010-12-24,401,1619,2,1,7,4589,1513,105,61,1109
2010-12-25,261,1110,1,0,0,3399,1217,86,38,848
2010-12-26,322,1442,0,1,7,3528,1162,93,45,963
2010-12-27,558,2088,1,1,6,5115,2045,157,73,1394
2010-12-28,577,2732,1,1,5,5188,2249,189,99,1559
2010-12-29,657,2601,0,2,11,6413,2211,204,96,1658
2010-12-30,626,2670,4,3,20,6453,2458,208,78,1602
2010-12-31,473,2375,0,2,5,4546,1989,163,82,1517
2011-01-01,343,1699,0,0,0,3880,1779,132,60,1151
2011-01-02,436,2238,0,0,0,5049,1977,118,74,1327
2011-01-03,691,2953,5,1,3,7136,2583,203,115,1797
2011-01-04,803,3120,5,1,3,7226,2837,185,143,1927
2011-01-05,835,3136,0,2,5,7257,2854,206,120,1972
2011-01-06,853,3878,1,1,2,7815,3519,207,148,2158
2011-01-07,758,2954,0,0,0,6647,2572,198,109,1894
2011-01-08,477,2201,0,2,11,4064,1765,176,95,1397
2011-01-09,438,2090,0,0,0,4422,1951,135,79,1338
2011-01-10,727,2617,1,2,9,7623,2250,224,104,1728
2011-01-11,768,3173,0,2,9,7703,3030,169,110,2072
2011-01-12,742,3299,0,2,12,7353,2815,137,146,1967
2011-01-13,639,2964,0,1,5,6781,2885,145,100,1801
2011-01-14,736,3293,3,1,17,7447,2852,194,108,1936
2011-01-15,417,1816,0,1,7,4008,1540,137,71,1255
2011-01-16,420,2109,1,0,0,4880,1936,141,76,1345
2011-01-17,634,2622,3,1,2,6089,2332,207,94,1737
2011-01-18,828,3139,0,2,9,7346,2752,230,135,1962
2011-01-19,814,3075,0,1,7,6812,2824,186,108,1936
2011-01-20,853,3115,1,1,15,7895,2819,226,116,2020
2011-01-21,760,2789,0,3,19,6375,2413,176,96,1868
2011-01-22,456,1490,1,1,6,4426,1264,107,65,1112
2011-01-23,394,1927,0,0,0,5495,1863,110,69,1225
2011-01-24,773,2831,6,0,0,6970,2649,184,111,1839
2011-01-25,859,3277,2,1,7,8338,2954,204,106,2141
2011-01-26,865,3500,0,3,29,7262,2951,188,115,2196
2011-01-27,752,3448,2,5,51,7009,3080,161,112,2108
2011-01-28,740,3115,0,2,10,7161,2670,172,123,1973
2011-01-29,462,2345,0,0,0,5005,2140,147,99,1426
2011-01-30,390,2389,0,1,4,4909,2130,136,94,1374
2011-01-31,826,3284,3,1,3,8627,2896,174,119,2091
2011-02-01,851,3488,0,1,8,9198,3353,169,134,2181
2011-02-02,843,3830,6,3,32,8512,3384,166,139,2279
2011-02-03,890,3846,0,6,43,8194,3510,192,132,2233
2011-02-04,773,3479,3,4,28,6505,2811,335,130,2164
2011-02-05,397,2104,0,1,5,4891,1835,126,92,1342
2011-02-06,365,2068,0,3,19,5224,2135,82,64,1291
2011-02-07,807,3606,0,1,20,8382,3133,206,134,2144
2011-02-08,829,3338,2,1,8,7541,3041,191,114,2085
2011-02-09,784,3602,0,2,28,8560,3347,171,143,2227
2011-02-10,900,3570,0,7,72,7790,3017,202,148,2274
2011-02-11,825,3398,0,3,22,7796,3058,242,112,2165
2011-02-12,530,2251,0,2,27,4905,1869,161,86,1454
2011-02-13,452,2557,0,0,3,6192,2626,145,77,1495
2011-02-14,816,3940,6,1,7,8601,3670,192,136,2214
2011-02-15,854,3845,0,6,24,8463,3466,217,145,2296
2011-02-16,935,3935,5,1,7,9123,3467,231,123,2373
2011-02-17,880,3629,1,1,5,7383,2908,198,150,2171
2011-02-18,779,3523,1,2,16,8229,3231,212,153,2145
2011-02-19,468,2057,0,2,11,4358,1780,123,100,1386
2011-02-20,437,2780,0,4,16,5399,2557,146,114,1547
2011-02-21,806,3495,0,1,6,8383,3314,233,126,2082
2011-02-22,780,3468,3,3,28,8304,3115,178,140,2112
2011-02-23,852,3269,1,1,7,7448,2644,223,125,2136
2011-02-24,843,3191,0,1,7,7563,2874,190,121,2108
2011-02-25,769,3129,6,1,10,7682,2835,177,146,2057
2011-02-26,477,2089,0,2,6,5383,1831,155,80,1433
2011-02-27,389,2106,0,0,0,5634,2027,100,79,1346
2011-02-28,794,3337,6,3,22,8663,2952,201,157,2062
2011-03-01,937,3288,0,4,38,8056,2869,220,148,2207
2011-03-02,833,3337,2,1,3,7484,3094,208,130,2141
2011-03-03,855,3408,1,0,0,8645,3008,217,147,2153
2011-03-04,812,3189,3,2,5,7774,2866,220,126,2076
2011-03-05,457,2121,0,0,0,5010,1948,144,71,1363
2011-03-06,438,2086,1,1,3,5107,1729,121,98,1361
2011-03-07,846,2967,5,0,0,7754,2636,219,118,2085
2011-03-08,857,3025,0,0,0,8178,2837,207,117,2054
2011-03-09,858,3192,11,3,21,7019,2821,164,146,2147
2011-03-10,905,3203,6,0,0,8432,3153,203,127,2138
2011-03-11,804,3252,0,2,21,7880,2544,230,131,2056
2011-03-12,478,1881,2,0,0,4868,1538,165,92,1305
2011-03-13,447,2375,0,1,7,6652,2400,118,92,1504
2011-03-14,901,3529,0,4,22,9011,3220,233,143,2221
2011-03-15,904,4038,1,0,0,8734,3590,238,172,2384
2011-03-16,938,3516,5,0,0,8624,3194,224,144,2257
2011-03-17,924,3254,0,1,7,8077,2958,208,151,2191
2011-03-18,849,2936,4,2,8,7636,2394,211,136,1948
2011-03-19,482,2109,0,0,0,4782,1808,144,92,1416
2011-03-20,429,2284,0,1,4,5789,2185,123,107,1452
2011-03-21,857,3538,6,1,14,9590,3431,185,126,2253
2011-03-22,971,3919,0,1,19,9216,3051,251,180,2480
2011-03-23,925,3946,0,2,14,9038,3687,228,185,2416
2011-03-24,919,3475,0,3,34,7923,2900,192,167,2234
2011-03-25,857,3401,5,7,43,8067,2989,223,146,2169
2011-03-26,513,2204,0,1,4,5341,1991,162,67,1522
2011-03-27,442,2425,2,3,6,5468,2186,143,101,1505
2011-03-28,962,3209,4,0,0,8143,2765,226,136,2219
2011-03-29,920,3449,8,1,6,9009,3250,243,132,2300
2011-03-30,920,3742,2,2,8,8738,3284,242,162,2343
2011-03-31,968,3503,3,5,16,10349,3099,218,175,2281
2011-04-01,967,3292,0,3,13,7866,2831,270,184,2426
2011-04-02,436,2230,1,4,13,4705,1753,162,81,1511
2011-04-03,390,2890,1,0,0,5597,2801,147,137,1609
2011-04-04,799,3650,7,1,3,8931,3184,210,151,2183
2011-04-05,957,3208,2,3,13,8294,2837,254,174,2163
2011-04-06,896,3322,2,1,9,8162,2793,249,160,2288
2011-04-07,902,3229,3,6,32,10565,2848,226,139,2204
2011-04-08,780,3465,3,5,23,7473,2862,223,163,2199
2011-04-09,430,1943,0,2,12,4848,1513,164,96,1350
2011-04-10,415,1902,0,2,17,4969,1770,115,85,1267
2011-04-11,889,3384,5,2,9,9589,3242,239,159,2221
2011-04-12,976,3934,1,1,3,10065,3493,277,141,2488
2011-04-13,871,3899,0,2,20,8702,3520,236,150,2502
2011-04-14,865,3303,0,2,5,8504,2531,230,135,2263
2011-04-15,786,2968,1,0,0,7573,2718,247,144,2027
2011-04-16,461,2007,0,1,10,4541,1660,170,76,1398
2011-04-17,404,1783,0,2,8,4206,1567,121,71,1287
2011-04-18,809,2979,7,3,15,8103,2635,229,115,2050
2011-04-19,831,2679,2,0,0,7646,2483,235,110,1998
2011-04-20,920,3252,2,1,3,8205,2786,263,132,2206
2011-04-21,873,3052,6,1,2,8650,2636,236,129,2118
2011-04-22,692,2309,0,0,0,6344,2014,218,100,1714
2011-04-23,424,1641,0,1,2,5923,1574,180,66,1249
2011-04-24,365,1651,1,1,2,3952,1338,129,80,1166
2011-04-25,788,2699,0,0,0,8485,2428,233,120,1859
2011-04-26,919,3440,4,1,2,9175,3089,268,151,2220
2011-04-27,909,2903,2,0,0,8692,2374,268,145,2099
2011-04-28,922,3182,0,1,5,9645,2974,281,108,2254
2011-04-29,831,2921,0,2,5,7570,2510,265,135,1983
2011-04-30,450,1979,1,0,0,5242,1808,182,86,1352
2011-05-01,404,2118,1,0,0,4863,1909,135,84,1475
2011-05-02,761,3212,3,1,2,9051,2869,266,161,2096
2011-05-03,807,2973,2,1,3,7208,2536,276,122,2074
2011-05-04,889,2600,0,0,0,8170,2068,261,104,1997
2011-05-05,802,2903,3,1,7,8476,2816,217,104,1950
2011-05-06,745,2722,1,0,0,6979,2160,230,108,1949
2011-05-07,426,1574,1,0,0,3993,1336,170,67,1171
2011-05-08,452,1675,0,1,10,5347,1466,182,64,1273
2011-05-09,832,2808,1,1,8,7257,2400,256,118,1941
2011-05-10,899,2943,8,1,6,8479,2517,256,132,2057
2011-05-11,896,3497,3,0,0,9101,3326,276,146,2227
2011-05-12,838,3060,1,3,12,9337,2824,256,153,2112
2011-05-13,778,3018,3,0,0,7303,2378,239,113,2105
2011-05-14,453,1749,3,0,0,4472,1680,174,84,1235
2011-05-15,415,1831,0,1,3,4384,1500,140,76,1260
2011-05-16,796,2761,1,1,6,7383,2197,224,79,1980
2011-05-17,897,2871,3,1,5,8274,2520,244,109,2126
2011-05-18,932,2911,3,4,15,8992,2487,275,139,2077
2011-05-19,798,2657,3,1,4,7730,2398,247,109,1965
2011-05-20,835,3154,1,1,2,7484,2683,242,124,2170
2011-05-21,485,1832,0,0,0,4930,1797,193,80,1340
2011-05-22,398,2041,0,0,0,4753,1686,140,79,1302
2011-05-23,802,2688,2,0,0,7567,2499,232,92,1920
2011-05-24,917,3205,2,0,0,7843,2830,250,150,2178
2011-05-25,938,2893,2,0,0,7883,2626,255,112,2061
2011-05-26,851,2965,4,0,0,7651,2586,273,120,2021
2011-05-27,824,2768,1,0,0,7429,2458,253,104,1962
2011-05-28,420,1577,0,0,0,4395,1316,179,51,1204
2011-05-29,395,2050,0,4,14,3924,1634,123,87,1344
2011-05-30,593,2232,0,0,0,6305,1808,200,77,1561
2011-05-31,909,3501,1,0,0,9034,3361,258,134,2218
2011-06-01,989,3703,0,1,6,9674,3288,304,155,2528
2011-06-02,927,3670,2,1,3,8228,3064,256,179,2340
2011-06-03,855,3027,2,1,4,8294,2603,278,109,2101
2011-06-04,481,1836,0,1,6,4313,1478,209,88,1338
2011-06-05,405,1964,1,1,2,4906,1866,116,64,1326
2011-06-06,869,3243,2,2,14,7785,2892,271,148,2099
2011-06-07,935,3186,1,0,0,8755,2910,292,112,2243
2011-06-08,823,3155,2,2,8,7704,2641,259,114,2152
2011-06-09,845,2882,3,2,16,7310,2362,275,108,2111
2011-06-10,840,2748,2,0,0,7324,2563,254,100,2012
2011-06-11,468,1920,0,0,0,4149,1655,200,70,1337
2011-06-12,410,2025,1,1,2,5249,1848,151,80,1342
2011-06-13,835,2724,2,0,0,7273,2495,258,106,1921
2011-06-14,879,3233,2,0,0,7976,2802,259,126,2172
2011-06-15,952,3215,3,1,9,8631,2870,293,114,2262
2011-06-16,860,3308,3,0,0,8337,3005,279,132,2203
2011-06-17,801,2953,2,0,0,7713,2538,279,127,2003
2011-06-18,464,1830,1,0,0,3918,1341,209,72,1361
2011-06-19,423,2075,0,1,8,5247,1924,162,92,1391
2011-06-20,965,3352,6,2,34,8979,3271,313,150,2262
2011-06-21,920,3288,1,0,0,7653,2745,305,113,2299
2011-06-22,998,4007,2,3,23,8795,3215,345,161,2605
2011-06-23,943,3475,2,1,7,8500,2838,317,161,2263
2011-06-24,843,3144,1,0,0,8200,2675,329,112,2100
2011-06-25,469,2091,0,0,0,4400,1740,194,89,1422
2011-06-26,445,2089,0,0,0,5577,2075,169,98,1413
2011-06-27,830,3101,3,0,0,8359,2356,306,103,2202
2011-06-28,989,3407,3,2,9,9854,3045,316,152,2341
2011-06-29,912,3072,1,0,0,8105,2573,339,144,2174
2011-06-30,894,3473,2,4,13,8352,3057,333,164,2380
2011-07-01,804,3548,1,1,8,7229,2896,289,130,2342
2011-07-02,457,1578,1,1,14,4228,1259,178,51,1265
2011-07-03,384,1844,0,0,0,5299,1839,149,60,1255
2011-07-04,627,2649,0,3,15,6369,2184,245,125,1726
2011-07-05,824,2982,3,4,22,8310,2325,308,101,2167
2011-07-06,1004,3443,2,1,8,7647,3088,327,128,2362
2011-07-07,970,3253,2,1,4,8407,2610,329,110,2298
2011-07-08,822,2972,3,0,0,8170,2565,281,96,2064
2011-07-09,511,1519,1,0,0,4838,1373,187,57,1281
2011-07-10,410,1917,0,0,0,4571,1550,110,100,1301
2011-07-11,888,3136,1,1,2,8030,2862,306,144,2110
2011-07-12,940,3237,2,0,0,9603,2833,311,138,2317
2011-07-13,931,3059,2,0,0,8354,2655,332,121,2202
2011-07-14,900,3595,2,4,35,7820,2935,304,128,2441
2011-07-15,864,3037,1,0,0,7313,2650,314,116,2117
2011-07-16,500,2005,0,0,0,4118,1452,222,92,1398
2011-07-17,410,2008,1,0,0,5817,2152,161,90,1428
2011-07-18,980,3393,1,1,3,8409,2954,308,149,2313
2011-07-19,990,3703,3,1,7,8151,3118,317,158,2410
2011-07-20,985,3291,1,0,0,8751,2872,324,119,2339
2011-07-21,940,2914,1,0,0,8862,2536,278,128,2166
2011-07-22,1009,2803,1,1,10,8429,2250,392,134,2189
2011-07-23,566,1988,0,0,0,5159,1692,288,71,1523
2011-07-24,466,2031,1,0,0,4727,1846,191,88,1393
2011-07-25,1065,3492,4,4,30,7573,2580,397,168,2350
2011-07-26,1052,3656,3,3,13,9313,3224,377,153,2531
2011-07-27,934,3768,1,4,25,8838,3054,348,149,2458
2011-07-28,1042,3681,1,2,22,8586,3176,393,135,2501
2011-07-29,887,3889,1,1,6,9523,3375,316,153,2351
2011-07-30,470,2301,0,2,16,5047,1704,229,116,1466
2011-07-31,440,2486,0,1,5,6118,2407,213,118,1514
2011-08-01,981,4012,4,0,0,9508,3568,351,150,2669
2011-08-02,1016,3081,1,1,4,7995,2294,395,135,2309
2011-08-03,1069,3506,2,4,20,10273,3408,371,158,2478
2011-08-04,1041,3466,4,2,15,8629,2611,401,135,2370
2011-08-05,998,2963,0,1,7,7079,2344,341,112,2110
2011-08-06,579,2320,0,1,2,4892,2029,266,106,1592
2011-08-07,488,2450,0,2,13,6029,2117,210,88,1544
2011-08-08,1004,2880,1,0,1,8451,2519,383,138,2159
2011-08-09,1023,2938,3,1,6,7772,2234,391,113,2204
2011-08-10,1117,3568,0,0,0,9022,3041,392,151,2463
2011-08-11,1099,3481,2,1,6,9239,3105,413,150,2441
2011-08-12,948,3424,3,1,2,8209,2825,370,144,2305
2011-08-13,481,2064,3,1,9,5759,1699,223,69,1436
2011-08-14,471,2052,1,0,0,5441,1799,245,80,1432
2011-08-15,969,3349,0,1,9,9669,2961,387,133,2310
2011-08-16,1052,3105,2,4,25,9741,2556,405,153,2322
2011-08-17,1003,2998,2,1,10,7966,2334,370,95,2244
2011-08-18,995,3197,1,1,5,9967,3033,360,116,2334
2011-08-19,849,2832,2,2,15,7940,2269,284,105,2030
2011-08-20,552,2195,0,1,9,5626,2038,299,100,1527
2011-08-21,465,2119,0,1,5,4944,1679,226,81,1422
2011-08-22,1028,2993,1,0,0,7680,2467,371,112,2267
2011-08-23,1065,3089,0,1,2,8877,2546,433,111,2324
2011-08-24,1120,3171,2,1,3,11564,2828,412,144,2366
2011-08-25,1064,2625,1,0,0,8908,1839,444,125,2119
2011-08-26,1000,2542,0,1,5,7857,1959,420,105,2104
2011-08-27,643,1842,0,1,7,5149,1484,353,72,1503
2011-08-28,514,1926,2,1,3,5542,1644,266,73,1356
2011-08-29,1015,3182,1,0,0,9460,2641,431,118,2270
2011-08-30,1117,3037,2,0,0,8421,2368,451,130,2368
2011-08-31,1032,3374,2,0,0,9878,3022,369,117,2480
2011-09-01,1105,3097,2,0,0,8391,2868,387,166,2429
2011-09-02,1058,2669,0,0,0,6995,1920,435,126,2172
2011-09-03,600,1780,0,0,0,4691,1449,353,67,1450
2011-09-04,530,1658,0,1,2,4889,1186,266,56,1304
2011-09-05,834,2177,0,1,6,6892,1448,429,82,1816
2011-09-06,1180,2933,1,2,13,9037,2648,485,132,2318
2011-09-07,1164,3116,2,0,0,9322,2625,475,128,2475
2011-09-08,1103,3039,3,0,0,8322,2521,511,123,2389
2011-09-09,1027,3030,3,2,12,8094,2422,447,115,2361
2011-09-10,603,1933,1,1,8,4294,1234,334,83,1465
2011-09-11,556,1874,0,0,0,5771,1687,292,71,1446
2011-09-12,1094,3014,2,3,18,8291,2352,445,104,2322
2011-09-13,1221,3565,4,0,0,9585,3274,506,146,2649
2011-09-14,1209,2947,2,3,14,7929,1961,525,110,2462
2011-09-15,1154,3045,1,3,15,8204,2392,508,110,2458
2011-09-16,1086,3113,3,0,0,8605,2576,498,105,2345
2011-09-17,672,1674,0,0,0,4685,1096,376,79,1489
2011-09-18,532,1980,0,1,4,5380,1683,378,67,1406
2011-09-19,1126,2918,1,2,14,8938,2547,501,119,2331
2011-09-20,1224,3196,1,1,3,8877,2385,555,146,2420
2011-09-21,1248,2811,3,0,0,8758,2152,585,121,2412
2011-09-22,1177,2916,2,0,0,8689,2244,517,133,2372
2011-09-23,1120,2648,2,0,0,9573,1985,507,102,2235
2011-09-24,709,1873,0,0,0,5835,1467,383,84,1536
2011-09-25,625,1832,1,2,10,5912,1329,323,63,1464
2011-09-26,1197,2918,1,1,6,9133,2409,506,115,2437
2011-09-27,1329,3252,3,2,12,9891,2731,562,159,2626
2011-09-28,1192,3465,1,1,6,8732,2688,482,121,2577
2011-09-29,1174,3191,1,1,9,10425,2832,492,116,2548
2011-09-30,1105,2960,3,2,6,6984,1873,502,117,2352
2011-10-01,672,1893,0,1,5,5077,1933,359,67,1617
2011-10-02,590,2347,0,0,0,5542,1725,292,103,1623
2011-10-03,1164,3115,3,0,0,10020,2821,417,153,2456
2011-10-04,1170,3617,1,1,6,8549,2976,476,180,2481
2011-10-05,1215,3445,1,1,4,13364,2719,495,151,2655
2011-10-06,1157,2714,3,1,5,19507,2167,318,165,2150
2011-10-07,1196,3220,0,0,0,9936,2737,508,144,2463
2011-10-08,754,1921,0,0,0,6199,1417,409,66,1682
2011-10-09,676,1823,0,0,0,5136,1374,386,77,1494
2011-10-10,1199,3519,2,1,2,10281,3038,495,144,2597
2011-10-11,1268,3259,2,0,0,10373,2635,536,152,2520
2011-10-12,1159,3152,0,1,8,9311,2629,530,147,2460
2011-10-13,1103,2917,3,1,7,14555,2515,351,136,2331
2011-10-14,952,3176,4,1,5,7971,2646,338,148,2290
2011-10-15,553,2112,1,0,0,6212,1801,233,89,1515
2011-10-16,456,2078,1,1,4,4617,1734,156,57,1449
2011-10-17,992,3366,1,1,6,9581,3141,342,122,2408
2011-10-18,1253,3563,2,2,7,10401,3002,443,128,2627
2011-10-19,1260,3535,3,2,11,8991,2768,493,144,2638
2011-10-20,1164,3787,2,0,0,9570,3356,476,137,2653
2011-10-21,1092,3438,1,0,0,9135,2873,470,130,2533
2011-10-22,644,1729,0,0,0,5044,1306,309,56,1470
2011-10-23,545,2457,0,1,10,5434,2027,251,92,1608
2011-10-24,1154,3246,1,6,18,12250,2806,451,142,2406
2011-10-25,1105,3158,2,2,8,9062,2479,419,122,2401
2011-10-26,1072,3401,2,0,0,9780,3224,395,135,2433
2011-10-27,1206,4000,2,2,15,10084,3329,526,174,2752
2011-10-28,1097,3256,2,1,3,8701,2361,491,99,2394
2011-10-29,681,1931,1,0,0,6247,1446,390,63,1540
2011-10-30,686,1883,0,0,0,7689,1703,385,62,1554
2011-10-31,1254,2740,2,1,6,7921,2089,554,122,2403
2011-11-01,1221,3685,2,2,30,8947,3026,586,135,2909
2011-11-02,1273,3482,3,1,7,9535,2780,566,126,2718
2011-11-03,1302,3485,2,0,0,9366,2640,620,119,2771
2011-11-04,1118,2871,2,0,0,8263,2603,560,92,2428
2011-11-05,755,2268,1,1,4,4813,1325,480,88,1761
2011-11-06,677,2367,1,0,0,6623,2106,366,96,1783
2011-11-07,1198,3222,1,0,0,8759,2382,570,107,2483
2011-11-08,1282,3452,2,0,0,10496,2966,602,131,2686
2011-11-09,1247,3399,2,0,0,9138,2489,574,122,2675
2011-11-10,1247,3176,2,1,3,9849,2875,573,126,2505
2011-11-11,1105,2957,2,0,0,8084,1933,583,97,2366
2011-11-12,705,1956,1,0,0,4659,1544,421,63,1631
2011-11-13,628,2252,1,0,0,6004,1837,338,91,1683
2011-11-14,1209,2850,4,0,0,10278,2239,556,114,2415
2011-11-15,1378,3344,2,1,4,9886,2723,611,111,2644
2011-11-16,1348,3419,2,0,0,10607,2661,627,146,2715
2011-11-17,1282,2795,0,0,0,8573,1967,630,110,2497
2011-11-18,1223,3000,2,0,0,10643,2427,597,142,2464
2011-11-19,747,1940,1,0,0,5706,1574,415,79,1696
2011-11-20,652,2013,0,0,0,5598,1317,358,72,1606
2011-11-21,1151,2815,1,0,0,8755,2213,566,123,2307
2011-11-22,1310,3319,1,0,0,10284,2937,618,130,2633
2011-11-23,1115,3198,2,0,0,6959,2331,510,143,2416
2011-11-24,885,2500,1,0,0,6409,1850,466,102,1918
2011-11-25,849,2013,1,1,4,6454,1590,452,73,1733
2011-11-26,627,1863,2,0,0,4282,1421,339,76,1462
2011-11-27,570,2099,1,0,0,5763,2094,268,78,1450
2011-11-28,1274,3204,1,0,0,9121,2292,564,128,2514
2011-11-29,1474,3190,3,0,0,11738,2573,727,138,2689
2011-11-30,1307,3232,2,0,0,9285,2454,582,106,2620
2011-12-01,1260,3251,3,3,27,8249,1957,597,146,2702
2011-12-02,1238,3009,1,4,23,8813,2252,570,111,2458
2011-12-03,821,2158,1,1,9,5064,1490,482,81,1799
2011-12-04,710,2285,0,2,6,6123,2142,387,91,1691
2011-12-05,1300,3463,3,5,26,9646,2344,624,132,2676
2011-12-06,1180,3458,2,0,0,9905,3086,492,137,2576
2011-12-07,1153,3858,3,2,17,8832,2848,461,159,2792
2011-12-08,1151,3827,4,0,0,10009,3412,403,127,2672
2011-12-09,1019,3419,4,1,3,8751,2943,333,123,2448
2011-12-10,554,2024,3,0,0,5267,1330,240,77,1530
2011-12-11,506,2214,0,0,0,6311,2232,160,106,1515
2011-12-12,1012,3054,3,2,11,9624,2525,382,119,2330
2011-12-13,1059,3214,3,0,0,10099,2981,381,136,2420
2011-12-14,1040,3319,1,1,21,8297,2673,347,126,2520
2011-12-15,1058,3269,3,0,0,9527,2968,369,134,2430
2011-12-16,958,3214,1,1,2,8893,2590,298,124,2238
2011-12-17,607,1948,1,0,0,5402,1565,240,102,1498
2011-12-18,468,1990,1,0,0,6480,1804,159,84,1376
2011-12-19,1053,2700,3,0,0,9501,2299,358,122,2135
2011-12-20,1039,3067,1,1,2,9428,2674,337,138,2334
2011-12-21,1040,2858,3,2,15,7535,2350,387,107,2304
2011-12-22,960,3249,1,1,6,13360,2903,330,119,2304
2011-12-23,847,2872,1,4,13,9058,2153,358,98,2131
2011-12-24,560,1825,0,0,0,7289,1607,237,70,1451
2011-12-25,374,1441,0,4,9,3999,892,161,57,1146
2011-12-26,641,1742,2,0,0,7403,1554,295,70,1447
2011-12-27,899,2831,1,0,0,8769,2890,349,102,2106
2011-12-28,937,3009,2,3,10,7073,2037,359,134,2190
2011-12-29,895,3074,1,5,25,7754,2536,341,106,2172
2011-12-30,874,2748,2,0,0,6725,2215,332,82,2063
2011-12-31,574,2078,2,0,0,4936,1646,223,90,1468
2012-01-01,444,1503,0,4,30,5482,1515,164,59,1230
2012-01-02,839,2876,3,0,0,8171,2603,296,85,2046
2012-01-03,1109,2833,2,3,22,9438,2475,367,108,2288
2012-01-04,1144,3479,4,1,6,8612,2752,373,124,2616
2012-01-05,1134,3451,2,2,7,9071,3177,394,125,2665
2012-01-06,1111,3277,2,0,0,8795,2464,393,130,2516
2012-01-07,643,2117,0,0,0,4948,1805,252,89,1594
2012-01-08,474,2023,0,0,0,5908,1769,174,72,1479
2012-01-09,1126,2868,1,1,5,9802,2707,345,116,2293
2012-01-10,1142,3624,3,2,10,9932,3261,361,136,2662
2012-01-11,1066,3488,4,1,2,8849,2741,335,120,2541
2012-01-12,1160,3000,4,4,13,9653,2320,351,113,2488
2012-01-13,1105,3323,2,2,14,11172,2887,350,155,2488
2012-01-14,568,2193,0,1,3,6225,1995,185,91,1592
2012-01-15,565,2375,0,4,13,6063,1926,178,100,1671
2012-01-16,1028,3223,1,4,183,10122,2778,323,158,2355
2012-01-17,1077,2857,2,0,0,10219,2681,270,118,2248
2012-01-18,1330,4012,1,4,24,16841,3530,313,184,2796
2012-01-19,1254,3792,3,0,0,11074,3302,298,170,2620
2012-01-20,1103,3204,4,0,0,11186,2914,321,165,2327
2012-01-21,718,2481,2,0,0,7478,1976,214,112,1724
2012-01-22,601,2642,1,0,0,6719,2297,187,106,1702
2012-01-23,1078,3355,1,1,3,11579,2834,340,166,2442
2012-01-24,1146,3675,3,0,0,10638,3584,353,155,2656
2012-01-25,1028,3653,3,0,0,8929,2888,344,117,2571
2012-01-26,1058,3171,2,0,0,10163,2939,299,113,2375
2012-01-27,960,3240,2,0,0,8942,2918,303,128,2334
2012-01-28,615,2479,1,0,0,6244,2200,233,109,1783
2012-01-29,490,2391,2,1,5,6604,2133,169,92,1601
2012-01-30,1037,3307,2,3,11,10488,2826,307,139,2469
2012-01-31,1144,3608,2,0,0,10020,3386,365,159,2691
2012-02-01,1164,3648,3,2,10,10367,3123,314,155,2707
2012-02-02,1052,3340,3,3,7,8623,2729,333,142,2525
2012-02-03,1020,3475,4,1,5,9589,3231,319,151,2560
2012-02-04,649,2414,0,0,0,5943,2088,262,98,1808
2012-02-05,519,2445,3,0,0,5427,1885,190,87,1671
2012-02-06,1004,3083,2,2,12,10004,2679,349,124,2318
2012-02-07,1099,3362,3,1,11,10541,3077,331,133,2542
2012-02-08,1162,3678,3,1,3,10731,3173,350,150,2667
2012-02-09,1142,3483,1,0,0,10807,3206,348,151,2573
2012-02-10,1035,3202,2,1,3,8469,2535,341,135,2412
2012-02-11,590,1900,1,1,2,5766,1669,244,103,1516
2012-02-12,532,2412,1,0,0,5657,2029,188,91,1724
2012-02-13,1041,3383,7,0,0,10591,3225,335,168,2465
2012-02-14,1075,3326,3,1,3,9117,2645,339,124,2515
2012-02-15,1066,3325,3,1,2,9652,2805,386,115,2439
2012-02-16,1134,3428,4,0,0,10477,3100,341,165,2493
2012-02-17,1000,3156,0,1,7,9056,2605,322,101,2347
2012-02-18,555,2067,3,0,0,6073,1952,207,86,1604
2012-02-19,527,2129,0,0,0,6133,1845,150,70,1534
2012-02-20,932,2760,4,0,0,7293,2360,346,89,2229
2012-02-21,1110,2920,2,3,10,10207,2613,393,125,2447
2012-02-22,1134,3411,1,1,6,9646,2746,432,161,2613
2012-02-23,1080,3095,3,3,25,8790,2608,352,128,2423
2012-02-24,967,3342,3,0,0,9117,2988,326,111,2352
2012-02-25,594,2003,2,1,2,6847,1946,272,75,1573
2012-02-26,576,2371,0,1,6,5625,1792,193,111,1586
2012-02-27,1063,2892,2,1,6,10163,2571,357,131,2281
2012-02-28,1059,3431,3,0,0,9608,3044,288,148,2552
2012-02-29,1221,3399,4,0,0,9933,2824,430,156,2626
2012-03-01,1086,3296,3,0,0,11018,3049,385,125,2695
2012-03-02,1004,3114,3,1,4,7580,2322,355,103,2370
2012-03-03,637,1991,0,0,0,5766,1716,241,78,1581
2012-03-04,587,2550,2,1,18,8115,2398,201,109,1788
2012-03-05,1125,3256,2,1,3,10135,2666,383,150,2480
2012-03-06,1080,3371,4,1,3,11247,3184,339,134,2534
2012-03-07,1052,3314,1,0,0,9246,2708,334,154,2472
2012-03-08,1133,3223,5,1,6,9621,2608,281,163,2435
2012-03-09,1000,3224,3,1,6,8463,2786,322,133,2402
2012-03-10,634,1944,1,1,2,6502,1601,221,82,1525
2012-03-11,584,1993,1,0,0,6892,2089,198,77,1513
2012-03-12,1126,3455,3,0,0,10582,3132,377,124,2510
2012-03-13,1131,3515,5,0,0,10913,3303,390,116,2560
2012-03-14,1194,3857,3,5,36,9235,2713,396,158,2780
2012-03-15,1244,3920,4,0,0,10649,3523,405,172,2851
2012-03-16,1062,3551,3,1,5,8374,2691,404,134,2556
2012-03-17,657,2060,2,1,18,5987,1565,295,82,1656
2012-03-18,557,2354,1,0,0,6480,2356,181,77,1631
2012-03-19,1223,4270,2,1,3,10288,3866,397,148,2824
2012-03-20,1251,4029,2,1,7,11336,3346,420,139,2851
2012-03-21,1269,3839,3,1,4,11415,3736,454,164,2756
2012-03-22,1286,3922,4,2,8,9193,2908,443,140,2807
2012-03-23,1160,3950,2,4,96,14320,2738,418,211,2768
2012-03-24,635,2552,2,2,93,5072,1714,296,141,1844
2012-03-25,607,2456,1,0,0,6392,2058,212,95,1779
2012-03-26,1269,3647,4,4,32,12559,3246,411,154,2732
2012-03-27,1315,3413,2,5,53,10173,2630,472,156,2741
2012-03-28,1267,3649,3,1,2,12044,3361,444,207,2713
2012-03-29,1339,3472,6,3,28,11653,2768,495,163,2751
2012-03-30,1149,3755,3,2,9,9297,2954,422,173,2691
2012-03-31,743,2505,1,3,12,6189,2076,330,127,1884
2012-04-01,673,2826,0,2,8,8366,2570,270,106,2120
2012-04-02,1133,4046,3,8,47,10676,2798,355,165,2844
2012-04-03,1188,3457,4,0,0,9458,2996,377,130,2669
2012-04-04,1143,3952,3,0,0,8924,3560,356,179,2784
2012-04-05,1154,3565,4,0,0,8778,2832,387,146,2635
2012-04-06,955,3196,3,0,0,6632,2624,342,136,2300
2012-04-07,656,2384,1,0,0,5645,2191,253,82,1716
2012-04-08,525,2227,1,0,0,4765,1766,181,70,1625
2012-04-09,1147,3463,4,0,0,10406,3323,396,138,2536
2012-04-10,1243,3954,2,0,0,10175,3554,415,173,2831
2012-04-11,1265,3833,2,0,0,9388,3000,430,174,2882
2012-04-12,1077,3368,4,0,0,9576,2917,383,196,2577
2012-04-13,1077,3517,2,0,0,9249,3027,357,157,2573
2012-04-14,695,2276,1,0,0,5791,1727,280,93,1733
2012-04-15,595,2260,0,0,0,5962,2099,201,126,1643
2012-04-16,1273,3656,4,0,0,8609,3274,439,160,2680
2012-04-17,1296,4206,3,0,0,10559,3654,446,148,3032
2012-04-18,1233,3895,4,0,0,9222,3264,394,141,2772
2012-04-19,1256,3756,1,0,0,9090,3296,420,136,2780
2012-04-20,1085,3404,3,0,0,8332,2664,374,127,2509
2012-04-21,684,2394,2,0,0,6121,2303,308,119,1795
2012-04-22,564,2642,0,0,0,5698,2277,209,92,1871
2012-04-23,1169,3894,2,0,0,10624,3600,385,154,2832
2012-04-24,1314,3991,3,0,0,10365,3318,494,177,2999
2012-04-25,1329,3398,4,0,0,9817,2708,433,174,2677
2012-04-26,1222,3817,3,0,0,9465,3432,377,159,2761
2012-04-27,1015,3790,3,0,0,9164,3400,384,120,2695
2012-04-28,593,2411,1,0,0,4563,1725,289,105,1761
2012-04-29,482,2466,1,0,0,5422,2082,186,85,1658
2012-04-30,1068,3643,2,0,0,8581,3562,334,144,2618
2012-05-01,1081,3604,2,0,0,10043,3342,326,133,2708
2012-05-02,1204,3656,3,0,0,9367,2949,383,170,2642
2012-05-03,1204,3397,3,0,0,8875,2902,409,152,2618
2012-05-04,1037,3422,2,0,0,7996,2895,362,121,2522
2012-05-05,660,2144,1,0,0,4779,1795,294,75,1689
2012-05-06,563,2679,0,0,0,6331,2770,207,113,1819
2012-05-07,1034,3568,2,0,0,7851,2762,354,114,2602
2012-05-08,1157,3746,3,0,0,9135,3416,399,131,2753
2012-05-09,1055,3641,0,0,0,9707,3232,352,139,2685
2012-05-10,1095,4577,3,0,0,9637,4134,359,148,2913
2012-05-11,1020,4206,4,0,0,8895,3764,396,173,2805
2012-05-12,646,2854,3,0,0,5382,2258,263,101,1910
2012-05-13,497,2734,1,0,0,5552,2358,184,77,1736
2012-05-14,1168,4047,4,0,0,10302,3832,416,141,2847
2012-05-15,1307,4244,3,0,0,10703,3621,449,159,3063
2012-05-16,1235,3848,2,0,0,9349,3096,493,141,2783
2012-05-17,1207,3816,2,0,0,9253,3381,415,127,2772
2012-05-18,1126,3779,4,0,0,7897,3173,422,179,2647
2012-05-19,642,2179,2,0,0,5297,1785,308,92,1615
2012-05-20,591,2549,3,0,0,5790,2330,248,99,1777
2012-05-21,1193,3727,2,0,0,10087,3165,502,175,2838
2012-05-22,1293,3886,3,0,0,9817,3402,458,143,2879
2012-05-23,1257,3968,3,0,0,9899,3405,454,133,2865
2012-05-24,1196,4022,5,0,0,8739,3728,395,172,2880
2012-05-25,1024,3635,4,0,0,7951,2866,340,139,2552
2012-05-26,644,2234,2,0,0,5515,1829,326,91,1748
2012-05-27,545,2092,1,0,0,5046,1914,229,97,1551
2012-05-28,853,3161,0,0,0,6183,2502,418,95,2246
2012-05-29,1220,3988,2,0,0,10962,3903,467,171,2802
2012-05-30,1262,3627,3,0,0,8341,2990,438,154,2744
2012-05-31,1174,4392,1,0,0,10113,4007,448,168,3011
2012-06-01,995,4309,3,0,0,11174,3855,356,160,2901
2012-06-02,607,2518,3,0,0,5397,1916,264,107,1778
2012-06-03,508,1983,2,0,0,4608,1555,177,74,1457
2012-06-04,1043,3486,6,0,0,9330,3205,345,128,2438
2012-06-05,1103,3892,3,0,0,9581,3563,378,147,2800
2012-06-06,1072,4099,4,0,0,9339,3487,342,173,2848
2012-06-07,1044,4087,4,0,0,9437,3766,392,171,2791
2012-06-08,1027,3684,3,0,0,7990,3072,333,134,2674
2012-06-09,545,2454,0,0,0,4925,2246,213,88,1681
2012-06-10,494,2450,0,0,0,5442,2191,178,87,1632
2012-06-11,1076,4069,3,0,0,8634,4072,356,155,2660
2012-06-12,1165,4596,2,0,0,10547,4023,386,172,2950
2012-06-13,1111,4416,2,0,0,8753,3568,377,147,2867
2012-06-14,1076,4018,2,0,0,8541,3471,356,139,2765
2012-06-15,983,4126,2,0,0,9512,3915,363,164,2772
2012-06-16,535,1937,1,0,0,3817,1256,218,69,1553
2012-06-17,446,1969,0,0,0,5087,1768,157,93,1465
2012-06-18,1074,3987,2,0,0,9061,4299,368,161,2808
2012-06-19,1142,4418,6,0,0,8966,3604,372,164,2969
2012-06-20,1036,3864,4,0,0,7439,3143,333,142,2577
2012-06-21,1073,3854,2,0,0,9641,3472,363,149,2620
2012-06-22,973,3804,4,0,0,7962,3350,324,126,2593
2012-06-23,554,2054,1,0,0,4483,1642,227,69,1541
2012-06-24,502,1902,2,0,0,4857,1675,194,62,1452
2012-06-25,1063,3763,1,0,0,9186,3389,379,155,2679
2012-06-26,1198,4186,4,0,0,10720,3892,418,181,2984
2012-06-27,1049,3913,5,0,0,9183,3237,355,158,2681
2012-06-28,1033,3675,1,0,0,9271,3566,346,138,2665
2012-06-29,938,4277,0,0,0,7183,3575,360,148,2774
2012-06-30,560,2836,3,0,0,6469,2519,225,112,1884
2012-07-01,554,2794,1,0,0,5619,2675,199,95,1920
2012-07-02,1060,4080,2,0,0,8206,3396,369,146,2684
2012-07-03,1152,3993,3,0,0,9783,3621,415,159,2811
2012-07-04,896,3409,0,0,0,7953,2830,344,137,2379
2012-07-05,1016,3418,3,0,0,8180,3086,393,132,2496
2012-07-06,1012,3502,0,0,0,8755,3050,371,127,2540
2012-07-07,578,2347,0,0,0,5036,2047,246,75,1685
2012-07-08,475,2551,0,0,0,5827,2278,199,79,1617
2012-07-09,1006,4142,2,0,0,9050,3557,369,151,2681
2012-07-10,1280,4379,3,0,0,9765,4054,471,183,2980
2012-07-11,1159,3967,1,0,0,8674,3551,408,163,2757
2012-07-12,1137,4229,4,0,0,8609,3588,405,158,2843
2012-07-13,1036,4029,4,0,0,8743,3411,396,170,2735
2012-07-14,533,2577,1,0,0,4253,2028,230,87,1681
2012-07-15,516,2455,2,0,0,5829,2293,195,81,1677
2012-07-16,1036,3683,2,0,0,9337,3392,334,146,2666
2012-07-17,1156,4012,4,0,0,9166,3397,406,156,2858
2012-07-18,1194,3860,4,0,0,8993,3406,426,135,2804
2012-07-19,1145,3890,3,0,0,8956,3408,430,140,2738
2012-07-20,965,3764,4,0,0,7501,3168,326,119,2586
2012-07-21,569,2053,1,0,0,4399,1637,261,72,1541
2012-07-22,435,2410,0,0,0,5089,2337,194,84,1560
2012-07-23,1068,3653,2,0,0,8578,3161,398,108,2580
2012-07-24,1132,3940,3,0,0,9149,3518,400,125,2762
2012-07-25,1118,3788,5,0,0,8828,3355,459,138,2767
2012-07-26,1211,4427,3,0,0,10099,3613,457,154,3075
2012-07-27,1029,3755,1,0,0,7760,3202,428,146,2588
2012-07-28,558,2298,2,0,0,5272,2028,272,95,1650
2012-07-29,502,2755,0,0,0,5253,2652,204,85,1836
2012-07-30,1073,4007,2,0,0,10451,3278,396,145,2749
2012-07-31,1197,3810,2,0,0,9423,3198,462,157,2828
2012-08-01,1209,4848,3,0,0,10619,4503,496,172,3272
2012-08-02,1097,4188,4,0,0,9235,3572,390,143,2854
2012-08-03,1070,4005,5,0,0,8850,3572,412,137,2755
2012-08-04,560,2685,3,0,0,5608,2536,231,82,1720
2012-08-05,495,2499,2,0,0,6160,2088,197,104,1705
2012-08-06,1118,3708,3,0,0,9153,3131,427,147,2659
2012-08-07,1158,3935,4,0,0,9798,3581,419,151,2777
2012-08-08,1130,4531,3,0,0,10509,4049,437,173,3023
2012-08-09,1015,4263,2,0,0,9900,3937,265,175,2746
2012-08-10,883,3959,0,0,0,9110,3488,237,118,2629
2012-08-11,397,2056,1,0,0,5332,1898,97,73,1412
2012-08-12,347,2321,0,0,0,5147,2107,102,83,1523
2012-08-13,842,3879,4,0,0,9489,3571,234,136,2587
2012-08-14,962,3970,5,0,0,8965,3872,231,146,2646
2012-08-15,944,4435,3,0,0,9506,4189,236,172,2784
2012-08-16,973,4243,3,0,0,9514,3607,225,182,2743
2012-08-17,835,4372,2,0,0,11200,4205,247,161,2706
2012-08-18,421,2783,1,0,0,5372,2279,145,106,1701
2012-08-19,404,2551,0,0,0,5946,2400,130,105,1611
2012-08-20,924,3827,3,0,0,8591,3548,210,111,2549
2012-08-21,1025,3949,5,0,0,9568,3584,260,156,2651
2012-08-22,947,3849,2,0,0,8215,3577,215,157,2631
2012-08-23,980,4337,4,0,0,8577,4040,212,168,2833
2012-08-24,949,3949,2,0,0,8141,3756,210,150,2599
2012-08-25,498,2835,2,0,0,6264,2467,142,91,1819
2012-08-26,374,2576,1,0,0,5917,2509,115,93,1583
2012-08-27,889,3831,2,0,0,7734,3167,243,142,2445
2012-08-28,1013,3972,3,0,0,9073,3852,254,127,2702
2012-08-29,1021,4651,3,0,0,9050,4565,282,160,2866
2012-08-30,940,4439,2,0,0,8744,3723,270,194,2803
2012-08-31,812,3865,1,0,0,8218,3419,201,124,2461
2012-09-01,424,2947,1,0,0,5912,3026,133,100,1893
2012-09-02,386,2652,1,0,0,6699,2633,138,90,1649
2012-09-03,653,3121,1,0,0,6607,2621,223,105,2080
2012-09-04,944,3817,3,0,0,8946,3324,262,150,2618
2012-09-05,972,4021,2,0,0,9759,3747,213,156,2715
2012-09-06,996,3832,1,0,0,8944,3717,240,125,2637
2012-09-07,893,3884,2,0,0,7912,3262,221,142,2574
2012-09-08,477,2216,1,0,0,5478,2102,137,85,1495
2012-09-09,412,2683,0,0,0,5909,2821,129,87,1742
2012-09-10,958,4467,2,0,0,9695,3997,245,155,2887
2012-09-11,1014,4395,2,0,0,9013,3833,217,157,2844
2012-09-12,980,4607,2,0,0,9861,4807,266,193,2981
2012-09-13,968,4346,2,0,0,8242,3753,266,169,2863
2012-09-14,931,4345,1,0,0,8422,4101,222,148,2744
2012-09-15,465,2647,1,0,0,4615,2179,146,112,1678
2012-09-16,425,2692,1,0,0,5115,2395,124,93,1723
2012-09-17,935,3774,3,0,0,10106,3838,218,144,2528
2012-09-18,994,4725,3,0,0,8677,4115,241,164,2933
2012-09-19,966,4001,3,0,0,9262,3582,204,150,2643
2012-09-20,935,4269,4,0,0,9502,4245,226,125,2793
2012-09-21,847,4259,1,0,0,7198,3541,225,199,2589
2012-09-22,473,2403,1,0,0,5291,2447,128,89,1597
2012-09-23,461,2710,1,0,0,5254,2415,145,97,1688
2012-09-24,910,4252,2,0,0,9957,4353,240,155,2763
2012-09-25,909,4791,2,0,0,8519,4091,237,170,2872
2012-09-26,953,4229,5,0,0,9037,3750,207,131,2808
2012-09-27,973,3939,3,0,0,8886,3624,229,163,2643
2012-09-28,828,3958,2,0,0,8436,3579,196,163,2633
2012-09-29,433,2589,2,0,0,5246,2663,136,75,1710
2012-09-30,407,2903,0,0,0,5155,2400,126,106,1827
2012-10-01,883,4404,5,0,0,8899,4230,258,166,2937
2012-10-02,979,4089,3,0,0,8651,3814,239,181,2711
2012-10-03,1046,4117,3,0,0,8193,3478,246,196,2795
2012-10-04,904,3909,2,0,0,8962,3812,227,136,2688
2012-10-05,882,3305,3,0,0,8004,2949,193,128,2384
2012-10-06,507,2416,1,0,0,5981,2241,146,88,1648
2012-10-07,418,2283,1,0,0,4148,2136,132,74,1514
2012-10-08,859,3535,2,0,0,7967,3225,208,153,2386
2012-10-09,973,4234,2,0,0,9337,4030,227,157,2774
2012-10-10,878,3388,2,0,0,8309,3109,191,111,2461
2012-10-11,911,3687,2,0,0,9187,3193,234,125,2620
2012-10-12,841,3180,2,0,0,6890,2752,220,129,2290
2012-10-13,465,2302,2,0,0,5394,2223,129,92,1574
2012-10-14,481,2413,1,0,0,5584,2263,133,107,1614
2012-10-15,925,3762,2,0,0,8846,3452,203,136,2602
2012-10-16,988,3831,2,0,0,8597,3604,221,166,2614
2012-10-17,965,3427,3,0,0,8507,2937,206,135,2564
2012-10-18,880,3822,2,0,0,8723,3835,193,157,2562
2012-10-19,796,3395,1,0,0,8269,3178,164,121,2457
2012-10-20,464,2175,3,0,0,4491,1618,104,85,1469
2012-10-21,441,2313,1,0,0,5067,2267,114,95,1541
2012-10-22,915,3993,1,0,0,9901,3645,231,130,2730
2012-10-23,909,3911,2,0,0,8892,3576,214,160,2627
2012-10-24,959,3690,3,0,0,8645,3541,192,150,2641
2012-10-25,917,3618,3,0,0,9382,3604,155,153,2503
2012-10-26,826,3790,2,0,0,7181,3074,180,124,2520
2012-10-27,446,2393,1,0,0,5882,2324,117,88,1552
2012-10-28,416,2333,0,0,0,6615,2356,102,85,1625
2012-10-29,916,3930,2,0,0,8825,3778,172,175,2509
2012-10-30,959,4202,3,1,2,8529,3665,233,159,2817
2012-10-31,882,4176,3,0,0,8197,3617,218,128,2733
2012-11-01,853,4156,2,0,0,8565,4143,211,144,2815
2012-11-02,899,3972,2,0,0,8113,3596,201,153,2701
2012-11-03,485,2480,2,0,0,4633,2109,144,104,1691
2012-11-04,503,2750,0,0,0,6125,2630,140,114,1747
2012-11-05,959,3951,2,0,0,9702,3685,219,142,2652
2012-11-06,1007,3964,2,1,10,9331,3477,246,150,2697
2012-11-07,900,3423,3,1,6,8740,3170,238,148,2431
2012-11-08,967,3709,3,1,2,8802,3383,181,155,2619
2012-11-09,931,3817,1,0,0,8342,3630,198,138,2583
2012-11-10,483,2395,1,0,0,4864,2218,130,85,1638
2012-11-11,492,2315,0,0,0,5263,2039,127,79,1678
2012-11-12,884,3492,2,0,0,8536,3237,171,140,2426
2012-11-13,1032,4775,2,0,0,9051,4473,225,172,3104
2012-11-14,1020,3915,3,1,6,10202,3864,209,150,2806
2012-11-15,909,4299,2,0,0,9073,4101,218,135,2860
2012-11-16,862,4086,2,0,0,7863,3782,165,138,2634
2012-11-17,462,2404,2,0,0,4944,1730,112,77,1620
2012-11-18,480,2305,0,0,0,6232,2585,110,98,1553
2012-11-19,899,3964,1,0,0,9102,3653,200,163,2586
2012-11-20,997,3988,4,0,0,7868,3534,210,160,2711
2012-11-21,982,3922,2,1,4,7848,3492,204,144,2634
2012-11-22,641,2895,1,0,0,6717,2812,133,109,1959
2012-11-23,638,2976,1,0,0,6164,2573,138,112,1928
2012-11-24,440,2320,1,0,0,5645,2236,110,73,1524
2012-11-25,497,2375,3,0,0,5004,2129,129,102,1636
2012-11-26,1081,3855,2,2,46,9320,3808,210,203,2618
2012-11-27,1068,4277,3,1,5,8613,3836,179,181,2909
2012-11-28,1096,4356,3,1,13,9436,3710,173,176,3037
2012-11-29,1070,4460,2,0,0,9636,4309,180,184,2900
2012-11-30,997,4093,2,0,0,8383,3624,187,187,2699
2012-12-01,550,2727,4,4,40,4848,2690,159,112,2020
2012-12-02,497,3190,1,0,0,7101,3063,109,106,2013
2012-12-03,1023,4494,3,0,0,9371,4192,202,173,2837
2012-12-04,1082,4279,3,0,0,8359,3706,194,161,2939
2012-12-05,1107,4209,4,3,11,10136,3883,204,173,2894
2012-12-06,1127,4041,3,1,6,9159,3573,208,188,2887
2012-12-07,944,4353,2,1,7,9287,4297,179,179,2767
2012-12-08,500,2778,0,0,0,5327,2360,122,112,1825
2012-12-09,554,2981,1,0,0,6687,2959,131,107,1936
2012-12-10,1052,4538,3,0,0,9998,4260,226,199,2932
2012-12-11,1046,4327,3,1,7,9833,4045,211,153,2920
2012-12-12,1032,4460,3,0,0,10084,4282,201,165,2995
2012-12-13,1085,4496,2,0,0,9935,3939,252,171,2974
2012-12-14,926,4204,2,0,0,8793,4034,179,158,2714
2012-12-15,431,2311,2,1,4,4497,1767,109,84,1621
2012-12-16,487,2853,0,0,0,6562,2818,118,120,1819
2012-12-17,993,4150,4,0,0,10249,4040,181,151,2687
2012-12-18,1011,4124,2,0,0,9238,3676,209,156,2777
2012-12-19,959,4159,2,1,3,9423,4007,213,170,2766
2012-12-20,962,4227,1,0,0,9694,3863,188,157,2708
2012-12-21,841,3582,2,0,0,7499,3045,176,149,2407
2012-12-22,472,2237,2,0,0,4867,1935,86,81,1559
2012-12-23,426,2786,1,0,0,5347,2748,100,88,1719
2012-12-24,556,2744,0,0,0,5471,2367,129,100,1764
2012-12-25,426,2538,1,0,0,5843,2770,93,88,1603
2012-12-26,608,3462,1,0,0,7353,3498,140,119,2152
2012-12-27,715,3408,1,1,6,6064,2805,156,135,2124
2012-12-28,745,3727,2,0,0,7283,3801,177,152,2306
2012-12-29,552,3136,2,0,0,4963,2453,145,121,1934
2012-12-30,523,3145,0,0,0,6384,3127,123,124,1928
2012-12-31,688,3064,1,0,0,5941,2646,138,112,2002
2013-01-01,518,2660,1,0,0,6049,2784,118,111,1806
2013-01-02,928,4654,3,0,0,10460,4493,198,179,2815
2013-01-03,1001,4324,4,0,0,9155,3745,203,131,2866
2013-01-04,965,4247,2,0,0,8091,3970,203,164,2714
2013-01-05,590,3284,0,0,0,6123,3331,138,108,2029
2013-01-06,561,3215,0,0,0,5237,2643,119,122,2067
2013-01-07,1022,4683,3,0,0,9967,4501,226,150,2972
2013-01-08,1089,4120,4,0,0,8138,3834,218,186,2877
2013-01-09,990,4040,2,1,4,8900,3984,206,151,2708
2013-01-10,989,5165,2,0,0,10170,4575,216,186,3164
2013-01-11,881,4337,2,0,0,8305,3831,217,184,2844
2013-01-12,557,3025,1,0,0,17821,2982,141,122,1956
2013-01-13,517,2573,1,0,0,8559,2442,131,106,1577
2013-01-14,1029,4024,2,0,0,11616,3650,244,217,2665
2013-01-15,1088,5393,2,0,0,11381,4799,257,190,3127
2013-01-16,1067,4794,3,0,0,10815,4693,211,186,2976
2013-01-17,1016,5199,3,0,0,9442,4812,199,196,3029
2013-01-18,908,4807,3,0,0,9531,4191,197,164,2801
2013-01-19,586,2858,3,0,0,6077,2525,154,120,1895
2013-01-20,521,2987,1,0,0,7296,3288,128,103,2007
2013-01-21,913,4773,3,0,0,10582,4329,200,173,2926
2013-01-22,1119,4786,4,0,0,10825,4336,241,182,3148
2013-01-23,1082,4552,6,0,0,10233,4235,227,162,3041
2013-01-24,1119,5778,3,0,0,11786,5471,263,227,3460
2013-01-25,1038,4383,3,0,0,10024,3827,242,193,2928
2013-01-26,622,3203,2,0,0,6177,2937,172,124,2038
2013-01-27,574,3348,2,0,0,7142,3275,150,132,2021
2013-01-28,1142,4107,3,0,0,10133,3528,232,174,2836
2013-01-29,1095,4572,4,0,0,10644,4379,229,166,3024
2013-01-30,1119,4199,4,1,5,9447,3547,204,175,2923
2013-01-31,1073,4641,3,0,0,10836,4679,217,209,3005
2013-02-01,1128,4916,3,0,0,9496,4319,229,218,3210
2013-02-02,589,2918,2,1,2,5883,2586,138,120,1943
2013-02-03,603,3262,1,1,5,6086,2866,155,139,2090
2013-02-04,1106,5260,3,0,0,13829,5377,243,202,3171
2013-02-05,1159,4819,3,0,0,10763,4203,265,210,3184
2013-02-06,1169,4350,6,0,0,9310,3952,235,194,2992
2013-02-07,1087,4519,3,1,4,9437,4391,207,175,3068
2013-02-08,1025,4495,7,0,0,8982,3970,201,176,2949
2013-02-09,565,3219,2,0,0,8410,3402,138,139,2021
2013-02-10,575,3310,1,0,0,5376,2866,125,117,1972
2013-02-11,1088,4637,3,0,0,9880,4240,206,205,2889
2013-02-12,1098,5015,2,0,0,10229,4801,192,197,3153
2013-02-13,1048,5113,2,0,0,12842,5168,213,205,3145
2013-02-14,1128,5676,3,1,51,11987,4957,268,253,3361
2013-02-15,1008,5043,2,1,2,9988,4482,234,229,3046
2013-02-16,605,3429,1,0,0,7097,3041,142,140,2071
2013-02-17,584,3165,1,0,0,6016,2529,142,111,2083
2013-02-18,872,3444,3,0,0,8833,3632,172,154,2370
2013-02-19,1218,5086,6,2,9,11364,4786,224,202,3322
2013-02-20,1145,5089,5,1,5,10619,4884,228,200,3299
2013-02-21,1125,6102,4,0,0,10821,5414,228,252,3563
2013-02-22,1036,5172,4,0,0,11033,4799,193,199,3270
2013-02-23,627,3615,1,0,0,6105,3086,142,114,2253
2013-02-24,608,3929,2,0,0,7377,3755,144,141,2398
2013-02-25,1088,5138,4,0,0,10824,5058,246,195,3273
2013-02-26,1180,5544,4,0,0,12089,5387,215,195,3420
2013-02-27,1234,5140,4,1,6,11201,4584,242,192,3436
2013-02-28,1075,4874,3,0,0,11953,4545,213,183,3247
2013-03-01,1039,4753,4,0,0,9531,4350,204,184,3265
2013-03-02,566,3418,3,0,0,6306,3489,150,130,2185
2013-03-03,573,3438,1,0,0,6315,2629,156,120,2110
2013-03-04,1050,5104,4,0,0,12021,5470,228,189,3209
2013-03-05,1146,5274,5,0,0,9905,4690,229,180,3391
2013-03-06,1095,5466,0,0,0,11903,5391,254,208,3501
2013-03-07,1076,5226,4,0,0,10139,4459,240,174,3296
2013-03-08,1016,4301,2,0,0,8476,3729,224,175,2881
2013-03-09,570,2894,0,0,0,6044,2409,116,127,1932
2013-03-10,608,3485,2,0,0,7495,3509,131,128,2138
2013-03-11,902,4304,3,0,0,9291,3755,182,154,2822
2013-03-12,1208,5253,5,1,2,11860,5691,225,192,3427
2013-03-13,1106,5044,6,1,2,10985,4681,209,165,3349
2013-03-14,1156,5141,4,3,46,10695,4279,204,221,3390
2013-03-15,1027,4286,4,0,0,10393,3990,201,166,2946
2013-03-16,617,2959,1,0,0,6051,3017,134,112,1988
2013-03-17,571,3756,2,1,7,6805,3110,146,136,2256
2013-03-18,1166,5148,3,1,11,12608,5815,242,215,3315
2013-03-19,1263,5275,4,1,4,12461,5018,237,220,3454
2013-03-20,1205,5852,5,1,11,12818,5328,277,249,3590
2013-03-21,1172,7486,6,0,0,13740,6509,313,339,3889
2013-03-22,906,5365,3,0,0,10044,4354,245,237,3077
2013-03-23,600,3202,1,0,0,6344,3055,166,136,2074
2013-03-24,559,3485,2,1,12,6989,2951,145,128,2057
2013-03-25,1053,4994,4,0,0,9725,4464,208,200,3199
2013-03-26,1108,5223,4,2,5,11281,5027,193,202,3261
2013-03-27,1134,4716,3,0,0,11337,4338,242,170,3121
2013-03-28,1044,4675,4,0,0,9850,4360,199,188,2944
2013-03-29,908,4363,6,0,0,8122,4048,218,186,2731
2013-03-30,540,2857,4,0,0,5554,2310,144,97,1927
2013-03-31,521,3071,2,0,0,6430,2853,131,125,1982
2013-04-01,1191,4879,4,0,0,9886,5185,229,219,3412
2013-04-02,1064,5209,7,0,0,10881,5017,233,210,3346
2013-04-03,1155,5818,2,0,0,12154,5161,245,214,3400
2013-04-04,1136,4791,4,1,10,10162,4153,209,212,3157
2013-04-05,1013,4720,2,0,0,8948,4485,216,195,3033
2013-04-06,562,3143,1,0,0,7051,2768,113,116,2095
2013-04-07,533,3187,2,2,10,6813,2794,130,103,2123
2013-04-08,1068,5164,3,1,7,12105,5415,233,207,3232
2013-04-09,1090,5589,4,7,43,9463,4702,222,209,3431
2013-04-10,1098,5609,3,1,2,9730,4928,257,200,3426
2013-04-11,1087,5500,6,1,4,10920,5257,210,207,3367
2013-04-12,947,5181,3,4,32,8906,4074,201,202,3151
2013-04-13,565,2729,2,0,0,5682,2496,101,119,1945
2013-04-14,512,3197,1,0,0,7103,3186,118,107,2030
2013-04-15,1018,5302,3,1,4,12026,5086,214,207,3153
2013-04-16,1144,5207,3,1,10,10699,4665,181,207,3253
2013-04-17,1168,5269,4,0,0,10593,4964,226,232,3453
2013-04-18,1122,4652,2,0,0,11082,4262,197,237,3083
2013-04-19,892,4412,3,0,0,10282,4082,172,217,2848
2013-04-20,479,3538,2,0,0,6031,3144,146,147,2019
2013-04-21,524,3194,0,0,0,6968,3192,114,116,2014
2013-04-22,1055,4380,4,2,10,9431,4163,225,177,2981
2013-04-23,1137,5122,6,1,9,12057,4744,198,172,3304
2013-04-24,1034,5048,5,0,0,9893,4983,200,201,3094
2013-04-25,1090,4803,4,0,0,10008,4353,214,207,3083
2013-04-26,953,4483,5,2,22,8968,4082,203,168,2901
2013-04-27,560,2780,3,0,0,4848,2436,118,97,1896
2013-04-28,568,3273,4,0,0,6344,2991,153,109,2070
2013-04-29,1126,5106,4,3,15,11299,5043,201,190,3152
2013-04-30,1134,4880,3,0,0,12072,4640,248,192,3195
2013-05-01,1029,4922,5,1,3,9178,4461,200,191,3434
2013-05-02,1106,5290,2,4,24,8976,4639,234,207,3357
2013-05-03,858,4430,3,2,13,8282,3781,206,218,2811
2013-05-04,495,2940,0,0,0,6132,2897,151,126,1847
2013-05-05,449,3012,1,0,0,5496,2722,106,130,1832
2013-05-06,1000,4278,2,1,12,9244,4222,251,193,2889
2013-05-07,1143,4918,4,0,0,10859,4419,242,213,3227
2013-05-08,1068,5169,3,1,4,9437,4697,251,204,3216
2013-05-09,1149,4599,4,1,4,10964,4172,189,178,3081
2013-05-10,904,4586,2,1,10,9503,4166,183,166,2874
2013-05-11,460,2903,3,0,0,5836,2609,133,114,1935
2013-05-12,531,3325,1,0,0,7015,3466,119,114,2144
2013-05-13,1062,4718,5,1,4,11338,4415,235,178,3023
2013-05-14,1165,5779,4,2,24,11968,5517,275,242,3514
2013-05-15,1129,5542,3,2,8,12496,5155,272,209,3347
2013-05-16,1051,5007,4,1,2,11530,4204,226,221,3126
2013-05-17,901,4389,4,2,8,7577,3451,225,185,2889
2013-05-18,487,3159,1,3,41,6127,3144,146,141,2056
2013-05-19,563,3418,2,1,2,6997,3294,137,143,2082
2013-05-20,1078,4919,3,3,25,10500,4125,257,223,3152
2013-05-21,1180,5684,4,1,2,11093,5333,250,267,3521
2013-05-22,1107,5522,4,2,5,10786,5029,223,203,3430
2013-05-23,1003,4774,5,0,0,10055,4723,203,151,3059
2013-05-24,959,4508,4,1,7,8836,3829,208,179,2982
2013-05-25,471,3039,1,4,30,5156,2840,131,97,1908
2013-05-26,498,2940,1,0,0,6540,2186,144,128,1868
2013-05-27,731,3623,0,0,0,7544,3602,171,135,2399
2013-05-28,1137,5263,4,4,20,10769,5180,219,198,3325
2013-05-29,1137,5256,6,0,0,10229,4976,216,194,3452
2013-05-30,1054,4826,4,1,30,9528,4362,215,184,3105
2013-05-31,978,4925,2,2,24,8712,4387,216,186,3057
2013-06-01,516,4049,2,6,100,6379,3624,163,190,2551
2013-06-02,485,3495,1,0,0,7176,3063,98,124,2124
2013-06-03,1094,5153,5,3,14,9969,4547,249,222,3307
2013-06-04,1094,4857,4,1,5,10964,4510,233,201,3120
2013-06-05,1095,5423,3,7,75,10883,5018,236,238,3473
2013-06-06,1135,5494,3,1,6,14516,5114,276,275,3407
2013-06-07,1134,5589,4,3,15,16376,4986,245,270,3099
2013-06-08,677,3219,2,2,11,9817,2763,157,160,1917
2013-06-09,638,3888,3,0,0,10928,3507,146,196,2148
2013-06-10,1167,5958,4,3,9,16875,5850,578,494,3142
2013-06-11,1246,5742,5,2,8,15901,4765,272,277,3422
2013-06-12,1183,4732,3,1,7,13194,4133,257,213,3041
2013-06-13,1159,4774,5,1,5,12857,4648,228,194,3039
2013-06-14,997,4749,3,1,14,11037,4208,198,155,2889
2013-06-15,527,2937,4,0,0,8830,2876,113,103,1820
2013-06-16,511,3377,2,1,13,7006,3214,117,122,1915
2013-06-17,1040,5063,5,1,3,10833,4525,234,193,3041
2013-06-18,1075,4954,4,3,28,12061,4733,198,196,3094
2013-06-19,1133,5301,5,1,5,11380,4791,212,186,3274
2013-06-20,1140,5228,5,1,11,11769,4874,208,165,3253
2013-06-21,1015,5116,4,1,9,11637,4930,208,196,2986
2013-06-22,549,3245,0,1,3,7333,2535,136,126,1865
2013-06-23,649,3798,3,0,0,9543,3704,157,164,2116
2013-06-24,1059,5367,5,0,0,13405,5156,250,227,3083
2013-06-25,1113,5521,7,1,7,11775,5015,206,221,3303
2013-06-26,1099,5423,2,5,77,11917,4992,210,226,3317
2013-06-27,1087,4468,3,2,10,12118,3955,202,221,2911
2013-06-28,933,4554,4,0,0,11204,4146,193,165,2844
2013-06-29,565,2612,2,0,0,6032,2362,116,106,1780
2013-06-30,506,3198,0,0,0,8309,3329,120,117,1952
2013-07-01,1038,5700,5,1,3,12195,5703,201,234,3425
2013-07-02,1282,5559,6,0,0,12787,4840,244,228,3524
2013-07-03,1099,5617,2,0,0,14066,5210,216,217,3288
2013-07-04,753,3876,1,1,28,9170,3346,191,127,2392
2013-07-05,720,3604,4,0,0,8940,3149,190,120,2288
2013-07-06,503,2713,3,0,0,6456,2612,130,98,1777
2013-07-07,509,3190,0,0,0,8161,3538,143,105,1977
2013-07-08,979,5055,2,0,0,11218,4446,202,170,2996
2013-07-09,1114,5150,5,0,0,12596,5178,251,194,3115
2013-07-10,1078,6028,4,1,3,11698,5319,228,208,3563
2013-07-11,1028,5367,4,0,0,10700,4833,280,189,3229
2013-07-12,887,5110,3,0,0,11041,4884,214,191,2970
2013-07-13,482,2718,1,0,0,5342,2282,134,96,1793
2013-07-14,544,2981,2,1,13,6664,2840,152,139,1949
2013-07-15,980,5466,7,0,0,12482,5150,208,183,3162
2013-07-16,1058,5091,6,1,9,10636,4576,286,181,3219
2013-07-17,1010,4298,5,1,12,10362,3948,197,155,2944
2013-07-18,1049,5505,6,2,14,10621,4821,224,247,3276
2013-07-19,954,5335,3,0,0,10086,4851,220,214,3154
2013-07-20,544,2833,1,0,0,6743,2973,147,98,1925
2013-07-21,542,3337,1,1,4,6313,3033,129,112,2020
2013-07-22,933,5364,3,4,24,11065,4999,191,172,3101
2013-07-23,1089,5251,5,1,5,11017,4813,227,184,3337
2013-07-24,1114,5164,4,0,0,12669,5112,235,208,3271
2013-07-25,1067,4682,3,0,0,10410,4027,226,180,3069
2013-07-26,924,4524,4,0,0,10058,4092,179,158,2911
2013-07-27,508,3202,2,0,0,6415,3244,123,106,1947
2013-07-28,458,3214,1,1,4,6334,2957,99,107,1927
2013-07-29,985,5012,5,0,0,11316,4821,234,169,3087
2013-07-30,1062,5230,4,1,12,11794,4806,211,193,3258
2013-07-31,1002,5687,4,0,0,11101,5013,209,179,3268
2013-08-01,1083,5727,6,0,0,13134,5587,218,216,3510
2013-08-02,923,4949,3,0,0,9574,4255,207,173,3075
2013-08-03,496,3004,1,0,0,6157,2710,120,100,1895
2013-08-04,491,3222,3,0,0,8016,3043,140,125,1927
2013-08-05,970,5411,4,0,0,12218,5174,176,177,3145
2013-08-06,1055,4928,2,0,0,9886,4754,211,197,3146
2013-08-07,1116,5333,4,0,0,12405,4958,246,220,3409
2013-08-08,1025,5289,5,0,0,12375,4965,242,191,3215
2013-08-09,1022,5505,5,0,0,10854,4877,216,187,3136
2013-08-10,492,3264,3,0,0,7059,2996,118,141,1902
2013-08-11,461,3334,2,0,0,6281,3092,133,118,1929
2013-08-12,976,5191,4,0,0,13984,5366,194,163,3131
2013-08-13,1114,4881,4,1,6,10620,4116,228,170,3184
2013-08-14,1090,5076,3,0,0,10693,4717,246,215,3142
2013-08-15,1038,5036,4,0,0,11210,4840,190,191,3175
2013-08-16,980,5157,5,1,2,10443,4233,218,194,3194
2013-08-17,563,2787,2,0,0,7820,2850,124,117,1926
2013-08-18,473,3463,1,0,0,7924,3118,106,134,1979
2013-08-19,1037,4849,3,1,5,12136,4572,267,197,3092
2013-08-20,1075,5593,4,0,0,13835,4980,216,193,3260
2013-08-21,1085,5601,6,1,45,12010,5611,227,202,3414
2013-08-22,1008,5713,4,1,9,13096,5148,242,205,3361
2013-08-23,980,5065,3,2,11,11661,4739,218,189,3142
2013-08-24,499,2856,2,0,0,6565,2406,135,124,1881
2013-08-25,513,3518,1,0,0,6045,3394,141,147,2101
2013-08-26,947,5390,7,0,0,10867,5077,188,200,3120
2013-08-27,1119,5354,5,0,0,10199,4928,260,194,3362
2013-08-28,1030,5239,5,0,0,10772,4919,224,172,3297
2013-08-29,1034,4891,4,2,27,9877,4273,227,199,3167
2013-08-30,882,4644,3,0,0,9325,4572,215,179,2940
2013-08-31,471,3164,3,0,0,5822,2511,124,110,1841
2013-09-01,469,3703,1,1,6,7456,4195,108,107,2171
2013-09-02,728,4435,0,0,0,8393,4017,166,154,2682
2013-09-03,1062,5738,4,0,0,11825,5169,243,196,3520
2013-09-04,1078,5528,4,0,0,10542,5329,222,180,3426
2013-09-05,1104,5508,3,2,7,12433,4940,231,161,3396
2013-09-06,935,4422,3,1,5,9730,4131,196,139,2852
2013-09-07,507,3351,3,0,0,5797,3056,167,121,2014
2013-09-08,543,3374,1,0,0,6991,3130,154,132,2089
2013-09-09,1008,5031,4,1,2,11230,4923,219,187,3154
2013-09-10,1079,6229,6,0,0,10783,5742,243,208,3530
2013-09-11,1063,5475,7,2,30,10373,4768,244,201,3357
2013-09-12,1063,5645,4,1,2,11648,5233,223,199,3466
2013-09-13,980,5248,2,0,0,10823,4887,219,183,3223
2013-09-14,487,3112,2,0,0,5637,2674,105,92,1951
2013-09-15,493,2755,0,0,0,6488,2920,119,98,1830
2013-09-16,937,4930,2,1,2,10837,4800,177,177,3024
2013-09-17,1136,4776,4,2,4,10630,4022,230,171,3172
2013-09-18,1111,5198,4,0,0,10128,4744,222,197,3251
2013-09-19,998,5133,3,1,5,10972,5088,194,175,3307
2013-09-20,960,5195,3,0,0,9607,4557,193,191,3115
2013-09-21,535,3315,1,2,5,6264,3405,140,117,2089
2013-09-22,503,2947,1,0,0,6400,2464,128,108,1926
2013-09-23,1016,5339,4,0,0,10826,5421,195,207,3269
2013-09-24,1071,5676,3,0,0,11481,5360,209,200,3483
2013-09-25,1147,5238,2,0,0,11136,4640,227,184,3403
2013-09-26,1173,5097,5,0,0,11164,4812,191,180,3377
2013-09-27,1029,4878,2,0,0,11213,4328,190,208,3084
2013-09-28,485,2755,1,0,0,6059,2714,126,98,1866
2013-09-29,468,3065,3,1,8,5821,2639,117,115,1948
2013-09-30,944,5090,5,1,5,10666,4936,193,173,3137
2013-10-01,1057,5655,3,0,0,9957,5212,206,240,3753
2013-10-02,1099,5311,3,0,0,11309,4950,233,198,3390
2013-10-03,1094,5576,5,1,3,11434,5396,194,198,3450
2013-10-04,926,4920,3,0,0,10133,4237,216,196,3088
2013-10-05,512,3213,2,0,0,6622,3125,109,103,2024
2013-10-06,510,2899,0,1,3,5405,2565,132,82,1922
2013-10-07,1012,5160,6,0,0,9415,5211,223,186,3166
2013-10-08,1065,5469,5,0,0,10989,4964,209,221,3460
2013-10-09,1007,5068,5,2,8,10359,4837,192,178,3160
2013-10-10,956,4943,3,2,93,8542,3722,209,189,3217
2013-10-11,974,4820,3,0,0,9396,4585,217,165,3029
2013-10-12,576,3731,0,1,2,6910,3589,184,136,2157
2013-10-13,518,3195,2,1,3,6195,2949,154,120,2107
2013-10-14,960,4841,6,3,52,9360,4189,215,156,3071
2013-10-15,1113,5559,5,3,28,11215,5002,222,207,3492
2013-10-16,1014,4632,4,0,0,10893,4620,195,173,3186
2013-10-17,1066,5066,4,0,0,11086,5147,226,164,3289
2013-10-18,932,4768,4,2,14,8425,4223,165,177,3090
2013-10-19,565,3157,3,1,6,5182,2666,143,119,2084
2013-10-20,553,3171,1,0,0,6920,3633,116,128,2086
2013-10-21,1099,5667,2,3,42,10791,4779,238,234,3538
2013-10-22,1161,5714,3,0,0,10498,5506,230,217,3586
2013-10-23,1135,5576,4,1,14,12068,5498,232,198,3631
2013-10-24,1079,5199,3,4,28,10817,4819,175,203,3362
2013-10-25,1018,5564,2,0,0,8844,5234,216,189,3361
2013-10-26,592,3833,1,1,5,7477,4410,136,151,2386
2013-10-27,511,3719,2,0,0,5961,2884,107,130,2270
2013-10-28,1031,5390,2,1,6,11724,5679,169,183,3400
2013-10-29,1151,6420,4,2,17,10614,5676,210,227,3871
2013-10-30,1000,4869,5,2,14,10926,4962,191,176,3172
2013-10-31,1080,5321,5,2,78,9764,5016,214,230,3424
2013-11-01,866,5534,3,1,4,9796,5299,200,266,3455
2013-11-02,556,3421,2,1,3,6539,3165,131,124,2186
2013-11-03,559,3721,1,1,3,6415,3614,123,162,2403
2013-11-04,1145,5145,4,1,3,10883,4878,179,206,3368
2013-11-05,1229,6147,5,0,0,11359,6150,237,246,3879
2013-11-06,1129,5901,5,0,0,12091,5455,211,229,3658
2013-11-07,1184,5715,2,1,17,10926,5484,214,264,3555
2013-11-08,1008,5477,1,0,0,11299,4914,179,180,3369
2013-11-09,593,3703,0,0,0,7125,4062,111,133,2318
2013-11-10,585,4283,2,1,3,6690,3663,120,152,2434
2013-11-11,1083,4768,5,0,0,10295,4538,197,230,3207
2013-11-12,1326,6055,4,2,7,12576,6231,228,243,3708
2013-11-13,1285,5889,3,0,0,11784,5435,227,263,3669
2013-11-14,1176,5993,4,0,0,13601,5801,220,248,3689
2013-11-15,1009,5179,5,0,0,10634,4758,217,191,3266
2013-11-16,538,3480,2,2,8,6940,3112,130,122,2149
2013-11-17,601,4111,2,1,2,9088,4363,120,148,2516
2013-11-18,1223,5340,2,2,18,10835,4711,213,215,3439
2013-11-19,1249,5957,6,2,18,12095,5752,221,248,3743
2013-11-20,1147,5575,5,0,0,11839,5368,201,213,3626
2013-11-21,1153,5092,4,0,0,11082,4786,189,201,3414
2013-11-22,1014,5082,6,1,5,10591,4979,181,176,3275
2013-11-23,509,2895,4,1,25,6347,2827,108,151,1862
2013-11-24,532,3212,2,2,34,6967,2932,110,113,2019
2013-11-25,1160,5096,4,0,0,10078,4950,230,224,3183
2013-11-26,1138,5964,5,3,23,12918,5826,209,226,3604
2013-11-27,1011,5913,2,2,13,11184,5534,219,225,3564
2013-11-28,778,4258,1,1,5,7961,3848,180,166,2690
2013-11-29,670,3696,2,1,3,7085,3382,149,148,2435
2013-11-30,538,3186,1,0,0,6899,3172,120,126,2027
2013-12-01,611,4201,1,1,2,8101,4636,146,202,2541
2013-12-02,1112,6233,4,2,9,12902,5593,244,232,3758
2013-12-03,1191,5351,5,0,0,11026,4821,233,214,3479
2013-12-04,1108,6290,4,1,3,11874,6646,222,222,3671
2013-12-05,1151,5555,5,1,14,10513,4851,203,231,3444
2013-12-06,1085,5248,4,0,0,11338,5208,186,221,3307
2013-12-07,560,3063,2,1,4,5571,2675,136,116,2033
2013-12-08,508,3271,0,0,0,6322,3053,118,115,2007
2013-12-09,1069,4800,2,0,0,11740,4964,218,209,3159
2013-12-10,1117,5662,4,0,0,11332,5616,230,211,3399
2013-12-11,1147,5807,4,0,0,10104,5409,228,233,3564
2013-12-12,1155,5169,7,1,4,11864,4889,198,244,3282
2013-12-13,955,4503,3,0,0,9073,4396,167,193,2963
2013-12-14,576,3435,1,0,0,6587,2817,149,173,2211
2013-12-15,575,3473,3,0,0,6961,3390,116,118,2189
2013-12-16,995,6056,5,0,0,12007,5917,176,216,3451
2013-12-17,1161,4923,3,0,0,10546,4893,205,210,3210
2013-12-18,1077,5939,4,0,0,10736,5671,214,258,3471
2013-12-19,1082,5870,4,0,0,11745,5818,188,227,3475
2013-12-20,958,5071,3,0,0,10460,4808,184,245,2987
2013-12-21,520,3140,1,0,0,5126,2523,119,127,1921
2013-12-22,428,3255,0,0,0,6166,3043,132,121,1917
2013-12-23,759,4276,2,0,0,9175,4294,182,162,2645
2013-12-24,628,3590,3,0,0,7315,3239,169,134,2203
2013-12-25,447,2669,2,0,0,5328,2348,132,107,1687
2013-12-26,594,3370,0,1,2,7233,3399,151,104,2211
2013-12-27,726,3722,1,3,16,7311,3376,169,160,2373
2013-12-28,508,3556,0,1,3,6278,3876,159,151,2173
2013-12-29,553,4360,0,2,18,8609,4027,147,160,2363
2013-12-30,834,4921,3,2,9,9540,4678,200,192,2755
2013-12-31,735,4786,1,0,0,7824,4128,199,179,2718
2014-01-01,580,3300,1,0,0,7872,3562,136,134,2282
2014-01-02,953,4953,3,0,0,9987,4610,189,199,3057
2014-01-03,942,4834,4,0,0,9267,4414,208,206,2967
2014-01-04,619,3906,4,1,12,7743,3626,142,123,2511
2014-01-05,170,1313,0,0,0,1159,463,40,47,907
2014-01-06,0,0,0,0,0,0,0,0,0,0
2014-01-07,1457,4252,5,1,7,13740,5089,224,212,3003
2014-01-08,1188,5687,5,2,6,10551,5807,188,207,3431
2014-01-09,1129,5133,3,5,43,9122,4377,218,226,3309
2014-01-10,1005,5404,3,1,5,10305,5550,217,229,3259
2014-01-11,550,3264,2,0,0,5464,2634,137,117,2067
2014-01-12,531,3097,2,1,9,6208,2920,108,119,2032
2014-01-13,996,5434,4,0,0,11422,5314,201,188,3377
2014-01-14,1161,5018,2,3,26,11302,5055,242,195,3308
2014-01-15,1173,5197,6,1,10,9899,4634,206,235,3379
2014-01-16,1090,5083,6,2,10,10265,4984,184,207,3215
2014-01-17,988,4973,6,0,0,10385,5144,175,179,3201
2014-01-18,531,2936,2,0,0,5346,2310,134,107,1998
2014-01-19,553,3314,0,0,0,9332,3789,134,134,2168
2014-01-20,901,4882,3,0,0,9092,4378,182,191,2941
2014-01-21,1186,5866,4,1,2,11745,5640,243,224,3635
2014-01-22,1210,5396,4,0,0,10029,4845,213,230,3459
2014-01-23,1046,5126,4,1,10,11489,5556,198,195,3252
2014-01-24,1020,5637,2,1,5,10119,4918,235,209,3491
2014-01-25,553,3450,2,0,0,5992,3191,147,169,2131
2014-01-26,591,4031,1,1,5,7038,3730,130,148,2396
2014-01-27,1068,5457,4,0,0,10342,5022,197,192,3412
2014-01-28,1105,5320,4,2,14,10175,5217,225,221,3450
2014-01-29,1135,6183,2,0,0,13369,6058,261,262,3762
2014-01-30,1197,4960,7,0,0,10605,4845,267,218,3405
2014-01-31,997,4764,8,1,10,9622,4228,185,204,3069
2014-02-01,576,3393,4,0,0,7790,3688,150,141,2319
2014-02-02,603,3495,1,1,9,7216,3039,151,128,2280
2014-02-03,1054,5250,4,3,15,11396,4981,197,202,3405
2014-02-04,1145,5399,3,1,3,11948,5061,203,171,3532
2014-02-05,1233,5417,2,0,0,12143,5332,244,215,3572
2014-02-06,1107,4905,2,0,0,10912,4790,182,219,3276
2014-02-07,950,4866,1,0,0,8804,4379,185,208,3064
2014-02-08,588,3239,0,2,32,6981,3170,145,149,2131
2014-02-09,618,3993,1,0,1,7143,4086,148,155,2370
2014-02-10,1074,5476,2,2,6,11692,5056,246,232,3323
2014-02-11,1223,5616,3,1,2,12088,5170,215,261,3599
2014-02-12,1137,5654,3,0,0,11230,5345,172,188,3529
2014-02-13,1084,6166,1,1,3,11549,6667,204,221,3635
2014-02-14,956,5288,4,0,0,8298,4166,178,202,3218
2014-02-15,502,3602,0,0,0,6307,3693,141,134,2168
2014-02-16,609,3252,1,0,0,6253,2916,141,152,2078
2014-02-17,950,4485,3,2,13,9634,4825,192,182,2940
2014-02-18,1007,5024,2,0,0,8227,3996,216,198,3128
2014-02-19,1186,5014,4,0,0,12131,5829,226,213,3300
2014-02-20,1100,5791,1,1,3,10689,4891,236,237,3651
2014-02-21,985,4768,1,0,0,10369,4691,204,197,3163
2014-02-22,568,3368,0,0,0,5393,3166,151,133,2215
2014-02-23,579,3495,2,0,0,6565,3236,140,125,2231
2014-02-24,1114,4785,3,2,9,10649,4847,196,197,3192
2014-02-25,1142,6273,5,1,12,12670,6043,252,279,3629
2014-02-26,1215,6264,1,1,4,12961,5970,229,254,3807
2014-02-27,1138,5894,3,0,0,10469,5389,268,217,3636
2014-02-28,975,5103,3,1,2,9505,4708,201,207,3163
2014-03-01,553,3885,2,1,36,6497,4251,135,157,2497
2014-03-02,504,3939,1,1,5,5572,3080,156,170,2326
2014-03-03,1054,5131,2,0,0,11094,5204,256,198,3260
2014-03-04,1173,5497,3,1,4,11281,5152,229,252,3544
2014-03-05,1224,5418,4,0,0,10563,5077,232,227,3573
2014-03-06,1163,5377,4,0,0,11245,5161,228,208,3487
2014-03-07,1043,5044,4,2,8,9260,4354,249,202,3228
2014-03-08,585,2721,1,3,27,5823,2164,137,116,1954
2014-03-09,532,3120,0,0,0,6640,3289,122,121,2021
2014-03-10,1027,4953,2,0,0,12461,5187,177,193,3361
2014-03-11,1131,5360,7,2,6,12034,4988,252,188,3585
2014-03-12,1146,4980,5,2,11,9716,4796,203,193,3338
2014-03-13,1079,5648,4,2,15,9911,5366,235,205,3576
2014-03-14,995,5751,3,0,0,10312,5444,212,184,3566
2014-03-15,599,3729,0,0,0,7072,3669,174,168,2260
2014-03-16,555,4339,1,0,0,7314,4131,167,156,2416
2014-03-17,1015,5953,3,0,0,12259,5896,217,236,3547
2014-03-18,1132,5808,5,1,10,11448,5320,245,229,3666
2014-03-19,1191,5607,6,1,3,11002,5384,212,231,3648
2014-03-20,1075,5903,4,0,0,11893,5950,179,258,3620
2014-03-21,973,5083,2,0,0,8665,5371,201,234,3238
2014-03-22,680,4900,2,1,3,7584,3472,156,184,2736
2014-03-23,658,3735,0,1,2,7322,3741,132,159,2272
2014-03-24,1197,5691,4,1,3,11789,5427,211,242,3554
2014-03-25,1249,6340,3,0,0,13920,6691,190,266,3874
2014-03-26,1225,6052,5,0,0,10909,5036,206,225,3703
2014-03-27,1259,5468,3,1,3,12429,5636,194,257,3536
2014-03-28,1085,5314,4,1,11,10157,4649,156,193,3460
2014-03-29,575,3180,3,0,0,6492,2869,122,146,2069
2014-03-30,637,3395,1,0,0,7322,3617,101,164,2186
2014-03-31,1133,5539,3,2,11,11530,5274,215,223,3451
2014-04-01,1331,6051,4,0,0,11955,5825,251,292,4023
2014-04-02,1161,6070,5,0,0,11906,6064,221,230,3813
2014-04-03,1190,6958,4,1,6,14829,7030,223,293,3987
2014-04-04,1013,6078,2,1,3,10320,5234,196,247,3509
2014-04-05,567,3115,4,0,0,5872,2559,122,161,2099
2014-04-06,538,4262,1,1,12,8280,4412,103,151,2444
2014-04-07,1027,5615,3,0,0,12667,5602,221,227,3489
2014-04-08,1191,5057,6,0,0,11387,4463,215,234,3446
2014-04-09,1140,5309,4,0,0,11591,5025,214,227,3464
2014-04-10,1126,5902,6,1,4,13898,5535,186,258,3617
2014-04-11,930,4835,4,0,0,10789,4489,173,210,3028
2014-04-12,482,2877,4,0,0,6329,2587,110,119,1896
2014-04-13,529,3562,2,0,0,6717,3946,127,152,2225
2014-04-14,1002,4829,6,0,0,10527,4368,183,181,3169
2014-04-15,1010,4448,8,0,0,10216,4456,204,186,3032
2014-04-16,997,5167,8,1,9,10745,4637,162,235,3310
2014-04-17,1054,4920,5,0,0,12648,5151,191,177,3332
2014-04-18,749,3902,5,0,0,7746,3496,130,158,2650
2014-04-19,558,2732,3,0,0,5436,2255,132,122,1888
2014-04-20,470,3261,2,0,0,7469,3788,89,104,2079
2014-04-21,875,4987,6,0,0,10160,4853,148,210,3031
2014-04-22,1060,5347,5,1,4,11332,4732,191,221,3345
2014-04-23,1094,5364,6,1,10,12296,5355,207,180,3463
2014-04-24,1081,5080,6,0,0,11160,4938,176,203,3309
2014-04-25,1012,4918,6,1,3,10037,4508,199,195,3163
2014-04-26,511,2883,3,1,6,7228,3129,108,112,2025
2014-04-27,549,3720,3,1,7,6909,3355,124,156,2422
2014-04-28,1047,5382,4,0,0,11196,5098,177,188,3436
2014-04-29,1084,5682,7,0,0,12549,5475,212,220,3646
2014-04-30,1052,5513,4,1,4,11142,5086,184,226,3479
2014-05-01,1035,5035,6,1,4,10703,4922,203,209,3432
2014-05-02,975,4519,5,1,8,9432,4455,183,185,3148
2014-05-03,496,3365,5,0,0,5614,2860,100,108,2105
2014-05-04,518,3041,3,2,9,6854,2873,120,97,2121
2014-05-05,1025,4693,5,1,6,10124,4495,197,218,3255
2014-05-06,1099,4694,5,1,2,11038,4356,212,184,3326
2014-05-07,1041,4340,5,0,0,9962,4138,216,190,3171
2014-05-08,1001,4188,5,1,11,10168,4220,196,179,3042
2014-05-09,953,4445,6,0,0,9980,3893,180,169,3031
2014-05-10,505,2788,2,1,6,5603,2585,118,110,1934
2014-05-11,522,2729,4,2,40,6399,2554,94,101,1908
2014-05-12,1034,4449,4,0,0,11499,4288,214,168,3045
2014-05-13,1086,4234,5,1,2,10850,4170,222,183,3036
2014-05-14,977,4899,6,2,6,10155,4561,183,185,3236
2014-05-15,1050,4717,5,0,0,11359,4790,180,171,3112
2014-05-16,930,4669,5,0,0,8862,4371,171,222,3008
2014-05-17,454,2472,2,0,0,5438,2174,83,113,1752
2014-05-18,466,2924,4,0,0,7218,3150,82,108,1886
2014-05-19,1015,4467,5,2,41,9666,4105,198,192,3031
2014-05-20,1004,4363,6,1,8,10938,4269,170,166,3003
2014-05-21,977,4508,6,0,0,9112,3878,158,154,3024
2014-05-22,906,4962,4,0,0,10627,5162,159,197,3147
2014-05-23,814,3871,6,1,16,9739,3417,145,150,2712
2014-05-24,437,2395,2,1,4,4288,2274,94,106,1655
2014-05-25,445,2757,2,0,0,6863,2614,88,107,1747
2014-05-26,662,3453,4,1,3,8214,3428,140,160,2252
2014-05-27,981,4424,6,0,0,9547,4172,172,178,3050
2014-05-28,995,4892,6,1,256,10315,4831,159,264,3178
2014-05-29,969,4574,6,2,10,10888,4038,161,210,3007
2014-05-30,876,4452,5,1,5,9266,4069,173,179,2874
2014-05-31,581,2484,3,1,2,4940,2278,112,94,1741
2014-06-01,450,3041,5,0,0,5793,3091,90,123,2071
2014-06-02,1000,5099,6,0,0,13280,5298,176,219,3488
2014-06-03,983,5047,6,0,0,11086,4581,193,187,3352
2014-06-04,997,4828,7,1,4,9777,4652,158,191,3115
2014-06-05,1074,5046,5,1,7,11520,4917,189,207,3429
2014-06-06,893,4472,6,1,7,9832,4156,155,168,3034
2014-06-07,384,2306,2,0,0,5917,2125,77,92,1636
2014-06-08,426,2425,4,0,0,6007,2325,105,111,1719
2014-06-09,944,3849,3,0,0,9522,3580,209,162,2749
2014-06-10,972,3735,6,2,6,9107,3588,166,159,2629
2014-06-11,999,4067,4,0,0,10171,4126,164,144,2900
2014-06-12,1010,4556,6,1,2,12134,4734,197,191,3106
2014-06-13,862,3830,5,0,0,8322,3427,200,145,2652
2014-06-14,400,2138,2,0,0,5079,1726,96,85,1519
2014-06-15,412,2359,1,0,0,5279,2363,98,90,1641
2014-06-16,936,4399,4,0,0,10545,4426,205,181,2937
2014-06-17,982,4590,6,0,0,11007,4702,188,159,3035
2014-06-18,984,4843,4,0,0,9147,4364,201,218,3145
2014-06-19,1018,4258,5,1,5,10319,3891,186,179,3044
2014-06-20,852,3704,4,0,0,8177,3490,174,161,2615
2014-06-21,490,2392,2,0,0,6232,2403,121,103,1657
2014-06-22,462,2725,2,1,2,6022,2492,95,109,1813
2014-06-23,937,4901,5,2,22,11614,4969,194,229,3147
2014-06-24,1060,4884,5,0,2,10157,4534,236,197,3162
2014-06-25,1034,4862,6,0,0,11615,4469,197,200,3138
2014-06-26,896,3801,4,0,0,10943,3512,168,177,2746
2014-06-27,884,3805,3,0,0,8188,3678,172,168,2687
2014-06-28,434,2454,2,1,5,4691,2229,138,103,1860
2014-06-29,418,2743,1,0,0,6821,2997,85,81,1803
2014-06-30,941,4488,5,0,0,9859,4132,189,193,2964
2014-07-01,931,4839,6,0,0,11048,5141,180,201,3368
2014-07-02,987,5322,6,0,0,11159,4851,199,262,3396
2014-07-03,968,4945,7,2,11,12293,4392,155,204,3203
2014-07-04,735,3276,1,0,0,7069,3045,129,135,2251
2014-07-05,456,2278,1,1,5,5483,1916,131,99,1626
2014-07-06,412,2571,1,0,0,6780,2891,97,108,1662
2014-07-07,942,4999,5,0,0,11398,5063,177,194,3131
2014-07-08,980,4092,5,0,0,10949,3700,179,185,2873
2014-07-09,958,4433,6,1,7,10166,4275,185,211,3031
2014-07-10,1038,4166,5,0,0,8318,3587,189,182,3002
2014-07-11,911,4106,4,0,0,10458,3937,181,170,2807
2014-07-12,433,2553,3,0,0,6114,2422,97,120,1725
2014-07-13,424,2405,2,0,0,5897,2245,99,96,1615
2014-07-14,898,4044,4,1,2,10807,3899,154,165,2762
2014-07-15,1038,4839,5,0,0,12512,4809,187,167,3243
2014-07-16,1010,4359,6,0,0,11029,3942,210,175,3070
2014-07-17,971,4652,5,0,0,12264,4572,187,183,3098
2014-07-18,853,4353,6,1,9,9737,3924,188,171,2854
2014-07-19,452,2521,1,0,0,6436,2297,113,122,1662
2014-07-20,473,2306,5,1,16,6808,2240,127,100,1616
2014-07-21,897,3870,4,1,3,11223,4128,161,141,2716
2014-07-22,982,4456,5,1,8,9464,3812,168,155,3026
2014-07-23,962,4365,6,0,0,10365,4044,166,159,3008
2014-07-24,936,4488,5,0,0,11357,4736,189,175,2991
2014-07-25,884,4338,6,0,0,8459,3637,166,173,2949
2014-07-26,472,2561,1,3,21,5878,2538,106,116,1715
2014-07-27,422,2627,2,0,0,6451,2622,93,95,1799
2014-07-28,951,4599,9,0,0,10688,4122,180,197,3116
2014-07-29,1014,4666,6,0,0,12219,4817,177,202,3110
2014-07-30,1092,4910,4,0,0,10625,4877,200,198,3253
2014-07-31,1026,4932,6,0,0,11537,4632,210,215,3167
2014-08-01,941,4835,3,0,0,9661,4323,208,241,3434
2014-08-02,451,2558,4,0,0,4760,2274,112,119,1747
2014-08-03,468,2614,3,0,0,7043,2894,95,98,1730
2014-08-04,882,4269,5,2,10,9890,3961,185,179,2870
2014-08-05,958,4455,5,0,0,11194,4405,162,184,2974
2014-08-06,968,4328,5,0,0,9554,3734,188,167,2964
2014-08-07,972,4204,6,1,8,10213,3862,170,178,2939
2014-08-08,852,4098,8,0,0,10737,4193,161,176,2721
2014-08-09,385,2222,7,0,0,4272,1920,68,84,1539
2014-08-10,435,2432,3,2,12,7445,2524,95,92,1630
2014-08-11,833,3828,7,1,4,10652,3591,154,152,2572
2014-08-12,904,3994,7,0,0,9507,3513,176,165,2763
2014-08-13,955,3723,7,0,0,11049,3560,182,158,2747
2014-08-14,927,3945,7,1,13,9783,3711,170,156,2751
2014-08-15,820,3682,7,0,0,8643,3502,153,154,2499
2014-08-16,452,2647,7,0,0,6561,2691,108,97,1727
2014-08-17,408,2425,6,0,0,5703,2077,87,86,1619
2014-08-18,860,3564,4,0,0,9719,3768,142,153,2528
2014-08-19,939,4189,7,1,2,9709,3719,148,163,2834
2014-08-20,988,3836,7,1,5,11109,3734,169,136,2742
2014-08-21,976,4022,7,0,0,10099,3936,180,180,2825
2014-08-22,798,3350,7,0,0,8125,3072,157,108,2421
2014-08-23,479,2259,5,0,0,6110,2039,94,89,1627
2014-08-24,437,2378,0,0,0,6721,2587,88,80,1638
2014-08-25,831,4072,5,1,2,10004,4150,151,130,2816
2014-08-26,1059,4211,7,0,0,12633,4174,175,164,2988
2014-08-27,910,4139,7,1,5,9551,3521,151,151,2765
2014-08-28,954,4181,7,0,0,9674,4044,166,173,2771
2014-08-29,845,3774,7,0,0,8339,3598,138,132,2552
2014-08-30,509,2359,7,0,0,6932,2195,97,101,1668
2014-08-31,468,2499,1,1,12,5823,2480,106,88,1697
2014-09-01,648,3565,3,1,4,7939,3556,123,161,2468
2014-09-02,971,4708,7,0,0,11120,4760,169,175,3123
2014-09-03,1032,4197,7,0,0,12010,3978,189,160,3034
2014-09-04,980,4386,7,0,0,10417,4400,155,152,2993
2014-09-05,875,4579,7,0,0,9868,4310,172,173,2915
2014-09-06,419,2566,7,0,0,5064,1942,97,72,1698
2014-09-07,465,2476,4,0,0,5653,2428,123,80,1647
2014-09-08,978,4133,4,0,0,10348,4025,176,160,2781
2014-09-09,973,5148,7,1,7,10624,5283,200,229,3213
2014-09-10,1067,4823,7,0,0,11334,4653,217,177,3198
2014-09-11,966,4905,7,1,5,10438,4067,182,150,3125
2014-09-12,854,4322,7,0,0,9998,4107,188,146,2859
2014-09-13,494,2469,8,0,0,6222,2222,105,96,1736
2014-09-14,472,2122,0,0,0,6685,2425,103,89,1545
2014-09-15,930,4675,4,2,14,13647,4583,141,183,3063
2014-09-16,1078,4327,7,1,47,10897,4022,224,157,3019
2014-09-17,1019,4163,7,2,8,10748,3952,171,168,2950
2014-09-18,1081,4271,7,1,4,10827,3892,187,185,3082
2014-09-19,869,3893,7,3,16,9273,3723,148,141,2691
2014-09-20,478,2291,7,0,0,5754,2201,88,80,1651
2014-09-21,491,2338,3,0,0,5327,1989,115,82,1644
2014-09-22,1022,3579,4,1,20,10992,3842,203,169,2641
2014-09-23,996,4732,7,1,3,10254,4715,174,166,3063
2014-09-24,1009,4682,7,0,0,11542,4244,171,164,3163
2014-09-25,1020,4678,7,0,0,10900,4758,200,213,3144
2014-09-26,928,4040,7,1,5,8687,3172,163,176,2756
2014-09-27,476,2524,6,0,0,5643,2241,103,121,1718
2014-09-28,438,2278,0,0,0,6926,2326,91,80,1612
2014-09-29,930,3861,6,0,0,10464,3817,165,171,2663
2014-09-30,1055,5027,7,0,0,12665,5262,157,211,3219
2014-10-01,1034,5419,7,1,5,10315,4892,170,227,3568
2014-10-02,952,4204,7,0,0,11010,3750,176,197,2993
2014-10-03,846,3614,7,1,4,8484,3268,161,181,2551
2014-10-04,447,2284,7,0,0,4446,1830,104,92,1632
2014-10-05,442,2388,1,0,0,5886,2258,89,95,1668
2014-10-06,925,4289,6,0,0,10625,4238,175,221,2797
2014-10-07,1063,4537,4,2,7,14456,4750,167,199,3137
2014-10-08,1021,4374,7,1,9,11187,3896,173,198,3058
2014-10-09,1048,4452,7,0,0,9870,3794,174,164,3003
2014-10-10,858,4218,7,1,2,9579,4184,148,178,2792
2014-10-11,472,2627,8,0,0,5523,2185,118,109,1821
2014-10-12,473,2718,3,0,0,8142,2781,91,95,1756
2014-10-13,879,3406,6,0,0,9773,3381,150,137,2572
2014-10-14,1114,4125,7,0,0,10883,3801,172,165,3036
2014-10-15,1054,4956,7,1,4,12198,5079,179,241,3188
2014-10-16,946,5129,7,0,0,11592,5301,163,196,3242
2014-10-17,854,4549,6,2,21,9587,3796,198,155,2998
2014-10-18,436,2290,2,0,0,5644,1895,83,92,1631
2014-10-19,431,2851,0,0,0,8079,2912,96,99,1863
2014-10-20,918,4212,4,0,0,10897,4209,190,150,2923
2014-10-21,977,4645,4,0,0,11063,4274,212,192,3141
2014-10-22,987,4069,6,1,6,10701,4104,214,176,2977
2014-10-23,1035,4451,7,0,0,11035,4224,220,175,3145
2014-10-24,857,4326,7,0,0,9564,3930,183,172,2874
2014-10-25,490,2722,7,0,0,6663,2332,111,94,1843
2014-10-26,475,2757,2,1,8,6192,2888,63,101,1852
2014-10-27,1000,4769,7,1,2,11034,4353,167,164,3079
2014-10-28,1147,4544,6,1,9,12865,5058,184,194,3179
2014-10-29,1102,4984,7,0,0,12008,4243,183,192,3242
2014-10-30,1032,4855,7,0,0,12457,4633,192,205,3235
2014-10-31,896,4197,7,1,25,11244,4061,148,152,2866
2014-11-01,444,2925,7,0,0,6324,2916,109,107,2043
2014-11-02,519,3073,2,2,6,7632,3291,121,122,2091
2014-11-03,1000,4702,4,0,0,12581,4214,176,198,3099
2014-11-04,1087,4314,7,1,3,13141,4550,223,182,3219
2014-11-05,970,4220,7,2,14,10490,3585,163,166,3000
2014-11-06,1051,4465,7,0,0,12276,4127,161,173,3131
2014-11-07,923,3853,7,0,0,10242,3925,204,148,2783
2014-11-08,450,2796,5,0,0,6906,2720,112,93,1871
2014-11-09,505,2235,1,3,24,5911,1772,98,84,1649
2014-11-10,1050,5036,6,1,5,15219,5457,210,166,3213
2014-11-11,1123,4531,7,0,0,12603,4284,201,173,3154
2014-11-12,1052,4914,6,1,9,15673,4553,190,203,3209
2014-11-13,1030,4816,7,1,5,12806,4489,197,198,3243
2014-11-14,868,4418,7,0,0,11146,4331,164,146,2898
2014-11-15,501,2241,4,0,0,6089,1793,98,91,1631
2014-11-16,474,2574,1,0,0,6595,2746,112,95,1685
2014-11-17,991,4547,6,0,0,12445,4237,239,155,2909
2014-11-18,1088,4532,7,0,0,15068,4532,194,220,3121
2014-11-19,1069,5244,3,0,0,14382,5112,184,204,3396
2014-11-20,968,4435,6,0,0,10722,3919,159,188,3044
2014-11-21,929,4165,4,0,0,9388,3944,193,161,2845
2014-11-22,420,2618,1,1,3,6273,2684,93,91,1777
2014-11-23,492,2785,1,0,0,7127,2310,87,114,1793
2014-11-24,951,4089,5,0,0,11875,4403,169,149,2887
2014-11-25,994,4011,7,1,4,9952,3292,219,171,2796
2014-11-26,891,3852,7,0,0,10585,3962,186,157,2815
2014-11-27,702,3188,5,0,0,7922,3008,172,131,2224
2014-11-28,632,2776,5,0,0,7357,2359,175,138,2051
2014-11-29,383,2484,2,0,0,5568,2331,104,99,1727
2014-11-30,484,2761,3,3,64,7654,2926,128,116,1843
2014-12-01,1022,5088,4,0,13,14200,5285,180,215,3593
2014-12-02,1064,4969,8,0,0,13245,4846,197,192,3371
2014-12-03,1025,5101,7,0,0,11414,4568,183,164,3376
2014-12-04,1098,4194,8,0,0,11578,3896,203,177,3048
2014-12-05,856,4374,7,0,0,10121,4319,153,153,2790
2014-12-06,477,2505,7,0,0,5925,2244,114,104,1766
2014-12-07,534,2962,0,1,3,9251,3101,125,118,1908
2014-12-08,1057,4816,3,0,0,13164,4975,210,204,3230
2014-12-09,1127,5463,7,0,0,12340,4670,254,213,3474
2014-12-10,1067,4684,7,0,0,11920,4369,215,175,3262
2014-12-11,1001,4328,7,0,0,11825,4514,183,185,3024
2014-12-12,888,4716,7,0,0,9401,4424,204,173,3044
2014-12-13,442,3084,7,0,0,5948,2440,128,101,1987
2014-12-14,449,2598,3,0,0,7442,2692,119,83,1723
2014-12-15,1001,4154,4,0,0,11935,4150,218,165,2899
2014-12-16,1080,4039,7,0,0,10643,3563,187,177,2926
2014-12-17,973,3912,7,0,0,9528,3771,193,180,2781
2014-12-18,982,4157,7,0,0,11891,3971,222,174,2821
2014-12-19,919,3898,6,2,11,9357,3624,180,174,2724
2014-12-20,511,2651,5,0,0,6824,2528,144,126,1811
2014-12-21,433,2534,0,0,0,6629,2232,110,90,1709
2014-12-22,818,3800,2,0,0,10192,4176,191,149,2604
2014-12-23,845,4016,7,0,0,8250,3259,201,143,2636
2014-12-24,651,3376,7,2,19,8701,3301,174,111,2274
2014-12-25,388,2213,3,0,0,6050,2309,135,107,1525
2014-12-26,456,3031,3,0,0,6568,2983,141,102,1889
2014-12-27,473,2969,2,0,0,6891,2860,152,125,1954
2014-12-28,532,2927,3,1,6,8035,2578,178,120,1890
2014-12-29,752,3829,4,1,3,10276,3804,199,158,2601
2014-12-30,824,4113,7,2,10,10190,3932,207,134,2617
2014-12-31,671,3464,5,0,0,7903,3100,177,138,2375
2015-01-01,455,2735,0,0,0,7601,3415,131,117,1937
2015-01-02,694,3706,4,0,0,7917,3129,197,165,2458
2015-01-03,566,2721,4,0,0,6473,2303,158,114,1952
2015-01-04,545,3298,3,0,7,8385,3486,146,119,2150
2015-01-05,1060,4583,7,0,0,12011,4454,236,175,3146
2015-01-06,1094,4767,7,0,0,10078,4249,246,197,3191
2015-01-07,1030,4952,7,0,0,13159,4925,286,198,3279
2015-01-08,1009,4534,7,0,8,10468,4349,262,184,3069
2015-01-09,922,4320,7,0,0,10608,3928,212,187,2906
2015-01-10,542,2624,4,1,8,6429,2163,204,104,1952
2015-01-11,496,2846,2,0,0,7236,2829,148,97,1946
2015-01-12,968,4432,2,0,0,12285,4570,200,164,3074
2015-01-13,1139,4919,7,1,3,11601,4569,268,185,3275
2015-01-14,1177,5330,7,0,0,12837,5224,249,208,3519
2015-01-15,1096,5060,7,0,0,13571,5213,241,195,3402
2015-01-16,963,5187,7,1,7,12104,4398,258,169,3279
2015-01-17,567,2814,8,1,6,5934,2342,148,115,1912
2015-01-18,543,2899,7,0,0,8412,3455,160,122,1952
2015-01-19,894,4320,5,1,14,9506,3235,229,133,2927
2015-01-20,1130,4594,7,0,0,12054,4694,235,192,3247
2015-01-21,1112,4874,7,1,2,14664,5507,196,186,3321
2015-01-22,1041,4864,7,0,0,11459,4035,190,189,3257
2015-01-23,980,4529,7,1,4,11383,4085,212,193,3047
2015-01-24,508,2838,7,0,0,6633,2564,129,112,2000
2015-01-25,539,2676,3,0,0,7925,2547,110,100,1872
2015-01-26,1084,4550,6,0,0,12486,4731,216,185,3162
2015-01-27,1146,5384,6,0,0,13665,5382,249,210,3590
2015-01-28,1145,5137,7,1,8,13399,4764,230,201,3466
2015-01-29,1170,5034,7,0,0,12576,4621,216,186,3404
2015-01-30,950,4569,7,0,0,9750,4319,195,155,3092
2015-01-31,555,2693,7,0,0,6662,2447,143,107,1903
2015-02-01,513,3095,5,0,0,7014,3355,146,115,2261
2015-02-02,1000,4780,5,0,0,12794,5017,196,176,3287
2015-02-03,1149,5217,7,0,0,11689,4915,230,188,3532
2015-02-04,1073,5344,7,0,0,11835,5114,211,201,3435
2015-02-05,1083,4928,7,0,8,12522,4338,209,182,3311
2015-02-06,931,4379,7,0,0,10193,4239,153,150,2983
2015-02-07,532,2939,7,0,0,7316,2764,126,131,1994
2015-02-08,616,2605,7,0,0,6559,2334,129,108,1924
2015-02-09,1078,4414,7,0,0,10655,4237,243,160,3053
2015-02-10,1165,4889,7,0,0,14204,5040,239,181,3447
2015-02-11,1073,4629,7,0,0,12043,4687,220,165,3262
2015-02-12,1071,4500,7,0,0,9991,3853,237,184,3084
2015-02-13,961,4804,7,0,0,11625,4579,210,183,3229
2015-02-14,516,2659,7,2,18,6591,2395,133,104,1946
2015-02-15,504,2957,7,0,0,7807,2697,121,111,1995
2015-02-16,936,4195,7,0,0,10910,4659,189,172,2898
2015-02-17,1053,5122,7,0,0,10063,4496,252,185,3332
2015-02-18,1104,4427,7,0,0,11282,3845,231,185,3114
2015-02-19,1114,5157,8,1,3,14719,5502,222,194,3466
2015-02-20,954,4864,7,0,0,9624,4229,203,182,3199
2015-02-21,517,3066,7,0,0,7240,2945,142,106,2040
2015-02-22,524,3680,6,1,8,7690,3351,164,154,2277
2015-02-23,1043,4971,6,0,0,13411,4813,202,196,3290
2015-02-24,1222,5263,7,0,0,13029,5176,238,200,3479
2015-02-25,1207,4899,7,0,0,12694,4612,213,196,3407
2015-02-26,1187,4534,7,2,10,12237,4410,247,179,3122
2015-02-27,1142,4552,7,1,4,11948,4106,259,185,3172
2015-02-28,594,2742,7,0,0,7056,2636,135,109,1938
2015-03-01,618,3337,8,0,0,7171,3878,166,133,2305
2015-03-02,1105,4624,5,0,0,11094,4044,250,217,3256
2015-03-03,1204,5101,7,1,3,13081,5038,252,191,3474
2015-03-04,1118,5407,7,0,0,11278,5187,267,197,3484
2015-03-05,1105,5250,7,0,0,11461,4935,277,192,3378
2015-03-06,987,4548,7,0,0,12690,4649,236,192,3126
2015-03-07,558,2787,7,0,0,6381,2332,162,98,1969
2015-03-08,586,3629,7,0,0,7082,3685,192,146,2266
2015-03-09,1112,5869,7,0,0,12951,5783,321,230,3607
2015-03-10,1166,5395,7,0,0,14515,5586,283,167,3515
2015-03-11,1156,5488,7,0,0,10670,4461,274,224,3539
2015-03-12,1184,5288,7,0,0,12775,4872,261,194,3506
2015-03-13,1011,4908,7,0,0,12141,4703,220,202,3183
2015-03-14,606,3233,4,0,0,7515,3183,164,132,2168
2015-03-15,607,3461,2,0,0,8200,3243,145,125,2309
2015-03-16,1068,5425,7,1,4,10997,5434,239,214,3475
2015-03-17,1211,5906,7,0,0,13291,5891,272,237,3644
2015-03-18,1111,5738,7,0,0,12675,5150,261,209,3612
2015-03-19,1186,4797,7,0,0,12654,4724,264,202,3324
2015-03-20,927,4949,7,0,0,9676,3964,254,189,3103
2015-03-21,569,2855,7,1,2,6164,2987,170,107,2001
2015-03-22,593,3351,8,0,0,7722,3372,136,129,2138
2015-03-23,1119,4166,7,0,0,11566,3857,209,175,3118
2015-03-24,1196,5094,6,1,25,13306,5477,266,229,3439
2015-03-25,1117,5300,4,2,15,12083,5225,213,189,3406
2015-03-26,1073,5963,4,0,0,11476,4957,221,215,3767
2015-03-27,976,4860,7,0,0,12285,4662,252,201,3272
2015-03-28,589,2839,7,0,0,5924,2550,158,105,2009
2015-03-29,515,3182,7,0,0,7671,3188,141,103,2142
2015-03-30,1115,5333,6,0,0,12220,5220,225,211,3480
2015-03-31,1176,6002,7,0,0,13280,5666,258,210,3856
2015-04-01,1176,5900,7,0,0,12194,5779,284,241,4262
2015-04-02,1059,4962,8,0,0,11037,4223,248,192,3327
2015-04-03,921,4459,7,0,0,11513,4601,202,160,2863
2015-04-04,516,2798,7,0,0,6255,2175,136,101,1805
2015-04-05,502,2598,6,0,0,7153,2711,140,105,1859
2015-04-06,986,4575,3,0,0,11927,4358,212,175,3019
2015-04-07,1175,5415,8,0,0,14472,5634,278,192,3557
2015-04-08,1343,5613,7,1,3,13575,5136,234,231,3626
2015-04-09,1187,5572,7,3,35,11923,5191,264,208,3622
2015-04-10,1011,4902,6,0,0,11679,4517,208,173,3301
2015-04-11,587,2971,1,0,0,5659,2743,145,134,2053
2015-04-12,564,3313,0,0,0,7708,3393,160,117,2125
2015-04-13,1064,4961,6,1,11,11266,4781,265,211,3340
2015-04-14,1234,5555,7,1,8,12589,5261,257,251,3563
2015-04-15,1169,5735,7,1,19,12299,5361,257,191,3562
2015-04-16,1147,5260,7,0,0,11580,5313,291,211,3460
2015-04-17,929,5346,7,0,0,10651,4828,221,163,3377
2015-04-18,572,3118,5,0,0,5684,2652,154,113,2129
2015-04-19,604,3250,2,0,0,8018,3579,175,123,2120
2015-04-20,1075,5064,4,0,0,12327,4797,233,192,3312
2015-04-21,1133,5160,7,1,2,12264,4840,265,159,3407
2015-04-22,1205,5146,7,0,0,12979,4959,236,206,3527
2015-04-23,1181,5183,7,0,0,12380,4944,269,201,3438
2015-04-24,1019,4862,7,0,0,10937,4437,241,154,3263
2015-04-25,532,2841,7,0,0,6663,2645,164,120,1952
2015-04-26,546,3250,2,0,0,7994,3325,145,129,2190
2015-04-27,1119,4917,7,0,0,13657,4870,224,192,3367
2015-04-28,1222,4724,7,0,0,11622,4419,236,159,3205
2015-04-29,1240,5506,7,0,0,14142,5350,285,206,3581
2015-04-30,1070,4641,7,0,0,12120,4308,220,158,3244
2015-05-01,964,5843,7,0,0,11823,5801,255,218,3839
2015-05-02,536,3244,7,0,0,6574,3123,143,113,2121
2015-05-03,514,3964,7,1,24,7303,3689,153,163,2379
2015-05-04,1020,5406,7,0,0,11593,5255,222,217,3396
2015-05-05,1174,4489,7,0,0,11465,4356,240,153,3291
2015-05-06,1167,5504,7,0,3,12495,5428,239,215,3562
2015-05-07,1141,5488,7,0,0,12065,5309,232,196,3541
2015-05-08,966,4574,7,0,0,10085,3759,214,178,3135
2015-05-09,494,2815,5,0,0,6481,2699,156,86,1888
2015-05-10,511,3298,1,0,0,6591,3049,135,130,2084
2015-05-11,1094,5568,5,0,0,12463,5996,267,215,3532
2015-05-12,1133,5993,7,1,3,14753,6009,249,191,3780
2015-05-13,1145,5706,7,1,2,11064,4690,247,202,3455
2015-05-14,1119,4333,7,0,0,10982,4127,213,168,3090
2015-05-15,1013,5067,7,2,11,11517,4706,227,170,3272
2015-05-16,494,3162,7,0,0,6607,3032,134,112,2071
2015-05-17,568,3578,7,1,8,8079,3398,126,104,2192
2015-05-18,1032,4171,4,0,0,10387,3948,217,160,2968
2015-05-19,1260,5109,7,0,0,12515,5151,260,197,3492
2015-05-20,1186,5018,7,0,0,12325,5030,214,183,3369
2015-05-21,1094,4665,7,0,10,11455,4236,226,182,3187
2015-05-22,952,4387,7,3,42,9317,3902,212,178,2981
2015-05-23,484,2887,5,1,11,7427,3027,133,122,1899
2015-05-24,478,2686,2,5,20,6684,2286,123,124,1773
2015-05-25,766,3428,3,0,0,8742,3551,189,137,2326
2015-05-26,1142,5021,5,0,0,10528,4638,227,193,3323
2015-05-27,1229,5528,7,0,0,13509,5426,256,204,3493
2015-05-28,1218,5464,7,0,0,11945,5244,229,195,3572
2015-05-29,994,5294,7,0,0,11903,5178,206,186,3292
2015-05-30,513,3601,4,0,0,6651,3251,153,148,2212
2015-05-31,597,3130,1,0,0,8369,2979,173,115,2073
2015-06-01,1129,5752,4,0,0,10512,5770,267,203,3883
2015-06-02,1218,5488,7,0,0,13363,5167,252,222,3648
2015-06-03,1135,5680,8,0,0,12190,5515,227,186,3584
2015-06-04,1145,5161,7,0,0,11431,4778,251,209,3440
2015-06-05,901,4939,7,1,6,10016,4766,198,177,3140
2015-06-06,568,3258,7,0,0,6454,3291,156,130,2062
2015-06-07,521,3426,5,0,0,6088,2948,144,116,2075
2015-06-08,1121,5332,4,0,0,13390,5646,246,199,3388
2015-06-09,1201,4789,7,0,0,10889,3931,281,161,3400
2015-06-10,1117,5915,7,1,6,14399,6715,231,191,3661
2015-06-11,1004,5608,7,1,8,11258,4475,245,208,3498
2015-06-12,984,5044,7,0,0,9659,4664,226,180,3246
2015-06-13,537,3399,7,0,0,6615,3455,164,139,2161
2015-06-14,510,3015,0,0,0,7349,2591,149,101,1962
2015-06-15,1077,5107,5,1,4,11556,5263,253,168,3378
2015-06-16,1167,5149,7,0,0,12473,4802,257,225,3329
2015-06-17,1148,5336,7,2,13,12176,4987,284,200,3469
2015-06-18,1042,5216,7,0,0,11622,5152,257,205,3238
2015-06-19,947,5037,7,1,5,9816,4527,224,167,3089
2015-06-20,484,2614,3,0,0,6931,2417,123,95,1737
2015-06-21,505,3479,2,1,10,7472,3280,140,98,2166
2015-06-22,1040,5315,6,0,0,12716,5549,253,215,3295
2015-06-23,1148,5518,7,0,0,10716,5203,263,202,3515
2015-06-24,1111,5385,7,0,0,12018,5214,253,182,3414
2015-06-25,1071,5346,7,0,0,11075,5073,265,177,3443
2015-06-26,854,5819,7,1,3,11227,5626,233,217,3356
2015-06-27,488,2958,4,0,0,4963,2420,122,138,1918
2015-06-28,548,3215,2,0,0,7134,3219,169,142,2100
2015-06-29,1054,5224,6,0,0,11707,5350,234,167,3282
2015-06-30,1166,5921,7,0,11,11838,5157,261,226,3758
2015-07-01,1105,5764,7,0,0,12611,6187,285,214,3953
2015-07-02,1048,5342,7,0,0,10457,4626,255,200,3474
2015-07-03,796,5195,7,0,0,9483,5001,241,220,3097
2015-07-04,462,2969,3,0,0,5780,2628,151,121,1892
2015-07-05,527,3225,2,0,0,6224,3498,168,113,2025
2015-07-06,1082,5999,5,0,0,12876,5557,313,206,3622
2015-07-07,1192,4832,7,0,0,11668,4400,290,186,3410
2015-07-08,1187,5189,7,0,0,10990,4965,269,170,3495
2015-07-09,1195,4851,7,0,0,11511,4621,250,226,3294
2015-07-10,1017,5188,7,0,0,11655,5191,243,213,3223
2015-07-11,550,3710,7,0,0,8010,3274,184,152,2165
2015-07-12,525,2978,3,0,0,6564,2609,190,132,1973
2015-07-13,1010,5408,6,0,0,11459,5682,285,201,3370
2015-07-14,1203,5675,7,0,0,12367,5120,302,191,3543
2015-07-15,1079,4779,7,0,0,12105,4681,300,152,3243
2015-07-16,1106,4668,7,0,0,10060,4116,246,194,3191
2015-07-17,978,4409,7,0,0,9780,4386,223,133,2978
2015-07-18,490,2917,7,1,27,5748,2512,147,112,1922
2015-07-19,554,3298,5,0,0,7609,3214,179,151,2159
2015-07-20,1162,5343,6,2,9,13044,5198,323,241,3453
2015-07-21,1145,5715,7,0,0,12067,5633,306,207,3512
2015-07-22,1110,5226,7,0,0,10481,4774,287,177,3335
2015-07-23,1182,4889,7,0,0,11772,4824,328,214,3361
2015-07-24,1009,5647,7,0,0,10167,4821,228,213,3451
2015-07-25,543,3034,5,0,0,7634,3061,155,107,1955
2015-07-26,509,2634,2,0,0,6453,2353,113,75,1769
2015-07-27,1043,5050,5,0,0,12199,4840,249,179,3323
2015-07-28,1221,5365,7,0,0,13166,5305,280,189,3534
2015-07-29,1143,5881,7,0,0,11736,5635,289,208,3668
2015-07-30,1147,5421,7,1,6,12249,5504,311,194,3448
2015-07-31,995,5067,7,0,0,10717,4468,287,217,3205
2015-08-01,557,3425,7,0,0,6564,2916,211,133,2036
2015-08-02,564,3246,7,1,4,5998,3063,197,117,2045
2015-08-03,1036,6683,7,0,0,13236,7004,310,253,4145
2015-08-04,1186,5213,7,0,0,12037,4854,328,209,3507
2015-08-05,1125,5420,7,0,0,12026,4957,271,214,3432
2015-08-06,1073,5344,7,0,0,10665,4971,246,194,3362
2015-08-07,922,4554,7,0,0,10360,4381,260,169,2938
2015-08-08,497,2773,7,0,0,5362,2340,161,90,1834
2015-08-09,516,2465,7,0,0,5820,2407,138,92,1760
2015-08-10,1023,5248,7,0,0,14431,5429,291,237,3407
2015-08-11,1108,5746,7,0,0,12842,5584,299,214,3603
2015-08-12,1105,5230,7,0,0,10985,4503,294,212,3388
2015-08-13,1066,5258,7,0,0,11707,5001,302,210,3282
2015-08-14,919,4867,7,0,0,10736,4982,224,164,3033
2015-08-15,572,3132,7,0,0,7074,2496,185,139,1967
2015-08-16,546,2769,2,0,0,7234,2764,164,104,1923
2015-08-17,1131,4975,5,0,0,12321,4554,276,190,3354
2015-08-18,1134,4936,7,0,0,13382,4767,298,180,3400
2015-08-19,1094,5274,7,0,0,12345,5080,271,223,3533
2015-08-20,1111,4850,7,0,0,10935,4528,283,200,3246
2015-08-21,912,4745,7,1,4,11030,4504,232,178,3102
2015-08-22,530,2746,7,0,0,6717,2432,157,95,1811
2015-08-23,573,2423,7,0,0,6348,2428,160,69,1824
2015-08-24,995,5279,7,1,22,10514,5278,262,180,3230
2015-08-25,1128,5461,7,0,0,11317,5069,275,195,3466
2015-08-26,1071,5351,6,0,0,12428,5451,282,189,3352
2015-08-27,990,5210,4,0,0,10079,4541,237,196,3166
2015-08-28,992,4475,8,1,2,10281,4314,253,147,2919
2015-08-29,537,2819,4,0,0,6103,2468,140,97,1913
2015-08-30,560,2500,5,0,0,6268,2542,169,96,1810
2015-08-31,1066,3943,7,0,0,10382,4363,275,154,2813
2015-09-01,1158,5577,7,0,0,11967,5466,326,199,3849
2015-09-02,1160,4904,7,0,0,10912,4378,289,169,3419
2015-09-03,1109,4371,7,0,0,10273,3765,265,161,3066
2015-09-04,985,4165,7,0,0,9479,3804,259,177,2903
2015-09-05,475,2588,7,0,0,5400,2462,162,84,1788
2015-09-06,566,2583,6,0,0,7116,2494,154,79,1768
2015-09-07,810,3185,5,0,0,9039,3214,235,127,2325
2015-09-08,1171,4135,7,0,0,11718,4412,288,170,2929
2015-09-09,1073,5423,7,2,9,10471,5041,289,216,3338
2015-09-10,1103,4732,7,0,0,11028,4263,259,153,3267
2015-09-11,1124,4346,7,0,0,11282,3993,257,165,3075
2015-09-12,583,2475,7,0,0,5477,2400,183,101,1722
2015-09-13,542,2779,7,0,0,5984,2427,146,115,1857
2015-09-14,1166,3883,7,0,0,11676,3907,285,163,2818
2015-09-15,1215,4420,7,0,0,10707,4551,283,154,3111
2015-09-16,1163,5720,7,0,0,12526,5455,320,204,3520
2015-09-17,1119,4875,7,0,0,10906,4532,309,170,3294
2015-09-18,1049,4854,7,1,6,10200,4569,267,167,3175
2015-09-19,586,2674,7,0,0,6577,2630,163,102,1873
2015-09-20,550,3141,7,0,0,7208,2870,166,134,2034
2015-09-21,1176,5024,7,0,0,11599,5054,331,200,3364
2015-09-22,1208,5430,7,0,0,12727,4872,299,199,3482
2015-09-23,1197,5298,7,1,15,12467,5306,382,176,3420
2015-09-24,1197,5344,7,0,0,10448,4954,313,193,3383
2015-09-25,1012,4811,7,0,0,11773,4915,248,181,3097
2015-09-26,568,2814,6,1,20,6451,2102,139,119,1840
2015-09-27,594,2861,7,0,0,7052,2681,142,116,1943
2015-09-28,1108,4501,6,1,6,13823,4597,290,157,3114
2015-09-29,1211,5551,7,0,0,13025,5836,273,182,3560
2015-09-30,1259,6291,7,0,0,12531,5600,290,217,3890
2015-10-01,1318,6057,7,0,0,13391,6103,312,215,4187
2015-10-02,1123,5181,8,0,0,11423,4400,255,221,3418
2015-10-03,619,3222,7,0,0,7281,3012,168,126,2073
2015-10-04,575,2819,6,1,5,6544,2769,161,91,1921
2015-10-05,1139,5404,6,0,0,12222,5532,278,233,3322
2015-10-06,1281,6096,6,2,13,12499,5901,287,209,3713
2015-10-07,1310,5371,7,0,0,13990,4922,312,210,3487
2015-10-08,1254,5977,7,1,7,11841,5981,261,214,3624
2015-10-09,1057,5585,7,0,0,11284,4747,275,191,3400
2015-10-10,578,2994,7,0,0,7191,3203,156,110,1958
2015-10-11,569,3673,6,0,0,6684,3508,164,135,2132
2015-10-12,1109,4766,3,0,0,11606,4317,342,192,3097
2015-10-13,1265,5369,7,0,0,12557,5332,343,222,3447
2015-10-14,1235,4876,7,0,0,11801,4512,311,177,3295
2015-10-15,1195,5150,7,0,0,11924,4713,271,144,3356
2015-10-16,1141,4858,7,0,0,12349,5079,240,173,3202
2015-10-17,605,3302,7,0,0,6310,2917,171,118,2125
2015-10-18,565,3114,5,1,5,7463,3070,162,99,1942
2015-10-19,1182,5043,7,2,5,11457,4927,267,184,3268
2015-10-20,1256,4804,7,1,16,12190,4489,310,160,3204
2015-10-21,1298,5657,7,0,0,12376,5324,313,232,3639
2015-10-22,1298,5018,7,0,0,11541,4734,338,197,3399
2015-10-23,1141,4714,7,0,0,11124,4244,260,162,3131
2015-10-24,645,2833,6,0,0,7147,2877,180,110,1932
2015-10-25,725,2878,3,0,0,8014,2953,167,108,1946
2015-10-26,1127,5218,6,0,0,10685,5041,317,179,3284
2015-10-27,1305,5412,7,0,0,12550,5107,348,204,3551
2015-10-28,1252,4981,7,0,0,11448,4607,299,193,3266
2015-10-29,1260,5740,7,0,0,14718,6140,312,204,3567
2015-10-30,1007,4849,7,0,0,9683,4044,258,185,3123
2015-10-31,626,2886,6,0,0,8037,3181,189,99,1946
2015-11-01,605,3711,4,0,0,7680,3962,192,140,2168
2015-11-02,1118,6123,3,0,0,13524,6129,317,205,4054
2015-11-03,1298,5951,7,1,17,12428,5385,348,180,3782
2015-11-04,1217,5824,7,0,0,14133,5553,327,191,3598
2015-11-05,1230,5073,7,0,0,12844,4485,325,182,3300
2015-11-06,1070,4778,7,0,0,12376,5075,268,178,3123
2015-11-07,655,3228,7,0,0,7726,3251,186,113,2116
2015-11-08,571,3303,3,0,0,6783,3257,164,128,2104
2015-11-09,1159,4903,7,0,0,13090,4404,265,165,3257
2015-11-10,1306,5648,7,0,0,13129,5862,329,203,3567
2015-11-11,1153,5500,7,1,3,12721,5417,249,198,3401
2015-11-12,1209,5549,7,0,0,15607,6077,291,193,3515
2015-11-13,1041,5244,7,0,0,10774,4097,284,215,3302
2015-11-14,538,3902,7,0,0,7507,3716,225,154,2192
2015-11-15,553,3416,6,0,0,7125,3237,176,138,2042
2015-11-16,1139,5285,5,0,0,14545,5810,308,189,3362
2015-11-17,1228,5437,7,0,0,13267,5197,325,207,3431
2015-11-18,1264,5483,8,0,0,14211,5565,328,180,3632
2015-11-19,1270,5643,7,0,0,12410,4821,324,204,3606
2015-11-20,1117,4960,7,0,0,10392,4258,324,196,3186
2015-11-21,615,3181,3,0,0,6673,2600,213,129,2045
2015-11-22,626,2935,0,0,0,7725,3129,227,103,2005
2015-11-23,1045,5078,4,0,0,11227,4353,291,187,3282
2015-11-24,1228,5025,7,0,0,11929,4642,364,190,3367
2015-11-25,1089,4963,7,0,0,9701,4287,301,163,3195
2015-11-26,820,3860,6,0,0,11010,4209,264,138,2584
2015-11-27,733,3436,4,0,0,10038,3305,287,129,2327
2015-11-28,572,3077,4,0,0,6758,2913,206,125,2039
2015-11-29,598,3073,0,0,0,9487,3616,204,107,2087
2015-11-30,1144,4879,5,1,3,13629,5014,285,179,3337
2015-12-01,1273,5778,7,0,0,13839,6101,354,215,3759
2015-12-02,1260,5642,7,0,0,12393,4828,370,230,3778
2015-12-03,1205,5624,7,0,0,13744,5248,331,217,3573
2015-12-04,1124,5216,7,2,12,9602,4187,294,182,3354
2015-12-05,604,3107,4,0,0,7102,2426,165,130,2088
2015-12-06,581,2915,4,0,0,7592,3375,173,90,1916
2015-12-07,1140,5306,5,0,0,12175,5265,305,203,3321
2015-12-08,1263,5736,7,0,0,14622,6298,319,178,3670
2015-12-09,1221,5782,7,0,0,10290,4406,324,212,3648
2015-12-10,1228,5490,6,0,0,12923,5755,321,193,3546
2015-12-11,1064,5347,7,1,8,11254,4813,286,194,3377
2015-12-12,646,3087,6,0,0,7585,2764,202,126,2039
2015-12-13,607,3181,3,0,0,7884,2918,197,127,2085
2015-12-14,1085,5285,6,0,0,13041,5867,301,180,3406
2015-12-15,1210,5258,6,0,0,12050,5169,322,192,3474
2015-12-16,1075,5921,7,0,0,11764,4950,254,191,3696
2015-12-17,1179,6011,7,2,14,15811,6723,311,249,3669
2015-12-18,942,5261,8,0,0,9387,3568,268,198,3204
2015-12-19,568,2996,4,0,0,7730,2703,162,104,2044
2015-12-20,533,2890,0,0,0,8178,3312,148,90,2046
2015-12-21,970,4711,4,0,0,11791,5824,261,169,2947
2015-12-22,1014,5606,4,0,0,9405,3302,292,171,3388
2015-12-23,892,4285,3,0,0,9892,3880,242,177,2818
2015-12-24,651,2944,5,0,0,8866,3029,181,77,2082
2015-12-25,483,2312,4,0,0,6618,2170,174,81,1683
2015-12-26,489,2512,3,0,0,8298,3091,169,115,1729
2015-12-27,522,2899,0,0,0,6869,2211,165,129,1944
2015-12-28,835,4225,3,1,5,10870,4973,264,146,2630
2015-12-29,951,4699,4,0,0,9840,3512,298,183,2861
2015-12-30,903,4421,5,0,0,14619,5617,280,206,2806
2015-12-31,681,4502,5,0,0,8240,2923,244,153,2557
2016-01-01,585,3200,2,0,0,8700,3562,171,103,2183
2016-01-02,603,3845,1,0,0,8896,3672,194,150,2348
2016-01-03,634,3919,1,0,0,10246,4327,210,144,2385
2016-01-04,1093,5499,5,0,0,12768,5858,310,177,3533
2016-01-05,1166,6181,7,0,0,14153,5443,311,224,3726
2016-01-06,1105,6563,7,0,0,12846,6276,307,229,3819
2016-01-07,1161,5728,7,0,0,10468,4343,263,198,3589
2016-01-08,1063,6318,6,0,0,12187,6161,304,198,3679
2016-01-09,659,3509,2,0,0,9993,3672,194,129,2253
2016-01-10,627,3798,2,0,0,9852,4119,188,122,2365
2016-01-11,1089,5639,5,0,0,13602,4452,277,184,3475
2016-01-12,1229,5484,7,0,0,13975,6084,325,194,3586
2016-01-13,1252,5990,6,1,3,12880,5237,357,196,3779
2016-01-14,1259,5944,7,0,0,15950,6300,363,227,3800
2016-01-15,1107,6263,7,0,0,10800,4991,331,230,3653
2016-01-16,702,3477,4,0,0,9834,3759,197,136,2275
2016-01-17,658,3565,0,0,0,7678,2902,190,158,2253
2016-01-18,1106,5106,2,0,0,12887,5169,339,180,3368
2016-01-19,1276,5805,5,0,0,15380,6105,359,199,3840
2016-01-20,1222,6086,7,0,0,13792,5810,336,183,3846
2016-01-21,1203,5985,7,0,0,12400,6123,357,174,3769
2016-01-22,1144,5639,7,0,0,11892,4317,314,193,3571
2016-01-23,725,3588,6,0,0,9771,3585,208,136,2289
2016-01-24,687,3239,0,0,0,9625,3466,192,119,2221
2016-01-25,1200,5086,3,0,0,11828,3851,316,208,3417
2016-01-26,1279,4925,6,1,7,12999,4791,314,182,3375
2016-01-27,1318,6061,5,0,0,16733,6934,321,228,3866
2016-01-28,1343,6487,7,0,0,13987,5199,383,211,4038
2016-01-29,1229,5782,6,0,0,12593,5774,333,212,3677
2016-01-30,734,4142,5,1,2,9993,3936,195,123,2614
2016-01-31,730,3595,4,0,0,9841,3836,232,153,2392
2016-02-01,1301,6612,4,0,0,15054,6781,377,167,4361
2016-02-02,1432,5598,6,0,0,11879,4304,317,202,3809
2016-02-03,1219,5995,6,1,7,13220,5857,348,192,3793
2016-02-04,1199,6119,6,1,7,17303,7474,328,173,3877
2016-02-05,1125,6257,5,0,0,11428,4904,344,240,3868
2016-02-06,681,4349,5,0,0,9726,4626,241,155,2636
2016-02-07,640,4301,4,0,0,7966,3262,202,147,2584
2016-02-08,1112,5161,4,1,9,12900,5277,304,182,3345
2016-02-09,1363,6523,4,0,0,15797,5819,338,232,3966
2016-02-10,1343,6039,5,0,0,15336,6389,363,221,3799
2016-02-11,1341,5788,3,0,0,16602,6112,356,204,3834
2016-02-12,1211,6019,4,0,0,10218,4440,340,226,3636
2016-02-13,808,3936,3,0,0,11641,4283,219,147,2437
2016-02-14,670,3652,5,0,0,7259,3069,215,129,2332
2016-02-15,1027,5297,5,0,0,11457,4944,314,239,3316
2016-02-16,1268,5835,6,0,0,12055,4923,367,208,3695
2016-02-17,1337,7167,6,0,0,19647,7338,372,255,4237
2016-02-18,1322,6519,6,0,0,13196,6137,352,260,3995
2016-02-19,1231,6029,6,0,0,13352,5377,324,248,3761
2016-02-20,743,4123,7,0,0,10241,3964,245,163,2600
2016-02-21,711,4054,4,0,0,9184,4381,229,134,2477
2016-02-22,1311,6698,4,0,0,15458,6398,325,213,4031
2016-02-23,1482,6558,7,0,0,15376,6454,359,249,4025
2016-02-24,1392,6450,6,3,7,15318,6068,406,216,4026
2016-02-25,1405,6181,7,0,0,14929,5963,357,212,3853
2016-02-26,1051,5328,7,0,0,13084,4942,304,192,3354
2016-02-27,618,3200,5,0,0,7960,2704,217,112,2138
2016-02-28,674,3236,5,0,0,6308,2359,194,125,2152
2016-02-29,1212,5567,3,0,0,15070,6071,386,219,3577
2016-03-01,1330,6070,6,0,0,15559,6248,411,227,4229
2016-03-02,1183,5712,6,0,0,14141,5801,396,201,3695
2016-03-03,1227,5707,4,0,0,13048,5046,308,244,3707
2016-03-04,1103,5553,6,0,0,11459,4820,322,190,3540
2016-03-05,672,3386,6,0,0,6663,2966,194,117,2265
2016-03-06,671,3845,5,0,0,10286,4067,194,121,2329
2016-03-07,1185,5229,4,0,0,13731,4941,360,170,3412
2016-03-08,1234,5891,5,0,0,13996,5958,358,186,3849
2016-03-09,1220,5497,7,1,2,15420,4431,343,173,3645
2016-03-10,1232,5777,5,1,4,13640,6039,373,169,3851
2016-03-11,1146,5793,3,0,0,14072,5302,318,168,3712
2016-03-12,608,4289,1,0,0,8141,3937,219,154,2650
2016-03-13,600,4073,6,0,0,11088,4002,186,143,2461
2016-03-14,1180,5234,3,1,4,12782,4866,303,174,3429
2016-03-15,1318,6168,6,0,0,15676,6435,362,213,3840
2016-03-16,1163,6478,5,1,10,13917,6252,344,210,3927
2016-03-17,1223,5836,2,0,0,12954,5463,350,193,3727
2016-03-18,1095,6491,5,0,0,13950,6217,310,197,3808
2016-03-19,613,4178,1,1,10,8612,3481,203,169,2533
2016-03-20,618,3593,5,0,0,9899,3507,168,118,2328
2016-03-21,1122,6860,2,0,0,15978,7003,373,211,4064
2016-03-22,1296,6332,2,1,9,15493,6186,394,202,4015
2016-03-23,1312,7168,7,0,0,18564,7174,355,249,4310
2016-03-24,1253,6832,4,0,0,15646,6296,349,234,4195
2016-03-25,950,5204,2,0,0,10210,4286,294,160,3214
2016-03-26,602,3824,0,0,0,9236,4147,215,146,2429
2016-03-27,567,3360,3,0,0,7160,2487,177,111,2172
2016-03-28,1090,5373,4,0,0,14647,5719,303,196,3367
2016-03-29,1286,6157,7,0,0,15182,5623,339,186,3852
2016-03-30,1277,6746,7,0,0,18051,7246,324,237,4087
2016-03-31,1218,6331,6,0,0,15872,5630,306,198,3900
2016-04-01,1262,6657,6,0,0,14960,6980,347,278,4390
2016-04-02,558,4159,1,0,0,9331,3682,172,145,2570
2016-04-03,597,3716,3,0,0,8748,3096,188,118,2310
2016-04-04,1114,7147,3,0,0,15325,6860,311,239,4047
2016-04-05,1330,7501,5,0,0,16391,7624,365,274,4443
2016-04-06,1300,6523,6,0,0,14518,6164,321,225,4058
2016-04-07,1339,6891,4,0,0,16223,7022,329,238,4235
2016-04-08,1158,6268,6,0,0,13469,5525,322,234,3838
2016-04-09,690,4273,5,0,0,9001,3770,173,145,2594
2016-04-10,633,4113,5,0,0,8677,3830,155,135,2467
2016-04-11,1254,6083,4,0,0,14447,6251,334,212,3723
2016-04-12,1353,7121,5,0,0,17063,7681,316,255,4141
2016-04-13,1303,7407,7,0,0,12744,6078,298,244,4383
2016-04-14,1173,6638,5,0,0,14219,6121,312,216,3977
2016-04-15,1113,6221,5,0,0,12440,5800,275,189,3719
2016-04-16,636,3733,3,0,0,8975,3461,190,121,2362
2016-04-17,618,3427,4,1,9,7871,3158,183,141,2274
2016-04-18,1227,5788,4,1,16,16579,6278,333,197,3598
2016-04-19,1244,6206,4,0,0,12936,5541,310,219,3835
2016-04-20,1216,6035,5,0,0,14115,6317,332,178,3807
2016-04-21,1235,6266,5,0,0,14300,5940,408,234,3836
2016-04-22,1073,6120,7,1,2,13787,5569,311,204,3643
2016-04-23,663,3885,5,0,0,8231,3512,211,136,2393
2016-04-24,669,3275,2,0,0,8331,2869,203,100,2250
2016-04-25,1127,5332,4,0,0,13344,5654,317,150,3486
2016-04-26,1292,7143,6,1,7,14477,6961,371,248,4280
2016-04-27,1371,7441,6,2,4,15285,6737,432,234,4228
2016-04-28,1214,5971,6,0,0,11520,5633,339,194,3692
2016-04-29,1069,5653,5,0,0,11955,5330,304,174,3473
2016-04-30,712,3957,6,0,0,8875,3825,194,141,2417
2016-05-01,632,3599,2,0,0,8855,3341,169,128,2281
2016-05-02,1135,7203,5,1,20,15356,7957,365,243,4350
2016-05-03,1296,7091,7,1,3,13349,5960,344,216,4207
2016-05-04,1221,6513,6,0,0,12314,5800,367,229,3895
2016-05-05,1116,6594,7,0,0,14336,6738,333,220,3892
2016-05-06,1024,5903,6,1,2,13730,5649,293,202,3526
2016-05-07,595,3750,7,0,0,7604,3445,192,120,2344
2016-05-08,606,4105,3,1,2,8409,4313,210,118,2429
2016-05-09,1154,6430,3,0,0,13975,5936,342,177,3747
2016-05-10,1269,6140,4,0,0,13092,5818,355,201,3821
2016-05-11,1267,7436,4,0,0,16744,6980,360,234,4375
2016-05-12,1237,6063,6,0,0,15207,6028,302,216,3915
2016-05-13,1026,5224,5,0,0,10906,4158,299,183,3467
2016-05-14,693,3980,5,1,7,9490,4465,205,126,2521
2016-05-15,660,4093,2,0,0,7433,3422,200,137,2520
2016-05-16,1209,5914,4,0,0,14624,5986,298,194,3719
2016-05-17,1281,6841,6,0,0,14680,7431,393,215,4046
2016-05-18,1312,7047,7,0,0,13837,6335,351,202,4276
2016-05-19,1223,6555,5,0,0,13589,6687,334,213,3966
2016-05-20,1116,6553,5,0,0,13276,6165,254,180,3762
2016-05-21,676,3657,3,0,0,8094,2649,195,148,2378
2016-05-22,600,3469,2,0,0,9127,4038,180,121,2286
2016-05-23,1103,5952,4,1,2,12844,5336,321,160,3618
2016-05-24,1302,7382,8,1,7,16883,7990,383,268,4291
2016-05-25,1203,6316,7,0,0,12351,5619,348,184,3868
2016-05-26,1241,7371,6,0,0,15598,7187,341,232,4235
2016-05-27,1072,6081,6,0,0,13904,5634,278,213,3694
2016-05-28,555,3644,3,0,0,7300,3213,194,128,2323
2016-05-29,593,4102,2,0,0,8210,3444,201,134,2278
2016-05-30,797,4231,1,0,0,10184,3925,242,158,2750
2016-05-31,1182,6177,4,0,0,14702,6603,331,205,3719
2016-06-01,1350,6754,5,0,0,12415,6642,358,242,4554
2016-06-02,1269,6658,4,1,3,12643,6326,385,259,4098
2016-06-03,1114,5737,5,0,0,10728,5033,337,195,3542
2016-06-04,613,4131,5,0,0,8657,3710,233,160,2521
2016-06-05,585,4349,4,0,0,9515,4162,240,131,2547
2016-06-06,1087,6569,5,0,0,12866,6344,320,194,3867
2016-06-07,1190,6363,6,0,0,13980,6527,282,206,3882
2016-06-08,1270,6360,5,0,0,13796,5486,341,226,3989
2016-06-09,1172,5458,5,0,0,12490,5231,325,194,3659
2016-06-10,1081,6784,3,0,0,13667,6720,324,211,3883
2016-06-11,587,4224,2,0,0,7839,3654,204,145,2519
2016-06-12,613,4361,3,0,0,9864,4841,227,140,2558
2016-06-13,1088,6711,6,1,8,16153,7068,346,184,3974
2016-06-14,1114,6447,6,0,0,12784,4858,332,183,3891
2016-06-15,1191,5519,6,0,0,13848,5677,287,190,3576
2016-06-16,1142,5662,3,0,0,12777,5402,308,198,3718
2016-06-17,1019,5393,4,0,0,10769,4982,259,191,3381
2016-06-18,665,4241,2,0,0,8896,4019,177,151,2456
2016-06-19,599,3581,2,0,0,7453,3606,206,120,2263
2016-06-20,1157,6045,4,0,0,13593,5909,334,209,3737
2016-06-21,1216,6700,7,0,0,13324,6412,355,231,3923
2016-06-22,1208,6264,6,0,0,13595,5794,322,206,3780
2016-06-23,1171,6061,5,1,2,14586,5887,299,183,3721
2016-06-24,932,8265,5,2,8,12773,7648,372,270,4004
2016-06-25,588,3678,2,0,0,8133,3375,191,121,2194
2016-06-26,588,4173,2,0,0,7663,4025,202,143,2472
2016-06-27,1107,5914,4,1,6,12927,5967,317,189,3473
2016-06-28,1186,6840,2,1,19,13294,6347,336,251,4052
2016-06-29,1177,6014,5,0,0,14140,5598,321,220,3818
2016-06-30,1222,5872,4,3,44,12196,5593,360,216,3655
2016-07-01,994,6710,3,0,0,12600,6863,329,231,4103
2016-07-02,525,3141,3,0,0,6260,2124,209,94,2098
2016-07-03,499,3436,3,0,0,7170,3390,175,112,2168
2016-07-04,777,4679,2,0,0,9949,4625,254,128,2876
2016-07-05,1098,5614,3,0,0,12687,5194,326,172,3459
2016-07-06,1156,5164,4,0,0,12586,4794,326,180,3436
2016-07-07,1189,4952,3,0,0,11971,4764,325,156,3330
2016-07-08,1068,5497,3,0,0,11648,5202,344,187,3335
2016-07-09,645,3867,1,0,0,8632,3848,205,126,2408
2016-07-10,603,3374,3,0,0,6785,3191,212,104,2191
2016-07-11,1221,6601,3,1,2,15688,6369,390,205,3901
2016-07-12,1226,6106,6,2,9,12747,5978,347,198,3858
2016-07-13,1251,6397,6,0,0,12971,5711,393,172,3767
2016-07-14,1234,6159,3,4,11,14372,6011,362,209,3847
2016-07-15,1087,5330,4,0,0,12202,5093,372,171,3358
2016-07-16,599,3202,4,0,0,6949,3100,219,113,2052
2016-07-17,564,3580,2,0,0,7234,3556,196,128,2184
2016-07-18,1073,5104,5,0,0,12568,5056,345,188,3297
2016-07-19,1173,5996,5,0,0,11759,5574,387,207,3680
2016-07-20,1229,6438,4,1,2,13449,5982,380,247,3817
2016-07-21,1099,6261,7,0,0,16974,6401,370,221,3764
2016-07-22,1007,5714,4,0,0,10739,4946,365,186,3524
2016-07-23,576,3351,5,0,0,7432,3169,230,122,2157
2016-07-24,648,3401,1,0,0,9293,3798,243,123,2204
2016-07-25,1128,5689,5,0,0,12405,5166,359,185,3556
2016-07-26,1173,6038,6,0,0,12954,5223,335,179,3843
2016-07-27,1106,6669,6,0,0,13888,6792,367,205,3977
2016-07-28,1084,5613,7,0,0,11970,4964,372,207,3489
2016-07-29,941,5832,3,1,3,13209,5685,300,170,3547
2016-07-30,563,3674,1,0,0,7866,3313,210,124,2242
2016-07-31,601,3753,1,0,0,6900,3664,215,130,2239
2016-08-01,1164,6326,4,1,2,14588,6533,355,218,4111
2016-08-02,1266,6111,6,0,0,13471,6197,391,186,3754
2016-08-03,1185,6841,6,0,0,11943,6223,367,214,3980
2016-08-04,1117,5726,6,0,0,11698,5041,338,195,3554
2016-08-05,1046,6119,3,0,0,12231,5762,341,171,3621
2016-08-06,588,3414,4,0,0,7648,3184,181,120,2194
2016-08-07,608,3423,4,0,0,7859,3927,220,111,2231
2016-08-08,1100,6063,4,0,0,11862,5597,348,190,3715
2016-08-09,1092,5809,4,0,0,10892,5213,324,197,3541
2016-08-10,1238,5730,4,0,0,14629,5245,337,173,3675
2016-08-11,1196,5891,5,0,0,14590,6189,298,209,3553
2016-08-12,1009,5935,5,0,0,10915,5031,283,205,3602
2016-08-13,601,3500,2,0,0,8191,3153,186,120,2267
2016-08-14,605,3615,1,0,0,8242,3758,205,119,2249
2016-08-15,1038,5578,3,0,0,12543,5458,289,198,3396
2016-08-16,1177,5875,6,0,0,12940,5367,335,208,3729
2016-08-17,1192,6705,7,0,0,13248,6419,370,225,3896
2016-08-18,1216,6413,7,2,13,14077,6200,348,212,3783
2016-08-19,1019,6191,3,0,0,12756,5698,322,182,3551
2016-08-20,607,3909,0,0,0,8400,3386,232,134,2416
2016-08-21,619,3860,1,0,0,7491,3832,239,122,2279
2016-08-22,1126,5827,3,0,0,14352,6462,341,219,3661
2016-08-23,1242,7198,6,0,0,12751,6216,378,255,4092
2016-08-24,1172,6201,6,0,0,15403,5971,343,216,3836
2016-08-25,1190,6091,6,0,0,14461,5977,337,205,3809
2016-08-26,1095,5644,5,0,0,12131,5123,307,186,3447
2016-08-27,638,3933,0,0,0,8257,3694,232,120,2390
2016-08-28,626,3817,0,1,5,9139,4004,210,149,2398
2016-08-29,1103,6128,3,0,0,13846,6002,338,200,3654
2016-08-30,1250,7242,6,1,18,14223,6969,392,248,4090
2016-08-31,1189,6230,7,0,1,13819,5425,341,210,3790
2016-09-01,1236,6172,6,0,0,15110,7009,382,233,4174
2016-09-02,996,6290,7,0,0,9992,4450,345,208,3751
2016-09-03,593,4230,6,0,0,9099,4477,240,150,2439
2016-09-04,587,4866,0,0,0,10085,4969,211,168,2682
2016-09-05,844,4721,2,1,4,11394,4137,283,139,2985
2016-09-06,1197,6020,3,0,0,14239,5595,363,202,3777
2016-09-07,1228,7723,3,0,0,15922,8574,366,217,4348
2016-09-08,1197,8307,4,0,0,14638,7480,419,264,4475
2016-09-09,1053,7259,1,0,0,15357,6699,370,214,3958
2016-09-10,612,3931,1,0,0,8135,3193,362,114,2413
2016-09-11,618,4290,1,0,0,9058,4462,282,126,2477
2016-09-12,1114,7259,5,0,0,15075,7101,365,249,4131
2016-09-13,1193,7323,5,0,0,14295,7240,366,225,4222
2016-09-14,1421,7641,5,0,0,17021,6781,379,272,4394
2016-09-15,1158,7418,4,1,3,13913,7461,382,241,4291
2016-09-16,1066,6316,4,0,0,10599,5571,317,207,3708
2016-09-17,624,4269,1,0,0,9838,4271,216,165,2548
2016-09-18,630,4052,0,0,0,9072,3730,235,138,2544
2016-09-19,1219,6694,3,0,0,12796,6346,349,214,3944
2016-09-20,1373,7228,4,0,0,14280,6814,442,269,4309
2016-09-21,1238,7686,6,0,0,15682,7672,377,268,4410
2016-09-22,1212,6825,7,0,0,15493,6735,362,215,4017
2016-09-23,1037,6366,5,0,0,12143,5898,311,215,3679
2016-09-24,652,3761,2,0,0,8161,3117,198,123,2391
2016-09-25,612,4385,0,0,0,10431,5185,226,156,2545
2016-09-26,1158,7297,2,0,0,14476,6270,344,218,4071
2016-09-27,1109,6608,4,0,0,14604,7425,362,194,3994
2016-09-28,1187,6773,5,0,0,12706,5759,353,213,4069
2016-09-29,1204,6194,4,0,0,12458,5270,314,211,3806
2016-09-30,1029,5176,3,0,0,12843,4735,299,180,3363
2016-10-01,700,3808,2,1,3,9004,3541,245,133,2393
2016-10-02,657,3794,0,0,0,9932,3986,258,138,2340
2016-10-03,1150,6312,5,1,3,12562,6245,359,220,4220
2016-10-04,1248,7019,7,1,3,17766,7023,432,244,4305
2016-10-05,1284,7112,5,0,0,14509,6784,400,232,4108
2016-10-06,1254,6839,3,0,0,14587,6476,381,228,4105
2016-10-07,1089,6586,3,1,11,13784,6091,331,208,3777
2016-10-08,613,3829,5,0,0,8082,3282,228,151,2376
2016-10-09,637,4326,0,0,0,9493,4109,250,150,2583
2016-10-10,1053,5522,4,0,0,14113,5870,396,181,3502
2016-10-11,1239,7406,5,0,0,14575,6486,398,224,4248
2016-10-12,1267,6619,6,0,0,15595,6383,369,191,3985
2016-10-13,1297,6555,6,0,0,16533,6865,418,237,3961
2016-10-14,1101,5593,6,1,5,12974,4586,370,175,3556
2016-10-15,653,3605,2,0,0,7824,2622,240,127,2316
2016-10-16,621,4996,2,0,0,13161,5130,267,185,2796
2016-10-17,1162,7956,3,0,0,14970,7505,424,247,4306
2016-10-18,1300,7581,4,0,0,15201,7507,422,274,4214
2016-10-19,1251,7739,4,0,0,13890,6996,376,266,4381
2016-10-20,1266,7121,6,0,0,15262,7264,387,237,4132
2016-10-21,1145,7673,6,0,0,13223,6546,404,285,4417
2016-10-22,719,4428,3,0,0,9411,4047,240,162,2586
2016-10-23,628,4227,1,0,0,12389,4940,214,153,2452
2016-10-24,1194,6781,4,0,0,14038,6211,359,235,4037
2016-10-25,1380,7456,6,0,0,15586,7193,399,263,4531
2016-10-26,1405,7586,3,0,0,16042,7423,394,231,4451
2016-10-27,1305,8435,7,0,0,14482,7968,369,306,4721
2016-10-28,1128,9060,6,0,0,14565,8538,385,296,4835
2016-10-29,688,4765,2,0,0,10010,4650,247,203,2789
2016-10-30,659,5412,0,0,0,10335,5136,262,193,2868
2016-10-31,1245,7541,5,0,0,15470,7307,390,281,4462
2016-11-01,1328,7804,6,0,0,14587,7235,411,263,5015
2016-11-02,1325,7919,6,0,0,15238,7662,395,269,4765
2016-11-03,1313,7456,6,0,0,13197,6900,391,268,4385
2016-11-04,1165,6798,6,0,0,15395,6485,381,252,4113
2016-11-05,698,4668,3,0,0,8204,3917,240,182,2761
2016-11-06,686,4552,1,1,5,10939,5012,234,155,2762
2016-11-07,1205,7370,3,0,0,13546,7098,370,238,4233
2016-11-08,1261,7400,6,0,0,12918,5989,437,251,4464
2016-11-09,1057,10060,6,1,6,17860,11628,612,390,4850
2016-11-10,1236,8496,5,0,0,13394,6899,419,264,4441
2016-11-11,1132,8525,6,0,0,14106,7686,431,266,4347
2016-11-12,687,4605,6,2,22,8635,4061,324,168,2801
2016-11-13,685,4905,4,0,0,11208,4567,280,185,2922
2016-11-14,1159,6768,4,0,0,14760,6439,365,225,3995
2016-11-15,1424,7566,6,0,0,16765,7758,442,256,4618
2016-11-16,1387,8005,5,0,0,17119,7584,426,274,4585
2016-11-17,1353,8831,4,0,0,16446,8257,431,306,4814
2016-11-18,1207,6771,5,0,0,14480,5559,345,231,4174
2016-11-19,767,4625,3,1,8,11650,4781,246,172,2804
2016-11-20,734,4857,2,1,7,9415,4381,258,183,2840
2016-11-21,1265,7147,4,0,0,14209,6557,392,239,4194
2016-11-22,1361,6957,6,0,0,15993,7219,401,218,4284
2016-11-23,1227,6814,6,0,0,12872,5849,422,218,4104
2016-11-24,910,5840,3,0,0,13155,5733,376,216,3394
2016-11-25,863,6388,0,0,0,12320,6145,368,203,3640
2016-11-26,659,5294,1,0,0,10871,5262,296,184,2959
2016-11-27,697,4946,2,0,0,11063,4824,246,161,2928
2016-11-28,1198,5876,3,1,2,13611,4906,340,198,3682
2016-11-29,1354,6439,6,0,0,17598,6283,399,206,4191
2016-11-30,1397,7115,8,0,0,18958,7170,400,274,4255
2016-12-01,1396,7554,6,0,0,16043,7493,409,265,4791
2016-12-02,1262,7280,6,1,4,15570,6483,379,255,4330
2016-12-03,733,4017,2,0,0,10439,3562,252,132,2554
2016-12-04,662,3723,2,0,0,9322,3548,239,131,2386
2016-12-05,1256,7319,1,0,0,16606,6984,493,259,4342
2016-12-06,1386,6915,6,0,0,16803,6518,514,235,4415
2016-12-07,1266,6729,7,0,0,14685,6172,431,190,4149
2016-12-08,1374,6781,7,0,0,15814,6696,422,241,4073
2016-12-09,1123,6334,6,0,0,14837,6421,385,213,3923
2016-12-10,642,5083,3,0,0,8469,4235,271,159,2966
2016-12-11,671,4968,3,0,0,11508,5359,241,185,2842
2016-12-12,1233,7682,1,0,0,14119,6938,361,243,4456
2016-12-13,1352,7925,6,0,0,15151,7717,386,242,4761
2016-12-14,1358,7065,3,0,0,17368,6961,364,230,4320
2016-12-15,1313,7612,6,0,0,16733,7128,389,255,4413
2016-12-16,1139,6967,6,0,0,12042,6140,459,249,4033
2016-12-17,711,4754,1,0,0,9604,4509,246,163,2731
2016-12-18,623,4378,2,0,0,9910,4201,247,154,2604
2016-12-19,1216,6430,2,0,0,14854,6198,386,219,3826
2016-12-20,1300,8091,6,0,0,15171,8539,378,262,4483
2016-12-21,1247,6923,6,0,0,13478,5487,361,254,4064
2016-12-22,1263,6645,5,0,0,14603,6835,382,241,4035
2016-12-23,938,5345,4,0,0,11218,4461,318,232,3206
2016-12-24,566,3682,3,0,0,8114,2899,190,151,2313
2016-12-25,552,3392,3,0,0,9292,3924,233,144,2087
2016-12-26,773,3539,1,0,0,10717,3538,294,125,2445
2016-12-27,1022,5922,1,0,0,10424,5737,391,190,3395
2016-12-28,1077,6296,2,0,0,13975,5863,388,216,3623
2016-12-29,985,5611,5,0,0,11780,5777,331,183,3338
2016-12-30,956,6257,2,0,0,10733,5821,350,220,3452
2016-12-31,651,4676,1,0,0,8920,3737,266,168,2692
2017-01-01,564,3683,2,0,0,10242,3459,267,141,2234
2017-01-02,876,6509,3,0,0,11490,6924,336,235,3940
2017-01-03,1187,7753,4,0,0,13945,7751,377,219,4550
2017-01-04,1309,7583,4,0,0,15404,6954,426,253,4399
2017-01-05,1320,7979,6,1,4,15781,7663,401,249,4586
2017-01-06,1163,7622,7,0,0,13582,6585,388,243,4547
2017-01-07,744,5207,2,0,0,9455,4998,313,193,3113
2017-01-08,743,4775,2,0,0,10655,4654,265,199,2885
2017-01-09,1249,7005,3,0,0,14475,6931,383,249,4172
2017-01-10,1352,7953,5,0,0,17148,7740,418,288,4639
2017-01-11,1273,6870,6,0,0,12980,5492,391,220,4147
2017-01-12,1342,7291,4,0,0,14927,6710,368,236,4325
2017-01-13,1201,7391,3,0,0,15846,7202,393,277,4286
2017-01-14,708,4792,4,1,11,10935,4719,261,155,2799
2017-01-15,718,5164,2,0,0,11642,4762,282,166,2945
2017-01-16,1122,5734,2,0,0,11925,5194,341,197,3643
2017-01-17,1386,7212,3,0,0,17936,7711,399,238,4324
2017-01-18,1345,7588,6,0,0,15348,7092,393,274,4564
2017-01-19,1297,7614,6,0,0,15891,7249,388,250,4458
2017-01-20,1176,6168,4,0,0,13113,5163,427,199,3839
2017-01-21,701,4149,1,0,0,11418,4100,270,178,2604
2017-01-22,706,5028,2,0,0,9624,4715,302,168,2854
2017-01-23,1190,7774,4,2,20,15644,7708,428,271,4409
2017-01-24,1375,8136,5,0,0,16074,8288,464,260,4758
2017-01-25,1447,8923,6,1,12,13762,7867,433,268,5063
2017-01-26,1286,7860,6,0,0,17941,7510,433,246,4609
2017-01-27,1263,6035,5,0,0,14745,5767,366,223,3849
2017-01-28,688,5952,7,0,0,11472,5432,364,196,3208
2017-01-29,749,6339,2,1,6,13121,5707,412,238,3289
2017-01-30,1195,7381,4,0,0,15432,7372,497,237,4340
2017-01-31,1422,9072,7,0,0,18868,8881,555,313,4899
2017-02-01,1324,8667,5,0,0,16891,8412,476,271,5293
2017-02-02,1228,8355,6,0,0,14867,7763,496,261,4880
2017-02-03,1102,7108,6,0,0,14882,6768,414,261,4236
2017-02-04,697,4656,5,0,0,10366,4405,251,153,2913
2017-02-05,699,4938,1,0,0,9327,4272,285,188,2881
2017-02-06,1206,8899,3,0,0,17165,9564,449,290,4897
2017-02-07,1358,7324,6,0,0,16192,7055,389,207,4463
2017-02-08,1349,7756,5,0,0,15958,6653,452,246,4514
2017-02-09,1350,7404,1,0,0,14988,6400,426,237,4417
2017-02-10,1152,6689,6,0,0,13408,6529,380,239,4110
2017-02-11,707,4935,3,0,0,10138,4778,292,164,2955
2017-02-12,711,5626,2,0,0,11981,5662,314,181,3074
2017-02-13,1269,6770,3,0,0,12334,5676,411,253,4005
2017-02-14,1384,7077,5,0,0,18591,7347,417,265,4394
2017-02-15,1357,6852,7,0,0,15989,6069,445,256,4305
2017-02-16,1370,6682,4,0,0,14215,6113,423,249,4233
2017-02-17,1175,6815,4,0,0,13794,6333,351,214,4032
2017-02-18,760,3838,2,0,0,9432,3604,256,119,2589
2017-02-19,747,4928,1,0,0,15286,6307,299,175,2969
2017-02-20,1157,7894,1,0,0,15870,6388,437,286,4369
2017-02-21,1433,7944,6,0,0,15358,7666,440,285,4648
2017-02-22,1364,7571,6,0,0,17847,6997,417,275,4527
2017-02-23,1409,7386,4,0,0,20966,7990,426,285,4390
2017-02-24,1251,8613,3,0,0,16022,7146,438,316,4685
2017-02-25,758,4856,2,0,0,11315,4907,292,174,2867
2017-02-26,749,5346,2,0,0,9726,4634,304,190,3073
2017-02-27,1264,7741,2,0,0,20995,8449,432,302,4352
2017-02-28,1409,8314,5,0,0,17063,7409,516,335,4905
2017-03-01,1420,9018,6,1,6,19181,10166,462,327,5362
2017-03-02,1274,8281,7,1,2,13644,6552,416,258,4809
2017-03-03,1174,7374,3,0,0,16664,7307,394,257,4251
2017-03-04,816,4764,3,0,0,8737,3454,260,191,2883
2017-03-05,767,5229,1,0,0,10900,5439,294,184,2926
2017-03-06,1247,6287,3,0,0,14649,5628,368,221,4029
2017-03-07,1281,7994,6,0,0,16847,7769,383,290,4662
2017-03-08,1369,7315,5,1,9,17133,7195,449,299,4468
2017-03-09,1455,8389,6,0,0,16402,7481,499,319,4770
2017-03-10,1276,6867,6,0,0,15003,6203,385,227,4302
2017-03-11,740,4065,4,0,0,9546,4098,245,134,2619
2017-03-12,807,5265,1,0,0,11966,5505,274,201,3008
2017-03-13,1304,8353,2,0,0,19937,8740,422,274,4525
2017-03-14,1479,7461,7,0,0,15672,6131,419,262,4582
2017-03-15,1452,6944,6,1,2,14500,6379,484,261,4231
2017-03-16,1331,7810,7,0,0,17707,7578,375,261,4438
2017-03-17,1205,7577,3,0,0,14132,7094,441,284,4294
2017-03-18,816,4335,3,0,0,9655,4132,302,178,2696
2017-03-19,753,5692,0,0,0,14294,6387,274,173,3142
2017-03-20,1305,6765,3,0,0,14125,5697,401,214,4059
2017-03-21,1484,7239,7,0,0,17056,6797,462,292,4465
2017-03-22,1374,7476,6,0,0,16271,7545,463,278,4471
2017-03-23,1419,7752,7,0,0,16131,7062,462,282,4465
2017-03-24,1198,6568,5,0,0,12184,5947,413,216,4083
2017-03-25,664,4252,6,0,0,9131,4151,285,167,2663
2017-03-26,679,5294,0,0,0,11956,4899,290,190,2993
2017-03-27,1363,7371,3,1,2,15914,7504,453,228,4497
2017-03-28,1456,7713,5,0,0,16419,7678,441,279,4583
2017-03-29,1409,8281,7,0,0,16060,7605,446,260,4733
2017-03-30,1312,6994,6,1,3,17414,7100,379,255,4238
2017-03-31,1248,8173,6,0,0,15177,8203,464,288,4587
2017-04-01,769,4616,7,0,0,9697,3124,310,196,2831
2017-04-02,668,4220,3,0,0,8180,3739,253,171,2543
2017-04-03,1249,7346,4,0,0,15725,8055,413,244,4629
2017-04-04,1292,8781,4,0,0,17439,8648,394,265,5103
2017-04-05,1267,7099,4,0,0,15499,6153,425,234,4341
2017-04-06,1262,7749,5,1,4,15895,7203,399,286,4571
2017-04-07,1200,7357,6,0,0,15263,7034,501,253,4223
2017-04-08,725,4612,6,0,0,8588,3761,281,161,2842
2017-04-09,702,4564,5,0,0,9749,4677,246,158,2715
2017-04-10,1283,7361,2,0,0,14311,7437,408,251,4207
2017-04-11,1265,8669,6,0,0,16969,8429,392,276,4841
2017-04-12,1282,7983,5,0,0,15317,7450,415,302,4532
2017-04-13,1276,7616,6,0,0,16869,7278,403,256,4491
2017-04-14,1044,5624,6,0,0,11688,5172,320,197,3418
2017-04-15,692,4416,6,0,0,8415,3922,250,178,2631
2017-04-16,610,4168,5,0,0,10399,4227,214,136,2526
2017-04-17,1041,6095,5,0,0,13610,5256,324,194,3711
2017-04-18,1387,7371,3,0,0,18504,8030,446,259,4520
2017-04-19,1300,7334,5,0,0,15021,6857,413,270,4347
2017-04-20,1323,7765,4,0,0,15386,7424,370,246,4656
2017-04-21,1157,7236,6,0,0,14592,6340,398,253,4181
2017-04-22,674,4566,5,0,0,8949,4144,263,172,2754
2017-04-23,643,4846,6,0,0,11532,4398,244,163,2844
2017-04-24,1251,7247,5,0,0,15671,7291,408,243,4342
2017-04-25,1362,8385,6,0,0,17157,8458,453,303,4642
2017-04-26,1280,7441,7,0,0,14183,6631,422,272,4343
2017-04-27,1264,6514,5,0,0,14560,6544,376,224,3979
2017-04-28,1147,7126,3,0,0,14110,6358,371,265,4087
2017-04-29,695,4617,3,0,0,11046,4249,279,202,2701
2017-04-30,586,4565,4,1,3,9734,4221,208,159,2728
2017-05-01,1070,7181,5,0,0,14189,7464,361,256,4435
2017-05-02,1209,7779,6,0,0,15709,7683,383,287,4666
2017-05-03,1327,8131,7,0,0,15183,7210,411,315,4677
2017-05-04,1310,7349,5,0,0,14232,7352,399,250,4372
2017-05-05,1092,6654,6,0,0,12789,5961,354,225,3936
2017-05-06,673,4568,4,0,0,9336,4162,327,172,2815
2017-05-07,629,4742,6,0,0,10148,4613,254,171,2698
2017-05-08,1206,7071,6,0,0,16150,7067,485,248,4191
2017-05-09,1275,6949,6,0,0,16784,6730,410,240,4338
2017-05-10,1270,6664,4,0,0,14567,6018,393,258,4192
2017-05-11,1284,6354,1,0,0,15181,6094,404,261,4071
2017-05-12,1137,7252,1,0,0,13954,5735,393,283,4247
2017-05-13,638,4081,2,0,0,11604,3915,250,146,2504
2017-05-14,613,4006,1,0,0,9406,4020,248,164,2483
2017-05-15,1131,6947,3,0,0,14263,6606,423,219,3993
2017-05-16,1316,6834,5,0,0,16354,7070,422,218,4239
2017-05-17,1315,8118,6,0,0,16237,7546,425,281,4661
2017-05-18,1193,6962,5,0,0,12722,6217,400,262,4234
2017-05-19,1229,6940,5,0,0,14338,6475,377,231,4097
2017-05-20,676,4145,3,0,0,8078,3535,211,150,2547
2017-05-21,643,4305,2,0,0,11178,4869,256,165,2567
2017-05-22,1204,6612,3,0,0,13137,5859,369,225,4051
2017-05-23,1315,7386,5,1,14,15801,8169,441,229,4325
2017-05-24,1250,6590,7,0,0,12922,5328,412,240,4078
2017-05-25,1223,5437,6,0,0,13649,5507,361,207,3651
2017-05-26,1060,5961,5,0,0,12704,5301,339,217,3793
2017-05-27,646,3785,7,0,0,8321,3133,247,126,2359
2017-05-28,596,3544,5,0,0,10026,3927,201,128,2298
2017-05-29,912,4613,6,0,0,10197,4585,324,161,3105
2017-05-30,1241,6135,5,0,0,14303,5964,329,199,3887
2017-05-31,1279,6026,6,0,0,15192,6081,346,208,3913
2017-06-01,1319,8015,7,0,0,19221,8555,416,285,5031
2017-06-02,1031,6851,5,0,0,12481,5257,359,249,4076
2017-06-03,681,4387,4,0,0,9921,3847,275,146,2700
2017-06-04,595,4641,2,0,0,9773,4836,243,162,2713
2017-06-05,1156,7928,5,0,0,17233,8410,361,276,4463
2017-06-06,1247,7868,6,0,0,15277,7238,405,320,4524
2017-06-07,1189,7041,6,0,0,14089,5994,446,236,4288
2017-06-08,1150,6148,7,0,0,14035,6036,343,265,3909
2017-06-09,1118,6170,5,0,0,12311,5671,333,253,3868
2017-06-10,639,3791,6,0,0,9318,3305,219,165,2326
2017-06-11,614,3980,2,0,0,9533,3649,224,155,2503
2017-06-12,1166,6443,4,0,0,13352,6296,381,221,3961
2017-06-13,1222,6410,4,1,2,14833,5936,407,247,4029
2017-06-14,1227,5987,6,0,0,13259,5895,375,212,3781
2017-06-15,1225,7315,6,0,0,15230,6985,399,228,4247
2017-06-16,1100,6841,4,0,0,12008,5610,388,226,3982
2017-06-17,641,4188,2,0,0,9327,4225,235,131,2631
2017-06-18,616,4799,1,0,0,11866,5299,260,171,2785
2017-06-19,1225,6363,3,0,0,13090,5522,368,201,3923
2017-06-20,1328,6952,3,0,0,14490,6946,399,240,4161
2017-06-21,1407,8106,6,0,0,16319,7779,408,295,4631
2017-06-22,1284,5826,5,0,0,13883,5069,386,238,3783
2017-06-23,1096,6344,7,0,0,13454,5833,372,229,3979
2017-06-24,614,3709,5,0,0,8338,3385,207,149,2325
2017-06-25,619,4343,6,0,0,11776,4912,238,176,2550
2017-06-26,1194,7318,5,0,0,15926,6981,358,253,4249
2017-06-27,1277,7934,6,0,0,15811,7274,435,270,4552
2017-06-28,1332,7636,5,1,2,16416,8093,397,257,4441
2017-06-29,1253,6864,7,0,0,13962,5777,410,254,4077
2017-06-30,1101,5472,5,1,4,12950,5607,357,210,3508
2017-07-01,624,4854,6,0,0,9306,4761,345,224,2661
2017-07-02,639,4483,6,0,0,9090,3657,294,182,2620
2017-07-03,989,6440,4,0,0,13560,7030,432,254,4033
2017-07-04,863,5820,4,0,0,10085,4589,411,208,3530
2017-07-05,1073,7011,3,0,0,15042,6426,419,225,4061
2017-07-06,1150,6597,4,1,9,14929,6167,402,252,4151
2017-07-07,1069,7213,6,0,0,12962,6500,412,249,4200
2017-07-08,630,3887,4,0,0,9757,3694,217,122,2568
2017-07-09,653,4028,6,0,0,10005,3893,249,172,2580
2017-07-10,1189,7007,5,0,0,15270,6688,426,239,4081
2017-07-11,1257,7207,6,0,0,15702,7127,453,253,4312
2017-07-12,1344,7252,5,0,0,15449,6675,424,248,4363
2017-07-13,1305,7346,6,0,0,13938,7050,422,219,4285
2017-07-14,1145,6687,6,0,0,13963,6157,446,305,3935
2017-07-15,708,4852,6,0,0,10689,4572,290,204,2820
2017-07-16,619,4354,5,0,0,9472,4040,312,188,2654
2017-07-17,1250,7318,5,0,0,14211,7039,519,257,4300
2017-07-18,1322,6411,6,0,0,15203,6284,501,246,4152
2017-07-19,1278,6694,6,0,0,13726,6423,438,241,4115
2017-07-20,1388,6748,6,0,0,13653,5862,432,244,4188
2017-07-21,1050,6390,6,0,0,12816,6426,417,247,3830
2017-07-22,619,4873,5,0,0,8087,4249,308,200,2773
2017-07-23,595,4302,4,0,0,10051,4218,248,131,2642
2017-07-24,1252,7584,4,0,0,15348,7739,469,280,4358
2017-07-25,1264,7726,4,0,0,15436,6521,484,294,4503
2017-07-26,1259,7380,5,0,0,15310,7514,470,271,4462
2017-07-27,1192,8176,4,0,0,15121,7733,421,297,4680
2017-07-28,1132,6566,3,0,0,12196,5728,356,236,4048
2017-07-29,696,4363,2,0,0,9091,3632,291,152,2714
2017-07-30,643,4303,1,0,0,11281,4780,259,154,2529
2017-07-31,1157,7145,5,0,0,14263,6952,434,223,4217
2017-08-01,1180,8575,6,0,0,15306,9242,423,269,5015
2017-08-02,1297,7862,6,0,0,15613,6810,424,275,4527
2017-08-03,1241,8136,6,0,0,15308,8078,477,324,4492
2017-08-04,1124,7039,4,0,0,13978,6144,395,280,4118
2017-08-05,651,4742,6,0,0,9198,4569,280,200,2846
2017-08-06,568,5084,2,0,0,10864,4640,283,220,2784
2017-08-07,1146,6750,5,1,3,14503,5938,441,281,4013
2017-08-08,1286,10606,6,0,0,17757,11091,585,397,5174
2017-08-09,1169,9564,6,0,0,17611,9037,536,357,4816
2017-08-10,1334,9209,5,0,0,15418,7977,506,388,5112
2017-08-11,1128,8794,6,0,0,17012,7948,431,327,4692
2017-08-12,629,4681,6,0,0,11766,4295,288,184,2750
2017-08-13,566,4392,1,0,0,10175,4251,276,141,2624
2017-08-14,1168,7283,5,0,0,15826,7513,428,247,4147
2017-08-15,1172,8524,6,0,0,14950,7807,465,313,4410
2017-08-16,1207,7383,6,0,0,13910,7409,507,272,4283
2017-08-17,1180,8554,6,0,0,14978,7488,487,292,4532
2017-08-18,1130,7339,6,0,0,12761,6128,446,255,4157
2017-08-19,671,4920,6,0,0,10228,4964,281,158,2867
2017-08-20,596,4075,5,0,0,9796,4217,242,142,2546
2017-08-21,1108,6702,5,0,0,12675,5880,456,248,3900
2017-08-22,1174,7411,6,0,0,13587,6910,414,206,4204
2017-08-23,1220,7795,2,0,0,15490,8203,400,278,4405
2017-08-24,1263,7444,4,1,8,16513,6738,419,238,4425
2017-08-25,1114,7012,6,0,0,12120,6010,366,223,4241
2017-08-26,637,4295,3,0,0,8558,4436,239,145,2585
2017-08-27,686,4682,4,0,0,8525,4134,241,156,2726
2017-08-28,1078,6533,6,0,0,14259,6621,373,199,3984
2017-08-29,1242,6253,5,0,0,14022,6322,372,199,4050
2017-08-30,1304,7168,5,0,0,14693,6608,416,285,4264
2017-08-31,1225,6704,4,0,0,13459,6061,385,240,4075
2017-09-01,1082,7121,4,0,0,14759,7527,328,242,4479
2017-09-02,664,4988,1,0,0,11245,4997,228,154,2994
2017-09-03,631,5123,5,0,0,8113,4322,218,171,2873
2017-09-04,945,5958,1,0,0,12349,5330,318,183,3563
2017-09-05,1149,7342,5,0,0,14760,7261,380,228,4414
2017-09-06,1252,6780,6,0,0,16115,6535,368,257,4249
2017-09-07,1320,7430,4,0,0,16216,6625,352,252,4521
2017-09-08,1110,6853,6,0,0,16364,6989,357,229,4166
2017-09-09,665,4229,6,0,0,11194,4108,226,107,2650
2017-09-10,663,4551,2,0,0,9329,3754,241,156,2713
2017-09-11,1203,7431,4,0,0,14230,7555,434,275,4317
2017-09-12,1184,9395,5,0,0,15571,9347,398,304,5049
2017-09-13,1271,8405,6,0,0,17325,8114,417,249,4726
2017-09-14,1214,8397,6,1,3,15519,7639,365,244,4705
2017-09-15,1177,7167,6,0,0,14355,6923,373,268,4127
2017-09-16,729,4875,5,0,0,9880,4119,245,163,2829
2017-09-17,727,4223,1,0,0,10302,4442,199,128,2670
2017-09-18,1306,7032,5,0,0,18904,6776,409,238,4350
2017-09-19,1325,7666,5,0,0,15999,7355,396,253,4520
2017-09-20,1237,8478,5,0,0,16798,8522,379,224,4667
2017-09-21,1245,7593,7,0,0,17682,7463,385,210,4402
2017-09-22,1123,7629,6,0,0,16690,7205,389,209,4391
2017-09-23,666,4720,6,0,0,8644,3960,226,126,2810
2017-09-24,710,3995,5,0,0,9210,3554,228,150,2592
2017-09-25,1288,6687,5,0,0,15845,6518,406,224,3981
2017-09-26,1390,7176,6,0,0,16410,7199,420,240,4408
2017-09-27,1316,8376,6,0,0,16268,8336,378,254,4688
2017-09-28,1256,7068,7,0,0,14134,6493,390,218,4224
2017-09-29,1014,7497,2,0,0,15101,7196,369,241,4165
2017-09-30,634,4737,1,0,0,9395,3900,222,132,2698
2017-10-01,599,4385,3,0,0,10266,4917,211,168,2549
2017-10-02,1113,7214,3,0,0,12539,6875,353,243,4631
2017-10-03,1225,7069,6,0,0,14884,6013,389,253,4447
2017-10-04,1213,7334,6,0,0,16122,7074,387,273,4419
2017-10-05,1173,6488,5,0,0,14913,5979,322,215,4155
2017-10-06,1077,6785,1,0,0,13280,6623,347,191,3937
2017-10-07,658,4305,2,0,0,10654,3828,243,143,2626
2017-10-08,648,3715,3,0,0,9646,3945,193,127,2408
2017-10-09,1099,6553,3,0,0,12749,5753,357,224,3929
2017-10-10,1248,6648,6,0,0,18795,7381,378,203,4047
2017-10-11,1274,7071,7,0,0,14792,6643,412,259,4504
2017-10-12,1320,6429,6,0,0,14394,5651,398,193,4125
2017-10-13,1176,6414,6,0,0,14302,5928,374,158,3901
2017-10-14,676,4394,1,0,0,9582,4291,294,151,2704
2017-10-15,704,4304,2,0,0,10103,3557,272,145,2715
2017-10-16,1220,6389,2,1,2,16055,6260,422,222,4010
2017-10-17,1215,7083,4,0,0,17079,7869,445,213,4348
2017-10-18,1193,7201,5,0,0,16631,7177,361,219,4334
2017-10-19,1202,7001,7,0,0,14069,6463,356,196,4183
2017-10-20,1079,6250,6,0,0,12174,5392,365,195,3786
2017-10-21,616,3774,4,0,0,7238,3483,239,110,2428
2017-10-22,658,4784,3,0,0,10070,4896,220,153,2759
2017-10-23,1322,6954,2,0,0,14237,6765,423,207,4265
2017-10-24,1339,6873,4,0,0,16129,6632,408,216,4289
2017-10-25,1327,7759,3,0,0,16954,7675,432,267,4506
2017-10-26,1260,7772,6,1,8,13670,7113,460,272,4422
2017-10-27,1202,7623,6,0,0,15080,7085,367,232,4187
2017-10-28,637,3466,7,0,0,5590,2338,217,92,2296
2017-10-29,633,4316,4,0,0,9463,4552,219,126,2613
2017-10-30,1101,6697,2,0,0,14466,6509,381,210,4099
2017-10-31,1289,6438,6,0,0,13437,6185,408,232,4031
2017-11-01,1161,7652,4,1,7,14198,7618,387,237,4834
2017-11-02,1232,7624,4,0,0,14752,7294,460,259,4492
2017-11-03,1125,6423,5,0,0,11251,5115,388,232,3945
2017-11-04,692,3707,4,0,0,10659,3577,234,122,2515
2017-11-05,687,4387,5,0,0,10846,4739,281,177,2653
2017-11-06,1188,6320,5,0,0,15455,5446,408,210,4101
2017-11-07,1248,7599,6,0,0,16948,7838,397,235,4525
2017-11-08,1268,8218,5,0,0,18620,8952,441,239,4628
2017-11-09,1228,7188,6,0,0,11652,5135,420,254,4285
2017-11-10,1078,6227,3,0,0,13472,6187,339,195,3801
2017-11-11,653,4096,2,0,0,9079,3689,225,121,2665
2017-11-12,629,3737,3,0,0,7963,3566,210,112,2435
2017-11-13,1131,6998,4,0,0,16161,6749,323,227,4206
2017-11-14,1192,7820,6,0,0,17618,7718,393,218,4505
2017-11-15,1279,7497,5,0,0,15664,7259,376,219,4486
2017-11-16,1210,7422,7,0,0,14926,6787,371,242,4311
2017-11-17,986,8155,5,0,0,15367,7948,378,226,4500
2017-11-18,650,3780,4,0,0,7432,3386,251,119,2538
2017-11-19,651,4630,3,0,0,10701,4590,226,141,2778
2017-11-20,1106,6673,6,0,0,14939,6448,415,220,4156
2017-11-21,1170,7254,4,0,0,18878,7671,417,260,4249
2017-11-22,1122,7715,4,0,0,14203,6390,421,231,4397
2017-11-23,910,6002,3,0,0,13262,5441,353,222,3596
2017-11-24,849,4169,3,0,0,11572,4054,326,128,2915
2017-11-25,591,4388,2,0,0,8934,3871,258,148,2725
2017-11-26,676,4471,0,0,0,10087,4438,261,119,2843
2017-11-27,1148,8003,2,0,0,17296,8508,414,244,4509
2017-11-28,1297,8967,6,1,2,22228,9436,448,286,4898
2017-11-29,1277,7563,7,0,0,14314,6130,383,231,4637
2017-11-30,1213,7490,6,0,0,16750,7144,377,203,4394
2017-12-01,1107,7015,6,0,0,14712,7849,384,219,4482
2017-12-02,655,5510,3,0,0,10434,4613,280,196,3212
2017-12-03,661,4653,1,0,0,10261,4636,228,160,2786
2017-12-04,1158,7136,4,0,0,13749,6027,359,178,4266
2017-12-05,1239,7419,3,0,0,15844,7619,377,235,4417
2017-12-06,1284,7648,7,0,0,14373,6818,380,252,4419
2017-12-07,1162,8034,5,0,0,13451,7337,363,248,4559
2017-12-08,1001,6683,7,0,0,14590,6856,354,213,3995
2017-12-09,666,5023,6,0,0,10138,4572,276,140,2932
2017-12-10,674,4669,2,0,0,12606,4417,230,134,2809
2017-12-11,1158,6544,2,0,0,13933,6057,379,210,4161
2017-12-12,1217,7552,3,0,0,17521,8131,356,199,4422
2017-12-13,1179,6945,4,0,0,16703,6994,364,233,4181
2017-12-14,1238,8488,4,0,0,18207,7860,402,264,4706
2017-12-15,1061,6730,5,0,0,13254,6188,357,211,4048
2017-12-16,639,6019,7,0,0,12944,5721,283,200,3132
2017-12-17,623,4745,1,0,0,10676,4316,270,158,2785
2017-12-18,1082,7146,4,0,0,14750,6944,401,236,4154
2017-12-19,1229,7849,4,0,0,15388,7545,417,238,4535
2017-12-20,1167,8199,1,0,0,15845,7983,440,216,4501
2017-12-21,1039,7916,2,0,0,16149,7691,424,202,4405
2017-12-22,983,6893,3,1,7,13910,6542,374,252,3933
2017-12-23,651,4469,5,0,0,9027,4054,270,159,2672
2017-12-24,524,4347,1,0,0,10874,4080,177,114,2612
2017-12-25,512,3832,0,0,0,7972,2675,224,131,2399
2017-12-26,698,4878,1,0,0,10169,4536,299,155,2911
2017-12-27,972,6371,2,0,0,13926,7260,353,183,3589
2017-12-28,926,6156,2,0,0,12594,6078,344,174,3608
2017-12-29,925,5686,4,0,0,10818,4489,332,172,3371
2017-12-30,685,4849,1,0,0,11255,4640,252,141,2796
2017-12-31,598,4740,1,0,0,8859,4379,232,137,2825
2018-01-01,635,4382,2,0,0,10017,4101,223,134,2759
2018-01-02,1135,7171,3,1,3,15121,7591,383,223,4323
2018-01-03,1166,8425,7,0,0,16956,7506,445,278,4655
2018-01-04,1154,7416,5,0,0,16445,6874,390,239,4279
2018-01-05,1149,6422,6,0,0,16250,5967,396,210,3847
2018-01-06,672,4690,5,0,0,11596,4502,252,141,2777
2018-01-07,732,4640,1,0,0,9803,4507,273,156,2736
2018-01-08,1225,7352,4,0,0,15839,7815,422,250,4249
2018-01-09,1256,7908,5,2,10,16964,7427,454,276,4501
2018-01-10,1192,7719,5,0,0,15025,7122,411,223,4394
2018-01-11,1220,7741,4,0,0,16086,7079,464,215,4509
2018-01-12,1126,7008,6,0,0,12994,5641,433,272,4233
2018-01-13,710,4003,5,0,0,9397,3680,238,127,2669
2018-01-14,593,4675,0,1,2,10563,5553,289,140,2731
2018-01-15,1010,6218,5,0,0,14156,5806,368,194,3777
2018-01-16,1211,8296,6,0,0,16523,7882,437,226,4543
2018-01-17,1265,7912,6,0,0,15830,7729,432,202,4591
2018-01-18,1349,8167,6,0,0,15972,7587,443,227,4668
2018-01-19,1035,7203,7,0,0,13449,6547,378,198,4063
2018-01-20,781,4382,5,0,0,10133,3828,296,148,2726
2018-01-21,662,4050,2,0,0,11513,4598,239,119,2673
2018-01-22,1195,7382,4,0,0,17909,7390,379,220,4294
2018-01-23,1268,8395,6,0,0,17257,7532,437,259,4682
2018-01-24,1344,7069,6,0,0,17481,7583,418,224,4398
2018-01-25,1238,7161,6,1,9,12922,5624,400,197,4406
2018-01-26,1092,6893,6,0,0,16348,6371,389,233,4023
2018-01-27,729,4175,6,0,0,10063,3857,223,136,2678
2018-01-28,699,4837,3,0,0,10569,4626,220,146,2860
2018-01-29,1241,6130,3,0,0,15838,6466,409,200,3790
2018-01-30,1309,7165,5,0,0,15650,6445,391,218,4249
2018-01-31,1207,7248,3,0,0,14313,7309,369,175,4286
2018-02-01,1280,7150,2,0,0,17210,8614,381,214,4674
2018-02-02,1075,7036,2,0,0,10400,4895,386,249,4127
2018-02-03,755,4440,3,0,0,9755,4347,227,122,2821
2018-02-04,718,4506,2,0,0,10093,4417,234,158,2805
2018-02-05,1088,6641,4,0,0,14214,5843,434,187,4044
2018-02-06,1213,6534,7,0,0,15519,6036,387,220,4095
2018-02-07,1157,6761,7,0,0,14740,6602,382,202,4125
2018-02-08,1152,6461,6,0,0,13847,6859,394,231,4005
2018-02-09,1124,7080,5,0,0,12160,6093,426,212,4169
2018-02-10,758,4694,6,0,0,10040,4724,265,159,2864
2018-02-11,696,4488,4,0,0,8861,3837,235,123,2755
2018-02-12,1157,6858,4,0,0,15497,7045,376,200,4120
2018-02-13,1243,7295,4,0,0,14465,7278,418,207,4433
2018-02-14,1203,7466,6,0,0,16660,6706,398,212,4453
2018-02-15,1128,6957,7,0,0,13899,6364,362,182,4145
2018-02-16,1053,7872,5,0,0,16154,8053,380,221,4280
2018-02-17,649,5101,5,0,0,9312,4432,233,194,2935
2018-02-18,674,5478,2,0,0,9584,4870,268,153,3013
2018-02-19,1001,6048,3,1,20,12723,5513,365,242,3706
2018-02-20,1257,7470,6,0,0,16087,8168,402,234,4335
2018-02-21,1203,7344,5,0,0,14094,6128,364,248,4289
2018-02-22,1248,7476,7,0,0,16688,8024,383,223,4372
2018-02-23,1104,6781,7,0,0,13590,5653,381,232,3920
2018-02-24,703,4845,5,0,0,10676,4846,259,156,2851
2018-02-25,713,5025,3,1,2,12405,5305,228,148,2992
2018-02-26,1170,6919,3,0,0,14351,5673,382,235,4128
2018-02-27,1357,7931,5,0,0,14849,8196,398,263,4629
2018-02-28,1322,7749,6,0,0,15480,7632,404,219,4598
2018-03-01,1274,7837,5,0,0,17357,8079,392,234,4979
2018-03-02,1107,8177,6,0,0,14612,7056,416,219,4542
2018-03-03,703,4899,5,0,0,10944,4581,275,158,3023
2018-03-04,683,4478,3,0,0,11287,5123,230,153,2785
2018-03-05,1125,6982,4,0,0,13934,5838,363,226,4147
2018-03-06,1237,6275,7,0,0,12574,5206,325,208,4050
2018-03-07,1221,6641,4,0,0,16179,6924,356,222,4177
2018-03-08,1109,6558,2,0,0,15658,5971,325,213,4169
2018-03-09,1080,6275,6,0,0,14595,6123,347,204,3957
2018-03-10,654,3991,2,2,9,9273,3785,212,124,2630
2018-03-11,673,3905,1,0,0,10388,3596,207,100,2569
2018-03-12,1170,6210,4,0,0,13347,5735,319,192,3872
2018-03-13,1274,6980,5,0,0,13863,6691,369,217,4328
2018-03-14,1104,7303,7,0,0,21689,7225,393,246,4312
2018-03-15,1194,6921,1,0,0,15277,6146,354,191,4220
2018-03-16,1095,6191,4,0,0,13852,5828,378,212,3786
2018-03-17,633,4265,5,0,0,10093,4457,220,136,2580
2018-03-18,655,4849,1,0,0,9244,3811,232,130,2787
2018-03-19,1275,8088,5,0,0,20958,8830,450,269,4654
2018-03-20,1341,8006,5,0,0,20640,8035,411,293,4544
2018-03-21,1438,8325,6,0,0,17219,8724,427,284,4709
2018-03-22,1304,8798,6,0,0,16059,7266,444,299,4790
2018-03-23,1056,8808,2,0,0,19007,8105,435,281,4787
2018-03-24,700,5359,3,0,0,12000,4894,290,157,3148
2018-03-25,622,5008,2,0,0,12099,4872,264,156,3016
2018-03-26,1248,7216,3,0,0,13953,6426,412,217,4252
2018-03-27,1369,8656,6,1,3,21327,8807,473,268,4745
2018-03-28,1389,7960,6,0,0,16451,7427,495,261,4634
2018-03-29,1264,7838,7,0,0,17085,7952,428,263,4609
2018-03-30,1054,7346,6,0,0,15204,6308,414,267,4152
2018-03-31,679,4365,6,0,0,11777,4258,224,131,2793
2018-04-01,751,4675,2,0,0,12776,4912,217,160,2878
2018-04-02,1043,8293,4,0,0,13804,7811,337,287,4772
2018-04-03,1269,8752,6,0,0,18740,8457,445,297,5119
2018-04-04,1154,8705,4,0,0,17277,8555,398,289,4809
2018-04-05,1163,8220,6,0,0,15435,7566,408,244,4711
2018-04-06,1068,7591,6,0,0,17256,6676,360,192,4327
2018-04-07,657,4550,4,0,0,9155,4206,250,118,2797
2018-04-08,597,4883,1,0,0,10912,5225,233,122,3054
2018-04-09,1202,7544,5,0,0,17285,7432,396,198,4466
2018-04-10,1178,7679,4,0,0,15581,7400,421,243,4438
2018-04-11,1235,8776,5,1,26,14819,7966,365,250,4922
2018-04-12,1262,7835,5,1,7,15319,7201,354,221,4580
2018-04-13,1162,7776,3,0,0,14813,7375,358,233,4316
2018-04-14,704,4639,2,0,0,10394,4684,251,150,2829
2018-04-15,667,4781,2,0,0,11631,4840,196,114,2864
2018-04-16,1292,7106,5,0,0,13820,6894,401,233,4283
2018-04-17,1312,7975,6,0,0,16349,7246,375,272,4630
2018-04-18,1223,7648,6,0,0,15497,7022,357,222,4591
2018-04-19,1249,7608,6,0,0,16469,7535,427,227,4488
2018-04-20,1234,6813,6,0,0,15598,6574,399,206,4176
2018-04-21,647,4147,7,0,0,7819,3275,257,133,2684
2018-04-22,637,4759,2,0,0,11868,5760,238,152,2798
2018-04-23,1211,7942,4,0,0,13306,7053,399,245,4532
2018-04-24,1389,7750,6,0,0,15091,7320,452,234,4600
2018-04-25,1371,8479,6,0,0,16524,8574,374,248,4805
2018-04-26,1282,8317,6,0,0,17034,8658,421,253,4798
2018-04-27,1101,7040,6,0,0,12219,5353,386,220,4132
2018-04-28,712,3997,6,0,0,9218,3542,222,150,2580
2018-04-29,609,3993,5,0,0,9857,4803,225,115,2553
2018-04-30,1184,7740,4,0,0,14128,6483,397,244,4275
2018-05-01,1202,8080,6,0,0,17864,9166,314,237,4777
2018-05-02,1306,8005,7,0,0,17823,7730,454,235,4745
2018-05-03,1279,7582,5,0,0,14379,6778,412,232,4563
2018-05-04,1083,7231,6,0,0,14896,7341,341,224,4244
2018-05-05,623,4544,5,0,0,7300,3501,276,166,2768
2018-05-06,627,4200,4,0,0,9635,4790,187,149,2649
2018-05-07,1149,7003,4,0,0,15704,6978,372,189,4269
2018-05-08,1282,7565,6,0,0,14322,6718,363,220,4428
2018-05-09,1221,7744,6,0,0,13532,7289,396,234,4456
2018-05-10,1143,7377,7,0,0,16260,7411,413,212,4303
2018-05-11,1141,6530,7,1,12,14646,6248,332,192,4027
2018-05-12,640,4429,5,0,0,7824,3596,224,133,2686
2018-05-13,558,4496,6,0,0,12082,5587,212,129,2702
2018-05-14,1198,7560,3,0,0,13851,6025,410,246,4377
2018-05-15,1395,7007,2,1,13,15120,6721,503,215,4269
2018-05-16,1163,7356,6,1,11,16682,7188,344,250,4274
2018-05-17,1249,8669,6,0,0,13665,8428,411,260,4737
2018-05-18,1049,7407,6,0,0,16809,6310,379,241,4140
2018-05-19,645,3932,6,0,0,8816,3703,211,149,2415
2018-05-20,631,4339,6,0,0,9332,3876,207,107,2614
2018-05-21,1198,6227,4,0,0,13235,5883,371,170,3741
2018-05-22,1218,6443,5,0,0,13869,6257,377,228,4008
2018-05-23,1329,7813,5,0,0,16986,8609,432,225,4475
2018-05-24,1215,8712,4,0,0,15396,8011,442,270,4748
2018-05-25,1149,8464,5,0,0,12906,7807,353,260,4472
2018-05-26,726,4904,5,0,0,11548,4295,267,151,2865
2018-05-27,582,4440,6,0,0,9508,4739,251,146,2744
2018-05-28,837,4814,2,0,0,10194,4498,302,134,3090
2018-05-29,1231,7052,2,0,0,15829,6976,358,229,4192
2018-05-30,1215,7928,7,0,0,16284,7755,389,219,4484
2018-05-31,1231,7212,6,0,0,13191,6441,410,223,4221
2018-06-01,1155,9068,6,0,0,15075,9722,397,253,5073
2018-06-02,772,4719,5,0,0,9535,3474,312,154,2950
2018-06-03,636,5547,4,0,0,14828,6632,261,194,3251
2018-06-04,1160,9337,4,0,0,15773,7774,465,281,5065
2018-06-05,1192,8268,5,0,0,17357,7721,424,252,4701
2018-06-06,1272,7635,5,0,0,16432,7804,419,228,4502
2018-06-07,1171,8096,3,0,0,14377,7904,401,241,4512
2018-06-08,1100,8154,4,0,0,13592,7011,388,227,4441
2018-06-09,613,4357,4,0,0,8576,3700,206,119,2675
2018-06-10,660,4464,4,1,5,10573,4902,239,132,2596
2018-06-11,1107,7740,5,0,0,15343,7776,378,248,4367
2018-06-12,1160,8326,6,0,0,13091,7459,336,217,4814
2018-06-13,1123,7824,6,1,3,15017,7146,349,217,4528
2018-06-14,1143,7149,6,0,0,15958,7532,320,207,4321
2018-06-15,1063,7331,5,0,0,13110,6884,354,244,4321
2018-06-16,617,4734,6,0,0,8739,3994,259,146,2834
2018-06-17,580,4303,6,1,9,9655,4283,184,121,2646
2018-06-18,1075,6513,3,0,0,14950,6422,356,167,3917
2018-06-19,1184,7456,1,0,0,16740,6904,475,238,4344
2018-06-20,1337,8351,5,0,0,15440,7284,525,275,4740
2018-06-21,1211,7983,6,0,0,15104,7676,393,218,4634
2018-06-22,1112,7243,5,0,0,14855,6878,352,269,4013
2018-06-23,693,4897,5,0,0,9968,4822,269,129,2815
2018-06-24,623,4248,3,0,0,9715,3771,210,97,2595
2018-06-25,1144,6722,5,0,0,16178,7141,368,189,4049
2018-06-26,1286,6679,4,0,0,13400,5539,389,240,4030
2018-06-27,1234,6855,5,0,0,15833,6912,359,208,4249
2018-06-28,1103,7373,3,0,0,16043,7338,351,194,4419
2018-06-29,1039,6268,4,0,0,13860,5766,350,187,3963
2018-06-30,578,4008,3,0,0,9438,3557,222,109,2555
2018-07-01,584,4498,2,0,0,9507,4259,237,157,2646
2018-07-02,1095,6881,2,0,0,13764,7147,374,199,4403
2018-07-03,1115,6966,5,0,0,15027,6821,370,196,4229
2018-07-04,878,4692,1,0,0,9299,3558,296,137,3082
2018-07-05,1043,6787,1,0,0,15534,7515,380,200,4036
2018-07-06,1024,7102,4,0,0,12840,6462,370,197,4025
2018-07-07,588,4748,4,0,0,9830,4969,226,131,2810
2018-07-08,584,5063,3,0,0,8718,4450,219,150,2847
2018-07-09,1078,6298,4,0,0,13617,5864,346,217,3825
2018-07-10,1254,7653,6,0,0,14757,7306,396,237,4386
2018-07-11,1170,6720,6,0,0,13285,5656,367,264,4098
2018-07-12,1143,7238,5,0,0,16965,7867,390,219,4382
2018-07-13,1072,7170,5,0,0,12552,6199,335,220,4342
2018-07-14,630,4541,6,0,0,9890,4279,226,123,2690
2018-07-15,564,4226,2,0,0,7878,4038,219,135,2693
2018-07-16,1140,7254,3,0,0,14673,6976,432,230,4230
2018-07-17,1164,7204,6,0,0,15301,7479,390,235,4197
2018-07-18,1165,7275,7,1,2,13855,6499,414,187,4096
2018-07-19,1172,7211,4,0,0,14449,6940,428,233,4324
2018-07-20,1074,7441,5,0,0,13377,6570,377,193,4226
2018-07-21,605,3988,4,0,0,8058,3295,224,105,2518
2018-07-22,608,4414,2,0,0,10601,5045,223,134,2741
2018-07-23,1058,6417,4,0,0,13496,6356,364,189,3949
2018-07-24,1193,7666,3,1,8,15088,7442,399,244,4346
2018-07-25,1222,6900,4,0,0,15602,7280,369,171,4232
2018-07-26,1126,7254,4,0,0,14719,6373,343,228,4245
2018-07-27,1068,7038,5,0,0,11735,6285,342,174,4082
2018-07-28,665,4521,4,0,0,9944,3997,228,147,2709
2018-07-29,705,4703,2,0,0,9860,4611,208,141,2843
2018-07-30,1097,7148,2,0,0,16054,8432,372,207,4081
2018-07-31,1201,7848,6,0,0,15839,6947,366,216,4555
2018-08-01,1148,8599,7,0,0,16228,8239,390,289,5035
2018-08-02,1138,7085,6,0,0,13935,6039,386,255,4312
2018-08-03,1024,7088,5,0,0,14283,6599,324,206,4148
2018-08-04,608,3852,3,0,0,8699,2877,216,114,2481
2018-08-05,577,4677,2,0,0,10130,4952,194,139,2721
2018-08-06,1088,7480,4,0,0,18262,8334,393,234,4282
2018-08-07,1219,8012,6,0,0,14816,7001,440,264,4474
2018-08-08,1202,7406,4,0,0,14663,6893,404,228,4320
2018-08-09,1240,7688,5,0,0,15963,8247,419,239,4390
2018-08-10,1065,6858,6,0,0,12281,5479,352,215,3877
2018-08-11,648,4012,5,0,0,8756,3612,218,123,2483
2018-08-12,638,4319,2,0,0,11853,4330,211,145,2589
2018-08-13,1177,6241,2,0,0,14644,5952,337,194,3952
2018-08-14,1186,7146,3,0,0,13503,6294,384,216,4174
2018-08-15,1236,6644,6,0,0,14525,7244,341,185,3969
2018-08-16,1235,7349,5,1,2,14832,6578,401,221,4238
2018-08-17,1063,5711,4,0,0,13029,5186,322,180,3607
2018-08-18,640,4806,6,0,0,12184,5868,242,159,2802
2018-08-19,602,4661,1,1,10,8341,3480,224,157,2718
2018-08-20,1194,7308,3,0,0,17006,7778,342,254,4290
2018-08-21,1224,8339,3,0,0,14677,7490,391,261,4679
2018-08-22,1187,7189,4,0,0,14777,6869,323,218,4143
2018-08-23,1148,7153,4,0,0,15022,6282,354,219,4275
2018-08-24,976,6081,6,0,0,12430,5084,373,200,3665
2018-08-25,554,4035,5,0,0,8578,4154,175,132,2474
2018-08-26,621,4671,1,0,0,10420,4534,220,140,2739
2018-08-27,1122,5796,5,0,0,14834,6104,324,189,3726
2018-08-28,1177,7288,5,0,0,15755,7360,379,280,4339
2018-08-29,1200,7889,4,0,0,13986,6906,380,240,4505
2018-08-30,1169,7610,3,1,2,14918,7108,364,259,4411
2018-08-31,1057,6387,4,0,0,13720,5916,326,214,3815
2018-09-01,638,4615,4,0,0,8790,4544,243,150,2744
2018-09-02,508,4243,2,0,0,8494,3701,211,134,2619
2018-09-03,877,5427,2,0,0,11163,5372,373,165,3499
2018-09-04,1132,7177,3,0,0,15667,7329,385,232,4393
2018-09-05,1200,7725,3,2,10,16538,7356,408,244,4439
2018-09-06,1150,6698,4,0,0,16575,6881,378,237,4152
2018-09-07,1044,6770,4,0,0,13399,6047,370,221,4044
2018-09-08,600,4341,3,0,0,9862,4126,238,137,2655
2018-09-09,612,4345,2,0,0,9305,3545,248,117,2619
2018-09-10,1108,6563,2,0,0,12915,5985,310,211,3877
2018-09-11,1229,7136,3,0,0,13405,7555,375,209,4268
2018-09-12,1186,9012,6,1,3,18680,9710,365,279,4847
2018-09-13,1152,7883,4,0,0,12517,6515,430,229,4527
2018-09-14,956,7341,3,0,0,12767,5944,376,187,4248
2018-09-15,615,3990,5,0,0,9089,3847,230,138,2580
2018-09-16,608,4787,3,0,0,11458,5180,240,141,2829
2018-09-17,1172,7957,4,0,0,16153,7987,336,249,4512
2018-09-18,1135,8126,7,0,0,17500,8655,386,226,4625
2018-09-19,1096,7075,6,0,0,12768,5478,344,187,4234
2018-09-20,1157,6505,4,0,0,16193,5978,337,195,4066
2018-09-21,1071,6221,3,0,0,13071,6078,322,194,3898
2018-09-22,630,4419,2,0,0,11321,4439,251,147,2695
2018-09-23,571,4839,3,0,0,12026,4943,240,141,2863
2018-09-24,1148,7305,3,0,0,14297,6553,354,213,4387
2018-09-25,1223,7822,4,0,0,17623,7198,380,231,4691
2018-09-26,1260,8427,3,0,0,18387,7793,373,272,4919
2018-09-27,1040,7613,5,0,0,16947,7792,384,201,4360
2018-09-28,971,7042,4,0,0,15151,6912,314,208,4101
2018-09-29,674,5119,5,0,0,14446,5545,208,181,3119
2018-09-30,584,4833,2,0,0,10079,3634,215,126,2906
2018-10-01,1178,7462,4,0,0,15322,7569,342,210,4798
2018-10-02,1165,7705,5,1,2,16491,7642,321,239,4528
2018-10-03,1111,8087,2,0,0,14956,8275,371,246,4628
2018-10-04,1128,7636,2,2,8,14797,6340,384,234,4434
2018-10-05,1015,7020,6,0,0,13291,6372,336,206,4088
2018-10-06,623,4751,5,1,2,10123,4475,217,139,2893
2018-10-07,572,4636,1,1,6,9641,4061,247,143,2768
2018-10-08,1150,7872,5,0,0,17181,7131,405,210,4586
2018-10-09,1150,7371,7,0,0,16768,7440,358,202,4378
2018-10-10,1136,8013,3,0,0,15970,8562,408,224,4491
2018-10-11,1183,6842,3,0,0,12711,5520,369,190,4148
2018-10-12,1061,6452,4,0,0,15260,6176,310,214,3840
2018-10-13,678,4412,5,0,0,9221,3955,250,163,2748
2018-10-14,618,5115,2,0,0,12820,5872,218,160,2945
2018-10-15,1350,7504,3,0,0,21074,7360,396,292,4376
2018-10-16,1236,7891,3,0,0,15570,7785,360,265,4692
2018-10-17,1325,9194,5,0,0,16720,8297,468,323,5235
2018-10-18,1236,7239,7,0,0,15485,6438,403,208,4385
2018-10-19,1093,6468,2,0,0,12455,5665,328,200,3947
2018-10-20,633,4541,6,0,0,10571,5106,227,153,2776
2018-10-21,642,4369,4,0,0,9279,4074,198,113,2688
2018-10-22,1162,7394,2,0,0,14398,6946,361,235,4355
2018-10-23,1242,7620,4,0,0,16480,7935,385,244,4447
2018-10-24,1253,7767,4,0,0,13457,6253,373,273,4477
2018-10-25,1161,6997,5,0,0,17531,7176,386,237,4179
2018-10-26,1061,6801,3,0,0,12883,5706,357,222,3999
2018-10-27,672,4133,4,0,0,8807,3595,206,138,2596
2018-10-28,620,4999,3,0,0,11507,5071,256,160,2902
2018-10-29,1186,7617,2,0,0,16471,7540,379,279,4403
2018-10-30,1169,8309,6,0,0,19705,8668,405,281,4653
2018-10-31,1118,6882,2,0,0,13401,6048,380,246,4247
2018-11-01,1081,8221,4,0,0,15177,7984,388,242,4906
2018-11-02,1066,7065,4,0,0,14668,6636,390,215,4255
2018-11-03,651,4801,4,0,0,7763,4153,317,150,2846
2018-11-04,622,4962,4,0,0,11396,5442,202,134,2896
2018-11-05,1095,7239,2,0,0,14243,6908,347,202,4148
2018-11-06,1140,7764,3,0,0,15219,7449,344,241,4327
2018-11-07,957,6376,3,0,0,12912,5635,286,190,3810
2018-11-08,1117,6721,4,0,0,14726,6864,313,188,4153
2018-11-09,1056,6820,3,0,0,13499,6224,333,208,4074
2018-11-10,609,4533,2,0,0,8764,3897,210,141,2834
2018-11-11,648,4693,4,0,0,11935,4889,204,139,2869
2018-11-12,1053,6512,1,0,0,16144,7117,345,219,3966
2018-11-13,1220,7695,4,1,10,16213,7645,386,256,4559
2018-11-14,1187,8259,4,0,0,14988,7285,382,234,4793
2018-11-15,1234,8002,5,0,0,16653,7762,404,222,4663
2018-11-16,1032,7179,2,0,0,13831,5969,342,237,4208
2018-11-17,651,4476,3,0,0,10195,3976,215,128,2847
2018-11-18,647,4453,3,0,0,9845,4530,215,130,2794
2018-11-19,1093,6525,2,0,0,14573,6476,368,213,4011
2018-11-20,1129,7084,2,0,0,14577,6919,400,239,4222
2018-11-21,1124,6863,3,0,0,13632,6338,378,227,4142
2018-11-22,860,5525,2,0,0,13129,6214,325,168,3503
2018-11-23,790,5399,1,0,0,9271,3619,350,157,3234
2018-11-24,602,4397,2,0,0,10218,4470,279,127,2586
2018-11-25,686,4619,1,0,0,11069,4656,245,146,2798
2018-11-26,1131,6928,2,0,0,15291,6315,380,222,4065
2018-11-27,1361,8726,5,0,0,19513,9189,395,272,4881
2018-11-28,1335,7480,4,0,0,14357,6072,324,293,4505
2018-11-29,1254,7239,4,0,0,17783,8283,419,204,4427
2018-11-30,1162,7413,1,0,0,16614,7785,368,173,4391
2018-12-01,713,5189,2,0,0,10060,4528,298,183,3084
2018-12-02,632,4890,1,0,0,8022,3397,222,144,2807
2018-12-03,1155,7940,2,0,0,15514,8143,414,267,4879
2018-12-04,1254,8902,6,0,0,19303,9103,359,254,5101
2018-12-05,1211,8193,4,0,0,14998,7211,415,222,4664
2018-12-06,1268,8480,3,0,0,16539,7756,409,324,4740
2018-12-07,1080,7925,6,0,0,14682,7635,349,227,4493
2018-12-08,633,4818,4,0,0,9583,4717,231,127,2951
2018-12-09,689,5210,2,0,0,9535,4971,235,167,3074
2018-12-10,1214,6857,4,0,0,13889,5696,362,251,4205
2018-12-11,1242,6689,4,0,0,16123,6991,336,183,4242
2018-12-12,1128,7460,4,0,0,18313,7972,362,222,4504
2018-12-13,1239,7278,6,0,0,13546,6431,353,249,4421
2018-12-14,1018,7727,1,0,0,16759,7135,357,235,4458
2018-12-15,655,4319,3,0,0,8562,3532,224,131,2620
2018-12-16,643,4371,1,0,0,11355,4663,207,145,2643
2018-12-17,1152,6248,2,0,0,15787,5550,348,229,3977
2018-12-18,1143,7217,3,0,0,13800,6758,369,231,4221
2018-12-19,1153,8282,6,0,0,18875,8509,391,220,4624
2018-12-20,1149,7989,1,0,0,15420,6906,369,210,4521
2018-12-21,986,6510,2,0,0,13730,6709,313,205,3920
2018-12-22,560,4873,1,0,0,9421,4531,238,157,2859
2018-12-23,562,5407,2,0,0,12684,5014,217,150,3131
2018-12-24,684,5026,1,0,0,11578,5104,291,148,3022
2018-12-25,534,4200,2,0,0,9144,2965,271,137,2571
2018-12-26,743,5517,5,1,10,12131,6385,326,197,3193
2018-12-27,920,6851,2,0,0,15484,6669,366,180,3731
2018-12-28,911,5820,1,0,0,14336,5982,291,185,3393
2018-12-29,638,5313,1,0,0,9842,3630,255,141,2948
2018-12-30,703,4939,2,0,0,12212,4897,229,143,2915
2018-12-31,717,5149,0,0,0,11039,5243,290,179,3031
2019-01-01,658,4598,1,0,0,10006,3582,246,131,2777
2019-01-02,1098,7250,6,0,0,17016,8125,342,237,4538
2019-01-03,1043,8046,3,0,0,15859,7713,381,249,4581
2019-01-04,1049,7210,4,1,7,12674,5523,337,203,4114
2019-01-05,690,5637,1,0,0,11153,5885,238,158,3239
2019-01-06,669,5668,1,0,0,12359,5731,221,168,3240
2019-01-07,1063,8953,2,0,0,18858,8833,304,300,4780
2019-01-08,1202,8216,4,0,0,16034,7602,357,266,4642
2019-01-09,1208,8050,5,0,0,16730,7569,352,220,4596
2019-01-10,1155,8287,7,0,0,15702,7769,345,266,4662
2019-01-11,1056,7610,5,0,0,15929,7346,323,219,4393
2019-01-12,632,4994,1,0,0,8241,3900,209,178,3024
2019-01-13,658,4822,1,0,0,12136,5567,203,151,3000
2019-01-14,1157,7073,3,0,0,15877,6717,300,194,4399
2019-01-15,1127,8111,4,0,0,15813,7740,338,290,4659
2019-01-16,1173,8758,3,0,0,19691,8864,345,249,4820
2019-01-17,1205,7704,2,0,0,12537,6017,344,240,4546
2019-01-18,1110,7315,5,0,0,15806,7407,350,244,4327
2019-01-19,738,5042,0,0,0,10286,4448,241,165,3038
2019-01-20,718,5665,1,0,0,12942,6248,231,185,3296
2019-01-21,1013,7348,3,0,0,13331,6320,346,218,4133
2019-01-22,1138,8265,6,0,0,19734,9187,347,213,4806
2019-01-23,1265,9080,6,0,0,16476,8724,353,270,5121
2019-01-24,1178,8534,5,0,0,17356,7587,339,269,4717
2019-01-25,1103,8378,6,0,0,14308,7099,326,265,4551
2019-01-26,666,4966,2,0,0,11024,4529,243,166,2899
2019-01-27,652,4486,1,0,0,10839,3928,200,121,2698
2019-01-28,1175,6676,2,0,0,17923,8190,312,194,4100
2019-01-29,1130,7668,5,0,0,16718,7033,301,238,4567
2019-01-30,1228,8519,7,0,0,18839,7546,335,261,4749
2019-01-31,1187,8162,5,0,0,14580,8077,328,240,4670
2019-02-01,1126,8532,6,0,0,15584,8031,344,259,4903
2019-02-02,785,5983,4,0,0,12880,6270,259,201,3410
2019-02-03,715,5548,1,0,0,11261,5140,265,167,3173
2019-02-04,1191,7694,3,0,0,18613,7325,351,224,4432
2019-02-05,1207,8261,5,0,0,15995,7742,349,234,4815
2019-02-06,1202,8956,6,0,0,17002,8871,345,268,4972
2019-02-07,1177,7218,6,0,0,16813,6814,312,223,4326
2019-02-08,1089,8732,6,0,0,15132,6849,358,271,4827
2019-02-09,716,5034,3,0,0,13304,5309,227,191,3056
2019-02-10,696,4782,1,0,0,10348,4286,197,157,2913
2019-02-11,1116,7645,2,0,0,16428,8145,346,243,4359
2019-02-12,1247,7993,4,0,0,15729,7725,320,254,4532
2019-02-13,1214,8171,5,0,0,16504,7508,340,233,4655
2019-02-14,1164,7730,4,0,0,17326,7955,346,249,4435
2019-02-15,1047,7612,7,0,0,11676,6382,308,205,4288
2019-02-16,720,5064,3,0,0,9447,4397,223,140,3009
2019-02-17,673,5288,1,0,0,11700,5161,267,184,3019
2019-02-18,1005,6904,3,0,0,13438,6610,285,213,3902
2019-02-19,1171,7508,3,0,0,16020,7288,370,255,4434
2019-02-20,1199,7813,6,0,0,16500,7275,310,281,4551
2019-02-21,1197,7336,6,0,0,18085,7692,296,195,4366
2019-02-22,1086,7420,5,0,0,14718,6484,287,246,4368
2019-02-23,739,5104,2,0,0,9765,4335,269,180,2996
2019-02-24,688,4623,1,0,0,11097,5500,191,137,2842
2019-02-25,1125,8061,3,0,0,15484,7358,360,240,4611
2019-02-26,1152,7760,3,0,0,15468,7387,324,283,4391
2019-02-27,1158,7207,6,0,0,14139,6303,312,211,4336
2019-02-28,1225,7465,4,1,5,16403,7266,260,232,4389
2019-03-01,1067,8711,4,0,0,17387,8768,356,251,5076
2019-03-02,672,4745,2,0,0,9344,4194,223,148,3023
2019-03-03,716,5146,0,0,0,11683,5124,220,175,3068
2019-03-04,1073,8079,2,0,0,16131,7367,325,251,4540
2019-03-05,1265,7169,2,0,0,17867,7821,316,250,4402
2019-03-06,1156,7764,6,0,0,15393,6669,310,239,4488
2019-03-07,1236,8390,4,0,0,14941,7922,361,260,4675
2019-03-08,1105,8415,3,0,0,15636,8388,300,253,4489
2019-03-09,667,5250,3,0,0,9889,4346,229,149,3006
2019-03-10,782,5469,0,0,0,12056,5789,328,189,3182
2019-03-11,1191,7330,3,0,0,16427,6556,304,226,4378
2019-03-12,1230,8963,6,0,0,18593,8775,339,299,4811
2019-03-13,1279,9634,6,0,0,20238,9422,404,305,5122
2019-03-14,1146,8747,7,0,0,20488,8944,346,255,4842
2019-03-15,1050,9254,4,0,0,16643,7772,357,318,4859
2019-03-16,587,5206,2,0,0,9063,4609,195,143,3042
2019-03-17,684,5700,0,0,0,13344,5978,230,172,3267
2019-03-18,1131,7871,1,0,0,17666,8040,357,247,4588
2019-03-19,1264,9586,7,0,0,15907,8686,362,281,5081
2019-03-20,1206,9507,7,0,0,16325,8806,377,260,5031
2019-03-21,1089,9220,6,0,0,19197,9343,315,276,4884
2019-03-22,1053,8488,6,0,0,14654,7318,377,269,4617
2019-03-23,692,4287,1,0,0,9610,4355,239,138,2676
2019-03-24,637,5767,0,0,0,12814,4877,221,162,3121
2019-03-25,1142,7371,3,0,0,17657,8366,328,232,4397
2019-03-26,1141,7926,7,0,0,16344,6456,324,239,4446
2019-03-27,1153,9404,4,0,0,18941,10626,407,283,5093
2019-03-28,1264,9008,4,0,0,15511,7163,356,281,4901
2019-03-29,1040,7704,5,0,0,14666,7264,323,230,4427
2019-03-30,709,5442,1,0,0,11981,5312,266,186,3134
2019-03-31,703,5818,1,0,0,11793,5759,254,188,3304
2019-04-01,1224,9119,3,0,0,16428,9235,416,278,5347
2019-04-02,1234,8811,4,0,0,19558,8160,351,300,5078
2019-04-03,1179,7379,4,1,2,15592,6660,314,229,4375
2019-04-04,1191,8892,3,0,0,16466,8785,325,278,4780
2019-04-05,1040,8807,3,0,0,15661,7371,352,243,4690
2019-04-06,633,4981,3,0,0,11463,5542,244,164,2974
2019-04-07,668,6315,1,0,0,12747,5785,252,163,3413
2019-04-08,1203,8362,4,0,0,17677,8131,349,259,4641
2019-04-09,1187,8726,5,0,0,17829,9102,325,305,4859
2019-04-10,1233,8330,6,0,0,17745,7294,340,280,4705
2019-04-11,1205,9480,3,0,0,20355,9453,500,290,4980
2019-04-12,1069,8493,3,0,0,15473,7569,358,263,4652
2019-04-13,660,5819,3,0,0,9867,4506,241,197,3303
2019-04-14,638,5181,0,0,0,10987,4619,215,178,3037
2019-04-15,1068,6454,4,0,0,17328,6878,352,225,3931
2019-04-16,1121,7374,7,0,0,17348,7284,330,259,4306
2019-04-17,1234,7824,6,0,0,18363,8036,357,248,4443
2019-04-18,1137,7226,4,0,0,13919,6068,307,211,4190
2019-04-19,961,7179,2,0,0,13319,5950,310,204,4084
2019-04-20,636,5035,3,0,0,13782,5408,221,141,3031
2019-04-21,641,5001,0,0,0,13417,5137,209,137,2943
2019-04-22,1122,7877,5,0,0,17652,7842,351,252,4388
2019-04-23,1264,8674,5,0,0,19566,7812,382,256,4730
2019-04-24,1262,8192,2,0,0,18320,9559,325,281,4601
2019-04-25,1212,8729,4,0,0,13859,6736,323,290,4846
2019-04-26,1132,7985,2,0,0,18975,8134,294,254,4493
2019-04-27,651,5006,4,1,4,12297,5002,211,130,3028
2019-04-28,660,5590,0,0,0,11337,5483,230,190,3158
2019-04-29,1165,7922,3,0,0,15823,6865,331,206,4581
2019-04-30,1194,8248,3,0,0,18236,7979,334,259,4586
2019-05-01,1188,8560,3,0,0,18312,9525,359,291,5027
2019-05-02,1230,9995,7,0,0,18684,8927,403,335,5265
2019-05-03,1103,7975,7,0,0,15192,6957,300,264,4522
2019-05-04,695,6188,3,0,0,11687,5821,253,221,3315
2019-05-05,662,4987,0,0,0,9733,4179,215,141,2950
2019-05-06,1041,8259,2,0,0,18162,8663,323,244,4437
2019-05-07,1214,8250,6,0,0,17359,8596,335,248,4747
2019-05-08,1155,8349,5,0,0,16123,7605,340,218,4556
2019-05-09,1058,8556,3,0,0,16495,7893,374,232,4666
2019-05-10,1048,8631,6,0,0,13660,6805,328,247,4656
2019-05-11,675,5068,4,0,0,12612,5064,193,141,3063
2019-05-12,642,5606,0,0,0,11751,5606,282,203,3036
2019-05-13,1104,8802,4,1,6,17879,9311,377,279,4647
2019-05-14,1225,8496,3,0,0,18559,7775,360,271,4762
2019-05-15,1200,8699,4,0,0,15796,7777,316,252,4788
2019-05-16,1206,8548,2,0,0,16127,8857,357,232,4667
2019-05-17,1103,8876,4,0,0,15780,7227,312,262,4742
2019-05-18,613,5119,5,1,7,11688,5282,214,134,3050
2019-05-19,636,5308,0,0,0,11056,4438,221,158,3028
2019-05-20,1061,9030,2,1,3,17525,8841,349,269,4662
2019-05-21,1133,8759,5,0,0,18185,9001,355,258,4801
2019-05-22,1272,9278,4,0,0,17414,9475,399,240,5127
2019-05-23,1146,9124,2,0,0,18206,7632,358,256,4795
2019-05-24,1085,7973,6,0,0,14555,6915,293,257,4366
2019-05-25,712,5273,3,0,0,10367,4874,230,148,3020
2019-05-26,693,5482,1,0,0,10874,5573,235,171,3025
2019-05-27,847,6842,2,0,0,12295,6359,249,185,3872
2019-05-28,1203,8300,3,0,0,16393,8073,318,251,4583
2019-05-29,1190,10159,3,0,0,20762,10718,381,316,5120
2019-05-30,1190,8914,7,0,0,19551,7743,347,292,4869
2019-05-31,1057,8000,4,0,0,17652,7746,320,255,4446
2019-06-01,706,5693,4,0,0,11738,5145,240,181,3045
2019-06-02,703,6027,0,0,0,12797,6073,259,199,3331
2019-06-03,1195,9857,1,0,0,18231,10022,362,301,5432
2019-06-04,1198,8798,4,0,0,18169,7580,341,238,4990
2019-06-05,1171,8761,0,0,0,18593,8993,328,269,4820
2019-06-06,1219,8898,5,0,0,16579,8381,378,250,4919
2019-06-07,1150,8090,3,0,0,15681,6856,333,235,4641
2019-06-08,691,5688,3,0,0,12190,5924,244,182,3231
2019-06-09,672,6007,0,0,0,12322,5856,209,202,3293
2019-06-10,1089,8228,4,0,0,18755,7711,285,244,4522
2019-06-11,1193,7386,4,0,0,16377,7195,345,207,4465
2019-06-12,1214,8767,4,0,0,17511,9389,340,246,4840
2019-06-13,1195,7812,7,0,0,15215,6332,331,201,4435
2019-06-14,1016,7001,0,0,0,13565,7204,256,169,4018
2019-06-15,653,4677,3,0,0,9619,3833,214,161,2825
2019-06-16,619,5129,0,0,0,12363,5609,212,151,2870
2019-06-17,1062,8757,4,0,0,17284,8292,277,275,4717
2019-06-18,1245,9885,3,0,0,18215,9874,349,293,5214
2019-06-19,1157,7728,5,1,3,14082,6105,321,274,4506
2019-06-20,1122,8988,6,0,0,16488,9297,282,288,4899
2019-06-21,1052,7470,0,0,0,14168,5863,278,227,4268
2019-06-22,628,4588,1,0,0,9378,4106,204,174,2660
2019-06-23,708,6390,1,0,0,14028,6295,231,153,3331
2019-06-24,1120,9175,3,0,0,21096,10011,348,289,5135
2019-06-25,1116,9632,0,0,0,16851,8447,368,268,5199
2019-06-26,1239,8749,4,0,0,17518,8456,356,287,4725
2019-06-27,1153,8461,7,0,0,16675,8383,331,270,4722
2019-06-28,1024,8663,3,0,0,15902,7882,333,222,4584
2019-06-29,635,5094,1,0,0,9989,4313,206,134,2998
2019-06-30,617,5172,1,0,0,11775,5700,200,158,2903
2019-07-01,1049,8475,2,1,5,16468,8910,292,254,4923
2019-07-02,1187,8363,1,1,3,14188,6261,348,290,5131
2019-07-03,1207,8564,3,0,0,19633,9352,329,250,4870
2019-07-04,839,7729,3,0,0,15549,6900,269,187,4283
2019-07-05,886,7126,4,0,0,14570,6926,262,176,4027
2019-07-06,612,5336,0,0,0,10232,4583,218,137,3112
2019-07-07,669,5400,1,0,0,12991,5762,189,143,2938
2019-07-08,1154,7850,2,0,0,18553,7920,318,189,4403
2019-07-09,1220,8922,5,0,0,19100,9522,292,283,4934
2019-07-10,1126,8717,3,0,0,17114,8292,313,225,4766
2019-07-11,1157,7988,3,0,0,15022,6470,357,257,4602
2019-07-12,1081,7518,5,0,0,15487,7457,294,226,4380
2019-07-13,698,4559,0,0,0,9006,3493,196,130,2772
2019-07-14,652,5571,1,0,0,14372,6500,184,160,3123
2019-07-15,1047,8284,2,0,0,15521,7211,313,259,4530
2019-07-16,1213,7470,5,0,0,13773,7028,322,232,4446
2019-07-17,1251,8959,5,1,2,14543,7780,395,246,4865
2019-07-18,1071,8730,3,0,0,17038,8739,363,245,4777
2019-07-19,1017,7237,3,0,0,13990,6368,302,205,4267
2019-07-20,720,4959,1,0,0,9943,4813,223,160,2922
2019-07-21,664,4752,1,0,0,12609,5042,227,158,2834
2019-07-22,1092,7783,4,0,0,17310,7525,308,253,4398
2019-07-23,1176,6723,7,0,0,15328,6687,324,181,4152
2019-07-24,1210,8884,7,0,0,15246,8289,346,257,4851
2019-07-25,1158,8556,3,0,0,16488,8350,321,267,4674
2019-07-26,1021,7242,6,0,0,14040,6298,303,228,4063
2019-07-27,647,5014,1,0,0,11576,4973,230,140,2941
2019-07-28,606,4895,1,0,0,9828,5255,201,133,2900
2019-07-29,1107,9178,2,0,0,15830,8743,309,250,4893
2019-07-30,1276,8382,4,0,0,17698,8873,368,319,4727
2019-07-31,1088,8380,3,0,0,14606,7616,354,226,4686
2019-08-01,1080,8511,4,0,0,15651,8283,366,227,5076
2019-08-02,1019,7133,4,0,0,13215,5772,280,226,4264
2019-08-03,686,5148,4,0,0,9064,4658,211,158,2958
2019-08-04,650,5864,1,0,0,12818,5429,240,161,3149
2019-08-05,1100,9480,1,0,0,19946,10903,408,302,4727
2019-08-06,1174,9051,3,0,0,18490,7496,314,242,4974
2019-08-07,1321,8326,6,0,0,15543,7865,307,246,4701
2019-08-08,1268,8381,3,0,0,19015,8400,316,222,4598
2019-08-09,1089,7980,3,0,0,16063,7397,352,261,4388
2019-08-10,701,5377,3,0,0,9752,4470,227,182,3102
2019-08-11,696,5339,1,0,0,12662,6067,231,164,3104
2019-08-12,1097,9004,2,0,0,18171,9236,327,237,4758
2019-08-13,1221,8785,3,0,0,16341,7899,328,275,4759
2019-08-14,1233,8572,4,0,0,15333,8678,335,284,4746
2019-08-15,1164,8461,5,0,0,16906,7336,287,274,4686
2019-08-16,1045,8906,2,0,0,16637,8230,364,272,4621
2019-08-17,632,5756,1,0,0,11056,5184,235,170,3177
2019-08-18,675,5845,1,0,0,12069,5620,206,168,3248
2019-08-19,1127,7904,1,0,0,18548,7451,298,227,4507
2019-08-20,1190,9473,5,0,0,17655,9220,324,268,5057
2019-08-21,1218,8586,5,0,0,15910,8576,380,277,4707
2019-08-22,1252,8969,4,1,5,17114,8302,392,235,4966
2019-08-23,1137,9415,6,0,0,17356,9399,382,272,4849
2019-08-24,660,5766,1,0,0,9548,4319,253,165,3141
2019-08-25,631,5373,0,1,5,11962,5998,221,159,3005
2019-08-26,1116,7318,2,0,0,14621,7807,327,218,4181
2019-08-27,1204,9458,5,0,0,15660,7812,329,273,5021
2019-08-28,1176,8573,6,1,2,17953,8840,338,249,4740
2019-08-29,1180,8285,4,0,0,14748,7433,343,223,4722
2019-08-30,1044,7942,6,0,0,14348,6918,304,262,4313
2019-08-31,678,5084,4,0,0,10820,4974,231,137,3025
2019-09-01,632,5560,0,0,0,12619,5179,226,176,3150
2019-09-02,970,5885,1,0,0,12527,5691,295,156,3696
2019-09-03,1201,8801,5,0,0,14880,8986,354,271,5102
2019-09-04,1254,8714,5,0,0,20008,8509,357,258,4968
2019-09-05,1224,7901,2,0,0,18151,8593,320,265,4659
2019-09-06,1055,8113,4,0,0,13074,6086,326,257,4557
2019-09-07,734,5902,1,0,0,10483,5522,304,203,3265
2019-09-08,689,5915,0,0,0,11740,5250,280,170,3278
2019-09-09,1208,8484,4,0,0,21865,8846,425,267,4856
2019-09-10,1347,10014,5,0,0,17594,9700,603,332,5513
2019-09-11,1297,9581,5,0,0,17401,10226,516,304,5355
2019-09-12,1256,10401,4,0,0,17016,9006,463,316,5365
2019-09-13,1169,8955,2,0,0,17051,8615,489,244,4904
2019-09-14,802,5964,0,0,0,10313,4951,235,174,3346
2019-09-15,686,4859,0,0,0,9939,3726,205,127,2883
2019-09-16,1117,8453,4,0,0,17852,8660,329,221,4728
2019-09-17,1196,10306,6,0,0,17626,10128,478,340,5174
2019-09-18,1270,9300,6,0,0,18264,8932,428,302,5077
2019-09-19,1190,8927,1,0,0,17493,8752,365,274,4902
2019-09-20,1083,9458,3,0,0,14700,7793,349,344,4861
2019-09-21,679,5518,0,0,0,12297,5252,204,152,3198
2019-09-22,681,5451,0,0,0,12852,5863,237,171,3170
2019-09-23,1236,9017,3,0,0,18392,9307,357,309,4938
2019-09-24,1281,9702,7,0,0,17671,9743,417,298,5217
2019-09-25,1239,9558,6,0,0,16649,8119,358,292,5067
2019-09-26,1224,8889,6,1,6,17593,9634,370,298,4925
2019-09-27,1074,9256,7,0,0,14981,7593,320,298,4869
2019-09-28,688,5913,0,0,0,12561,5439,263,253,3159
2019-09-29,661,5879,1,0,0,11461,5820,218,186,3393
2019-09-30,1171,9125,4,0,0,17783,8024,401,308,4894
2019-10-01,1225,10157,7,0,0,18203,11055,425,344,5632
2019-10-02,1179,8750,7,0,0,16260,8135,353,263,5049
2019-10-03,1172,10262,5,0,0,18912,9497,386,316,5393
2019-10-04,1037,8315,2,0,0,16812,8026,293,272,4634
2019-10-05,670,5228,0,0,0,9876,4587,183,147,3019
2019-10-06,658,6616,0,0,0,13102,6734,241,201,3496
2019-10-07,1195,10019,3,0,0,19019,9182,363,312,5165
2019-10-08,1183,10099,4,1,2,21339,9142,395,313,5160
2019-10-09,1218,9698,2,0,0,24521,10771,371,290,5007
2019-10-10,1231,9658,4,0,0,18481,7862,354,345,5082
2019-10-11,1109,7961,4,0,0,15937,7208,328,242,4583
2019-10-12,732,7007,0,2,5,15835,7052,291,238,3756
2019-10-13,678,6285,0,0,0,14654,6038,225,165,3458
2019-10-14,1108,8903,3,0,0,18627,8834,327,261,4861
2019-10-15,1235,10064,5,0,0,18965,9806,385,321,5355
2019-10-16,1214,10782,4,0,0,18806,10620,421,328,5385
2019-10-17,1237,8728,6,0,0,17515,7367,350,256,4912
2019-10-18,1113,7364,6,0,0,16297,6650,325,226,4262
2019-10-19,792,4716,2,0,0,9689,3868,224,142,2864
2019-10-20,737,5994,0,0,0,12978,5818,268,189,3448
2019-10-21,1242,9499,4,1,2,20097,9877,392,306,5066
2019-10-22,1202,9588,4,0,0,20465,8946,374,294,5338
2019-10-23,1191,9375,4,0,0,19742,9230,377,301,5110
2019-10-24,1250,8859,3,0,0,16334,7948,368,259,4970
2019-10-25,1180,8820,4,0,0,17763,9143,372,268,4939
2019-10-26,771,5888,2,0,0,10752,4400,278,180,3321
2019-10-27,681,5528,1,0,0,10281,4721,213,164,3180
2019-10-28,1151,8609,5,1,4,17429,8603,335,253,4866
2019-10-29,1258,9061,6,0,0,17182,9362,357,252,5150
2019-10-30,1224,9742,5,0,0,20910,9978,400,269,5214
2019-10-31,1184,9500,5,0,0,16802,8028,329,283,5062
2019-11-01,1174,8716,2,0,0,17151,8554,396,232,5184
2019-11-02,710,5345,0,0,0,12521,4817,247,161,3265
2019-11-03,708,5972,0,0,0,14230,6420,226,210,3456
2019-11-04,1149,9317,4,0,0,18716,9156,385,284,4949
2019-11-05,1255,8889,8,0,0,16683,7841,367,249,4971
2019-11-06,1271,9388,3,0,0,20131,9919,386,273,5220
2019-11-07,1248,8555,5,0,0,14653,7521,332,223,4784
2019-11-08,1077,8460,2,0,0,16309,8616,323,231,4569
2019-11-09,728,6371,0,0,0,13264,5946,272,174,3482
2019-11-10,741,4906,0,0,0,9241,4154,231,136,3000
2019-11-11,1086,8070,3,0,0,15221,6897,337,234,4575
2019-11-12,1300,8077,5,0,0,21357,8915,383,256,4837
2019-11-13,1202,10409,6,0,0,18970,10316,364,282,5485
2019-11-14,1266,8461,4,0,0,19556,8991,364,259,4911
2019-11-15,1128,7846,2,0,0,14823,6940,350,212,4572
2019-11-16,709,5080,0,1,11,8168,3570,204,148,3018
2019-11-17,738,4453,0,0,0,12443,4638,214,133,2852
2019-11-18,1123,7407,2,0,0,16701,7060,298,232,4378
2019-11-19,1202,9121,3,0,0,15683,8304,394,302,4968
2019-11-20,1153,9063,4,0,0,23003,10125,309,249,5098
2019-11-21,1194,9944,2,0,0,18824,9382,364,290,5391
2019-11-22,1042,9203,3,0,0,18754,8470,291,285,5092
2019-11-23,710,5340,2,0,0,13267,4860,243,148,3237
2019-11-24,667,6322,1,0,0,10802,5376,234,194,3493
2019-11-25,1194,8667,3,0,0,18512,8952,283,294,4813
2019-11-26,1253,8454,3,0,0,17477,7647,390,256,4786
2019-11-27,1158,8271,3,0,0,17196,7349,347,247,4636
2019-11-28,946,6596,2,0,0,15710,6812,305,177,3965
2019-11-29,915,5655,1,0,0,13614,5655,293,155,3606
2019-11-30,645,4671,1,0,0,11396,4592,198,153,2819
2019-12-01,781,5055,2,0,0,10737,4738,227,169,2971
2019-12-02,1197,8569,5,0,0,17287,8440,402,286,5027
2019-12-03,1309,8477,6,0,0,18275,8078,344,273,5087
2019-12-04,1300,8932,4,1,3,18247,8937,335,286,4979
2019-12-05,1249,8278,1,0,0,18542,7745,373,238,4751
2019-12-06,1102,8208,2,1,7,15849,6780,330,247,4546
2019-12-07,688,5460,2,0,0,12408,5066,188,144,3101
2019-12-08,721,5169,0,0,0,13144,5491,248,162,2942
2019-12-09,1130,7600,2,0,0,14742,8364,302,196,4430
2019-12-10,1265,8771,2,0,0,15348,7665,333,267,4845
2019-12-11,1157,8791,4,0,0,18675,7637,297,234,4773
2019-12-12,1207,8543,2,0,0,17719,8614,329,216,4799
2019-12-13,1145,7777,3,0,0,16613,7808,291,219,4474
2019-12-14,674,5847,1,0,0,12377,5719,207,197,3273
2019-12-15,722,5803,0,0,0,12772,4707,222,157,3329
2019-12-16,1162,7982,1,0,0,17362,8335,264,234,4658
2019-12-17,1309,10124,2,0,0,17386,10119,428,299,5178
2019-12-18,1292,9077,2,0,0,15932,7994,453,287,4937
2019-12-19,1313,8446,1,0,0,18637,8595,439,234,4811
2019-12-20,1115,6822,5,0,0,13803,5850,344,219,4108
2019-12-21,734,4891,2,0,0,11627,4229,245,140,3034
2019-12-22,725,5678,0,0,0,14569,5811,230,162,3205
2019-12-23,980,7140,2,0,0,13498,6660,339,232,3938
2019-12-24,879,6254,2,0,0,15306,5874,281,176,3639
2019-12-25,640,4766,1,0,0,10307,3961,253,155,2858
2019-12-26,846,5896,0,0,0,12133,6175,280,160,3415
2019-12-27,872,7170,1,0,0,17369,7807,283,196,3892
2019-12-28,771,6014,0,0,0,11892,5355,250,170,3359
2019-12-29,725,6092,0,0,0,12485,5498,261,170,3364
2019-12-30,1088,7156,0,0,0,14393,6524,345,196,4046
2019-12-31,928,6927,2,0,0,14179,5778,288,221,3828
2020-01-01,746,5319,0,0,0,12923,5647,233,158,2989
2020-01-02,1111,8556,2,0,0,18751,10628,368,271,4877
2020-01-03,1096,9132,6,1,21,14053,6171,367,292,5007
2020-01-04,855,6052,3,0,0,12731,5141,317,196,3451
2020-01-05,816,5835,0,0,0,13347,6667,265,166,3459
2020-01-06,1199,8609,3,0,0,16792,9492,374,242,4744
2020-01-07,1376,10259,1,0,0,18083,9384,398,291,5391
2020-01-08,1321,9129,3,0,0,16339,7909,437,282,5128
2020-01-09,1257,8816,4,0,0,18024,8464,369,261,4956
2020-01-10,1123,8576,3,0,0,14893,7534,367,238,4786
2020-01-11,818,5630,1,0,0,12203,6235,260,161,3344
2020-01-12,810,6520,0,0,0,12976,6120,221,191,3515
2020-01-13,1172,8349,1,0,0,17819,8493,301,228,4793
2020-01-14,1323,8984,3,0,0,16458,7766,343,254,5137
2020-01-15,1352,8399,2,0,0,20002,8808,375,244,4869
2020-01-16,1328,8856,6,0,0,16697,8369,364,275,4990
2020-01-17,1213,9349,4,0,0,15354,8537,360,285,5017
2020-01-18,752,6537,3,0,0,11855,6177,254,170,3492
2020-01-19,758,6009,0,0,0,10919,4991,208,179,3387
2020-01-20,1137,6895,4,0,0,15567,6395,310,236,4223
2020-01-21,1245,8783,2,0,0,25260,10753,362,274,5025
2020-01-22,1299,8964,4,0,0,17000,7431,418,276,5085
2020-01-23,1314,9058,6,0,0,17567,8515,389,284,5148
2020-01-24,1171,8555,7,0,0,15747,7038,313,232,4783
2020-01-25,813,5111,4,0,0,9675,4521,254,146,3207
2020-01-26,768,5554,0,0,0,12869,5291,267,185,3244
2020-01-27,1189,8152,3,2,4,19098,8838,340,200,4815
2020-01-28,1422,9038,2,0,0,17295,9292,404,233,5163
2020-01-29,1448,10414,2,0,0,21189,10031,425,300,5620
2020-01-30,1368,8587,5,0,0,19002,9267,359,247,5085
2020-01-31,1355,8518,3,0,0,15940,6463,460,248,4811
2020-02-01,877,5983,3,0,0,11565,5179,332,176,3555
2020-02-02,813,5408,2,0,0,12326,5293,228,171,3221
2020-02-03,1244,9162,4,0,0,16135,9273,368,247,5476
2020-02-04,1352,10393,4,0,0,20730,10528,419,292,5641
2020-02-05,1261,8369,5,0,0,17047,6957,333,245,4779
2020-02-06,1290,8320,4,0,0,18848,9198,392,238,4927
2020-02-07,1226,9493,3,0,0,16580,8308,368,269,5176
2020-02-08,828,6147,2,0,0,11810,4661,255,183,3591
2020-02-09,821,4953,0,0,0,13097,5187,213,154,3147
2020-02-10,1272,8207,3,0,0,15558,7627,359,228,4718
2020-02-11,1319,8264,1,0,0,20195,8854,348,278,5066
2020-02-12,1312,8471,2,0,0,18741,7228,329,240,5021
2020-02-13,1244,7269,3,0,0,17687,7220,310,178,4507
2020-02-14,1168,7924,4,0,0,15973,7589,317,226,4790
2020-02-15,802,6375,2,0,0,11604,5472,203,205,3544
2020-02-16,764,4858,0,0,0,12518,4628,195,184,3017
2020-02-17,1084,6548,3,1,3,14439,7069,286,205,4088
2020-02-18,1236,8352,4,0,0,18571,8206,329,243,4780
2020-02-19,1320,8416,4,0,0,18013,8334,329,246,4800
2020-02-20,1224,7064,5,0,0,15452,6499,287,231,4324
2020-02-21,1130,7363,5,0,0,16728,7755,302,210,4229
2020-02-22,820,5068,0,0,0,9928,3562,218,154,3094
2020-02-23,734,5575,0,0,0,12870,5937,204,177,3198
2020-02-24,1252,7959,1,0,0,15923,6724,314,250,4595
2020-02-25,1277,7913,3,0,0,16921,8212,352,234,4610
2020-02-26,1317,8683,3,0,0,16676,8415,359,231,4971
2020-02-27,1262,9136,4,0,0,18111,8602,352,255,4847
2020-02-28,1154,7123,5,0,0,17554,7006,278,224,4286
2020-02-29,772,5789,2,0,0,11073,4948,217,214,3306
2020-03-01,750,5448,0,0,0,12087,5995,194,150,3162
2020-03-02,1274,8849,4,0,0,16747,8203,312,266,5254
2020-03-03,1313,8193,4,0,0,19193,7931,327,252,5096
2020-03-04,1245,8330,3,0,0,16786,7926,308,215,4884
2020-03-05,1312,8896,3,0,0,17083,8267,323,254,5043
2020-03-06,1116,7680,4,0,0,15921,7528,276,228,4678
2020-03-07,760,5838,2,0,0,11801,5758,208,178,3355
2020-03-08,782,5694,2,0,0,14416,5332,205,188,3384
2020-03-09,1216,8460,2,0,0,17039,8750,327,244,4655
2020-03-10,1279,8831,2,0,0,16992,8544,378,271,4921
2020-03-11,1313,9376,3,0,0,18865,7680,358,280,5006
2020-03-12,1360,9887,3,0,0,19630,10538,341,327,5262
2020-03-13,1221,7335,1,0,0,14360,5903,341,228,4254
2020-03-14,916,6927,2,0,0,16160,7425,279,206,3829
2020-03-15,937,7425,0,0,0,13286,6171,305,231,3895
2020-03-16,1357,10246,2,0,0,20747,10660,380,326,5312
2020-03-17,1439,10895,0,0,0,20473,9508,368,346,5611
2020-03-18,1422,9335,4,0,0,18658,9489,377,301,5225
2020-03-19,1423,8831,3,1,15,18557,8856,381,247,5082
2020-03-20,1371,8533,0,0,0,14914,7591,328,261,4867
2020-03-21,993,7355,2,0,0,15171,7204,281,228,4196
2020-03-22,1002,7623,1,1,5,14287,7198,288,227,4275
2020-03-23,1432,8871,2,0,0,17636,8816,353,338,5237
2020-03-24,1357,8766,1,0,0,16451,7487,391,308,5078
2020-03-25,1495,7744,1,0,0,20279,8158,390,246,4769
2020-03-26,1465,8121,5,0,0,16141,7107,420,252,4910
2020-03-27,1315,7422,1,0,0,16376,7085,336,248,4477
2020-03-28,1042,6218,1,0,0,12966,5471,298,211,3589
2020-03-29,977,7675,0,0,0,15028,7528,302,264,4201
2020-03-30,1445,8165,3,0,0,19638,8028,411,287,4848
2020-03-31,1535,9134,1,0,0,21043,8671,379,294,5208
2020-04-01,1485,9205,4,0,0,20241,9043,419,352,5588
2020-04-02,1533,8711,1,0,0,18932,7807,402,306,5179
2020-04-03,1384,8566,2,0,0,20626,8192,354,275,4998
2020-04-04,1016,6442,1,0,0,12497,6194,282,215,3727
2020-04-05,943,6303,0,1,5,15128,6197,272,197,3827
2020-04-06,1325,8017,2,0,0,18118,7683,366,250,5035
2020-04-07,1479,8201,5,0,0,19723,8544,429,273,5189
2020-04-08,1390,8288,3,0,0,19214,7611,379,273,4956
2020-04-09,1417,8610,1,0,0,17377,7679,353,289,4958
2020-04-10,1214,8881,1,0,0,17295,9057,337,259,4794
2020-04-11,935,5551,0,0,0,14470,4655,248,198,3435
2020-04-12,916,5945,0,0,0,12285,5761,289,203,3607
2020-04-13,1317,8226,2,0,0,18286,8537,364,271,4805
2020-04-14,1434,9982,2,0,0,21548,9819,414,317,5385
2020-04-15,1441,10251,3,1,2,20960,10042,428,362,5402
2020-04-16,1448,8778,4,0,0,16850,8058,453,288,5204
2020-04-17,1311,7982,1,0,0,16617,7537,410,276,4744
2020-04-18,993,7049,0,0,0,13877,6452,268,227,3969
2020-04-19,891,6771,0,0,0,15358,5971,334,196,3834
2020-04-20,1307,9176,1,0,0,18615,9126,371,318,5165
2020-04-21,1425,8854,1,0,0,17496,7631,433,287,5114
2020-04-22,1414,9433,0,0,0,18556,9248,390,276,5310
2020-04-23,1410,10211,3,0,0,19656,11439,411,296,5498
2020-04-24,1297,9882,2,0,0,15847,7818,349,280,5237
2020-04-25,906,7627,0,0,0,13532,7989,318,241,4219
2020-04-26,1021,7665,0,0,0,13513,7267,305,237,4261
2020-04-27,1440,8790,2,0,0,16338,8268,389,237,5064
2020-04-28,1416,10506,1,0,0,20952,11540,392,324,5560
2020-04-29,1435,10973,3,0,0,16203,9443,398,323,5705
2020-04-30,1438,10207,6,0,0,18719,9161,370,321,5485
2020-05-01,1319,8718,1,0,0,16759,8700,322,289,5142
2020-05-02,982,7129,1,0,0,15350,5968,259,227,4108
2020-05-03,986,6085,1,0,0,13678,6902,270,207,3650
2020-05-04,1471,10420,3,0,0,23553,9805,445,328,5548
2020-05-05,1523,10174,3,0,0,18523,9350,377,322,5541
2020-05-06,1523,9940,2,0,0,22012,10382,390,307,5601
2020-05-07,1502,10328,4,0,0,18648,9306,418,338,5629
2020-05-08,1340,9672,2,0,0,17455,8318,393,246,5346
2020-05-09,933,7463,0,0,0,14317,6747,352,244,4024
2020-05-10,963,7271,0,0,0,16127,8108,296,244,4109
2020-05-11,1398,10084,4,0,0,18446,9558,397,302,5453
2020-05-12,1491,11224,4,0,0,22900,10980,415,333,5982
2020-05-13,1470,10225,4,0,0,26382,13616,364,345,5633
2020-05-14,1529,12366,3,0,0,15246,7846,456,371,6638
2020-05-15,1332,10379,0,0,0,19530,9799,373,304,5726
2020-05-16,1004,8249,0,0,0,15107,7454,254,263,4467
2020-05-17,967,7531,0,0,0,15617,8344,299,252,4213
2020-05-18,1436,11635,3,0,0,24609,10776,469,388,6005
2020-05-19,1648,10338,4,0,0,21664,10228,408,314,5832
2020-05-20,1548,10105,6,0,0,19863,9594,390,322,5589
2020-05-21,1520,12142,3,0,0,20097,10558,456,358,6139
2020-05-22,1416,9967,2,0,0,21012,10379,417,311,5474
2020-05-23,985,8289,0,1,9,17193,7201,271,279,4515
2020-05-24,956,7381,0,0,0,14379,7381,244,261,4082
2020-05-25,1206,8809,1,0,0,17558,7838,320,280,4981
2020-05-26,1543,10229,3,0,0,20767,9850,425,352,5542
2020-05-27,1487,12326,4,0,0,22893,12084,468,419,6143
2020-05-28,1573,11327,4,0,0,19785,10636,495,360,5920
2020-05-29,1354,11077,3,0,0,20044,10499,480,375,5603
2020-05-30,905,7984,0,0,0,15999,6543,333,281,4175
2020-05-31,856,7412,0,0,0,18463,7271,330,224,3980
2020-06-01,1275,10072,4,0,0,19216,10113,430,371,5477
2020-06-02,1295,11117,5,0,0,22378,11168,545,358,5649
2020-06-03,1362,11280,3,0,0,21233,10739,473,335,5665
2020-06-04,1458,11389,3,0,0,18685,10530,410,381,5778
2020-06-05,1272,10612,2,0,0,16930,9283,423,319,5509
2020-06-06,855,7222,1,0,0,13971,7150,327,206,4133
2020-06-07,931,7819,0,0,0,14299,8222,321,250,4273
2020-06-08,1325,8638,3,0,0,15940,7640,364,295,4983
2020-06-09,1408,8801,6,0,0,16879,8338,380,300,5341
2020-06-10,1439,9782,5,0,0,19064,9455,381,335,5483
2020-06-11,1449,9453,4,0,0,21591,9687,416,278,5374
2020-06-12,1234,9484,2,0,0,15504,8272,400,275,5131
2020-06-13,880,7815,1,0,0,12413,6614,347,236,4125
2020-06-14,925,7681,0,0,0,14780,7534,347,252,4189
2020-06-15,1422,10514,2,0,0,19543,9951,436,374,5566
2020-06-16,1462,9955,3,0,0,19712,11222,365,326,5524
2020-06-17,1534,10857,3,0,0,18732,9649,412,325,5882
2020-06-18,1507,9718,5,0,0,19060,8586,374,280,5439
2020-06-19,1175,9490,2,0,0,17063,9517,352,286,5047
2020-06-20,950,7356,1,0,0,12285,6664,313,233,3997
2020-06-21,875,6927,1,0,0,11672,5161,225,223,4127
2020-06-22,1347,10750,3,0,0,19956,11746,381,352,5627
2020-06-23,1477,12182,1,0,0,21580,12169,478,384,6168
2020-06-24,1473,11744,3,0,0,22433,11479,417,330,6114
2020-06-25,1382,10558,4,0,0,19213,9312,370,339,5665
2020-06-26,1282,9834,2,0,0,16360,8722,367,311,5310
2020-06-27,864,6486,2,0,0,14600,5942,268,195,3708
2020-06-28,823,6531,1,0,0,11989,6163,248,185,3766
2020-06-29,1349,10565,2,0,0,19834,11096,478,345,5501
2020-06-30,1461,9810,3,0,0,19672,9188,419,297,5469
2020-07-01,1312,10771,4,0,0,20546,11759,393,350,5875
2020-07-02,1231,9920,4,0,0,15404,8312,364,327,5403
2020-07-03,1115,8162,1,0,0,13963,6857,415,240,4659
2020-07-04,760,6213,2,0,0,12447,6337,284,202,3598
2020-07-05,851,6746,0,0,0,15108,6649,277,238,3682
2020-07-06,1336,9515,1,0,0,14824,7686,348,278,5306
2020-07-07,1410,10050,4,0,0,20226,10174,397,300,5514
2020-07-08,1426,8535,3,0,0,19174,8436,398,261,5002
2020-07-09,1370,9703,4,0,0,17214,9656,378,318,5327
2020-07-10,1136,10239,1,0,0,14718,9711,437,298,5328
2020-07-11,770,8494,1,0,0,12047,7693,286,232,4442
2020-07-12,790,7680,1,0,0,12205,6562,324,226,4110
2020-07-13,1332,9954,2,0,0,17593,10605,399,280,5432
2020-07-14,1344,11197,3,0,0,21069,10162,542,351,5845
2020-07-15,1412,12973,5,0,0,22346,13244,537,400,6382
2020-07-16,1334,9976,2,0,0,17106,8996,428,306,5311
2020-07-17,1165,11015,0,0,0,19885,10167,395,350,5693
2020-07-18,960,7367,1,0,0,14414,7141,365,247,4081
2020-07-19,882,6732,1,0,0,11862,5981,351,234,3929
2020-07-20,1374,8309,3,0,0,18021,7704,391,287,4957
2020-07-21,1351,7804,3,0,0,15308,7424,374,267,4742
2020-07-22,1426,9120,3,0,0,19342,9780,493,293,5046
2020-07-23,1379,9940,5,0,0,18091,9913,464,312,5636
2020-07-24,1204,10321,0,0,0,14895,8613,468,333,5358
2020-07-25,875,6732,1,0,0,11484,5459,340,241,3857
2020-07-26,822,6982,0,0,0,13461,7178,275,230,3845
2020-07-27,1281,8393,3,0,0,15453,7905,397,266,4804
2020-07-28,1337,9876,5,0,0,17988,9922,416,295,5380
2020-07-29,1396,9489,2,0,0,17139,8626,400,307,5298
2020-07-30,1333,9975,5,0,0,16655,10191,383,301,5347
2020-07-31,1163,10485,1,0,0,14126,9864,379,324,5466
2020-08-01,838,8354,1,0,0,12768,7313,311,273,4237
2020-08-02,863,6935,0,0,0,14660,7481,333,231,3858
2020-08-03,1269,10863,4,0,0,16918,10516,464,379,5924
2020-08-04,1397,9449,3,0,0,17500,9004,394,318,5454
2020-08-05,1347,9720,5,0,0,15527,7897,366,304,5329
2020-08-06,1379,8375,4,1,3,17404,7950,343,263,4957
2020-08-07,1234,9827,4,1,8,16531,9808,440,317,5154
2020-08-08,818,7669,1,1,4,13206,7375,289,232,4226
2020-08-09,779,7002,0,0,0,12300,6536,299,197,3901
2020-08-10,1298,10395,1,0,0,16739,10725,456,304,5405
2020-08-11,1307,10308,3,0,0,16683,9534,382,283,5337
2020-08-12,1314,9911,2,0,0,17594,9604,419,305,5341
2020-08-13,1286,11634,6,1,3,19039,11672,474,346,5805
2020-08-14,1208,11979,1,0,0,18153,10421,434,366,5759
2020-08-15,794,8080,1,0,0,17066,8974,319,230,4126
2020-08-16,844,8071,1,0,0,12624,6164,309,253,4114
2020-08-17,1230,10043,4,0,0,16940,9498,379,305,5337
2020-08-18,1321,10690,3,0,0,18644,9944,473,344,5591
2020-08-19,1278,11308,6,1,2,18310,11770,436,312,5826
2020-08-20,1228,10855,2,0,0,16056,9753,415,316,5549
2020-08-21,1172,8616,4,0,0,16057,8500,358,282,4886
2020-08-22,830,7272,1,1,7,13517,7238,247,218,3924
2020-08-23,804,7224,1,0,0,10107,5487,276,210,3956
2020-08-24,1233,9260,3,0,0,16600,9273,372,263,5164
2020-08-25,1279,9530,5,0,0,19231,11279,381,294,5181
2020-08-26,1307,9733,5,0,0,16450,8056,374,308,5244
2020-08-27,1261,10072,2,0,0,17037,9043,401,270,5384
2020-08-28,1272,10524,1,0,0,20484,11309,392,303,5462
2020-08-29,851,7574,1,0,0,13036,6291,260,238,3998
2020-08-30,808,6035,0,0,0,11457,5346,201,184,3577
2020-08-31,1162,8867,3,0,0,14675,8216,339,277,4796
2020-09-01,1290,10101,4,0,0,16489,9943,391,309,5605
2020-09-02,1304,9715,8,0,0,19114,9654,451,337,5370
2020-09-03,1261,9426,3,0,0,16940,9159,414,336,5231
2020-09-04,1118,8792,4,0,0,13648,7744,367,302,4906
2020-09-05,828,6791,1,0,0,9477,5774,280,197,3796
2020-09-06,803,7061,2,0,0,15785,9377,266,229,3739
2020-09-07,1171,7111,4,0,0,15345,7735,360,207,4107
2020-09-08,1206,9927,4,0,0,14244,8907,385,274,5218
2020-09-09,1302,11032,3,0,0,16440,9002,477,344,5617
2020-09-10,1237,9216,3,1,4,15429,8190,365,267,5107
2020-09-11,1223,9508,4,0,0,15617,9318,326,257,5202
2020-09-12,772,7600,3,0,0,11848,7424,264,243,4032
2020-09-13,768,7269,1,0,0,13710,6776,311,220,3894
2020-09-14,1265,10207,2,2,12,18769,9853,385,292,5444
2020-09-15,1292,10294,3,0,0,17442,9067,428,305,5469
2020-09-16,1340,10094,4,0,0,18739,9965,388,310,5489
2020-09-17,1233,10637,3,0,0,20393,10792,433,302,5721
2020-09-18,1144,10543,2,0,0,20077,10981,434,314,5467
2020-09-19,735,7236,2,0,0,8882,4485,354,230,3754
2020-09-20,743,6652,3,0,0,14370,7316,278,182,3698
2020-09-21,1263,9901,2,0,0,15872,8611,415,293,5397
2020-09-22,1349,10466,3,0,0,19714,10572,409,312,5673
2020-09-23,1290,10990,4,0,0,20867,11962,454,313,5680
2020-09-24,1250,10090,3,0,0,16041,8332,367,273,5323
2020-09-25,1112,9063,4,0,0,17244,8680,347,241,4966
2020-09-26,780,7075,1,0,0,12034,6522,283,169,3764
2020-09-27,748,7470,0,0,0,14696,8902,273,233,3987
2020-09-28,1099,10155,2,1,29,17397,9169,428,314,5206
2020-09-29,1192,10653,3,0,0,17167,9186,528,298,5509
2020-09-30,1191,9942,5,0,0,18508,10032,438,274,5240
2020-10-01,1199,10636,3,0,0,15154,9613,447,376,5830
2020-10-02,1110,9704,2,0,0,15977,8779,461,343,5315
2020-10-03,746,6608,2,0,0,13001,6135,321,193,3756
2020-10-04,806,6817,1,0,0,13276,6921,288,187,3797
2020-10-05,1197,9009,3,0,0,18333,8539,377,273,5101
2020-10-06,1265,9170,3,0,0,19521,8902,405,304,5228
2020-10-07,1216,9122,4,0,0,15257,8619,373,304,5160
2020-10-08,1230,9832,4,0,0,16586,8742,386,322,5236
2020-10-09,1131,9179,3,1,4,16535,8399,423,251,4980
2020-10-10,797,6411,2,0,0,13358,6090,264,181,3693
2020-10-11,759,6591,0,0,0,13708,7090,274,223,3667
2020-10-12,1203,9521,2,1,4,15175,9273,387,282,5106
2020-10-13,1215,9623,2,0,0,16566,10069,350,298,5282
2020-10-14,1242,10198,4,0,0,18257,9656,385,310,5427
2020-10-15,1316,11342,3,0,0,19366,10975,414,351,5685
2020-10-16,1159,9170,1,0,0,16338,7916,378,300,4929
2020-10-17,743,7548,0,0,0,12309,6751,277,231,4079
2020-10-18,759,6917,2,0,0,13373,6336,267,222,3847
2020-10-19,1273,9023,3,0,0,17062,8428,379,288,5051
2020-10-20,1347,9770,3,0,0,21342,9270,392,307,5426
2020-10-21,1260,8799,3,0,0,17253,8397,376,274,5143
2020-10-22,1308,9734,2,1,4,16617,8732,415,350,5317
2020-10-23,1116,9893,2,0,0,23863,11223,388,286,5270
2020-10-24,803,6350,1,0,0,13114,5576,300,203,3680
2020-10-25,796,7698,2,0,0,14896,8266,273,232,4045
2020-10-26,1247,10452,2,0,0,18422,9554,396,370,5360
2020-10-27,1276,9140,3,0,0,16594,7832,412,292,5176
2020-10-28,1357,10757,2,0,0,20002,10425,394,350,5728
2020-10-29,1352,10648,3,0,0,19079,10429,488,346,5565
2020-10-30,1255,9110,4,0,0,16482,8112,371,303,5115
2020-10-31,824,7490,0,0,0,13250,7073,328,267,3923
2020-11-01,797,6597,2,0,0,12331,5651,268,228,3655
2020-11-02,1293,9935,2,0,0,20969,11348,381,319,5769
2020-11-03,1133,9389,3,0,0,15327,7761,399,325,5185
2020-11-04,949,7988,3,0,0,16398,7058,362,237,4502
2020-11-05,1089,8004,3,0,0,16096,7695,360,281,4656
2020-11-06,980,7818,4,0,0,15091,7083,352,245,4491
2020-11-07,732,8156,3,0,0,14415,9767,406,309,4077
2020-11-08,702,8376,3,0,0,14374,6751,344,259,4073
2020-11-09,1227,9964,5,0,0,18488,9627,395,281,5325
2020-11-10,1271,11116,4,0,0,22350,12151,412,333,5765
2020-11-11,1224,9488,3,1,8,14755,7262,431,298,5222
2020-11-12,1354,11131,3,0,0,19488,11551,447,298,5894
2020-11-13,1233,10728,4,0,0,15608,8700,432,341,5488
2020-11-14,771,7048,1,0,0,13552,6646,282,221,3858
2020-11-15,747,8681,2,3,8,13942,8971,338,291,4445
2020-11-16,1306,11163,2,0,0,22621,9908,408,338,5715
2020-11-17,1395,11408,5,0,0,19065,10738,512,338,5871
2020-11-18,1379,11486,5,0,0,23713,13355,487,384,6026
2020-11-19,1386,10121,4,0,0,18864,8606,421,277,5589
2020-11-20,1201,9506,3,0,0,15025,8618,377,264,5283
2020-11-21,855,6180,3,1,3,10725,5490,252,187,3674
2020-11-22,814,7758,3,1,4,13598,7238,286,237,4199
2020-11-23,1286,9967,3,0,0,18785,9939,433,290,5354
2020-11-24,1330,9626,4,0,0,17650,9343,415,339,5362
2020-11-25,1284,9884,4,0,0,14868,8196,440,319,5297
2020-11-26,1092,7694,4,0,0,14962,7488,360,275,4396
2020-11-27,1012,8288,1,0,0,16716,9065,335,279,4654
2020-11-28,800,7162,2,0,0,13679,6668,287,227,3955
2020-11-29,750,6870,3,0,0,14382,6873,239,190,3934
2020-11-30,1326,9996,3,0,0,16845,8252,387,310,5283
2020-12-01,1478,9595,3,0,0,20111,10543,442,385,5818
2020-12-02,1344,10439,4,2,5,16058,8980,428,361,5869
2020-12-03,1369,12344,3,1,5,20071,12215,447,411,6039
2020-12-04,1219,11565,3,0,0,15684,10393,394,358,5858
2020-12-05,815,8778,1,1,5,13738,8264,330,267,4474
2020-12-06,810,7466,2,0,0,14609,7222,282,224,4132
2020-12-07,1303,10314,2,0,0,19670,11132,432,343,5494
2020-12-08,1526,12365,4,0,0,19077,11496,424,429,6327
2020-12-09,1382,12604,4,0,0,21987,12854,494,402,6208
2020-12-10,1376,11729,4,0,0,18203,9884,441,384,5969
2020-12-11,1256,11676,4,3,7,16473,10798,416,371,5886
2020-12-12,891,8605,2,5,15,14146,7229,354,281,4493
2020-12-13,904,7904,1,0,1,12454,7351,270,261,4249
2020-12-14,1385,11976,1,0,0,21524,11558,485,332,6342
2020-12-15,1427,10575,3,1,3,19961,10881,431,352,5736
2020-12-16,1447,11873,4,0,0,19711,11154,440,361,6248
2020-12-17,1424,10242,5,2,8,21060,9613,427,317,5608
2020-12-18,1283,10142,4,0,0,17013,9049,343,336,5412
2020-12-19,862,8044,2,1,3,12818,7105,304,276,4176
2020-12-20,798,7478,2,0,0,14393,7045,336,240,4059
2020-12-21,1212,9285,2,0,0,18352,9190,462,297,5145
2020-12-22,1291,10329,4,0,0,17016,9703,568,360,5566
2020-12-23,1207,9603,3,0,0,21507,9770,439,290,5314
2020-12-24,929,8174,4,0,0,12575,7377,391,233,4663
2020-12-25,674,6644,3,0,0,14392,6047,309,217,3627
2020-12-26,760,6595,2,0,0,13222,7289,318,207,3787
2020-12-27,844,6940,2,2,12,13818,6018,307,245,3949
2020-12-28,1100,8479,3,0,0,14119,8224,415,275,4657
2020-12-29,1129,10615,3,0,0,18577,9793,509,354,5303
2020-12-30,1047,10177,1,0,0,14873,9671,408,301,5170
2020-12-31,940,10004,1,0,0,17469,10208,423,331,5080
2021-01-01,796,9072,4,0,0,16350,7653,351,302,4551
2021-01-02,863,8363,1,1,4,16458,7746,356,300,4387
2021-01-03,889,7707,1,0,0,17389,7824,308,252,4159
2021-01-04,1293,12212,3,1,7,18906,11209,536,455,6515
2021-01-05,1338,11684,6,0,0,22533,12131,480,371,6164
2021-01-06,1167,10400,5,0,0,19968,10806,536,353,5498
2021-01-07,1163,13633,5,1,7,16870,10997,620,458,6406
2021-01-08,1131,12214,4,0,0,18859,11787,572,399,5664
2021-01-09,999,12749,4,1,4,16104,10417,643,459,5525
2021-01-10,1035,14361,1,0,0,22027,13819,744,545,5799
2021-01-11,1459,16706,3,1,5,24415,15733,913,565,6970
2021-01-12,1530,14203,5,1,4,23366,13702,696,464,6620
2021-01-13,1466,12444,4,0,0,19451,11233,643,403,6278
2021-01-14,1449,13681,3,0,0,21983,12979,634,498,6679
2021-01-15,1408,11979,4,0,0,21745,11447,491,396,6448
2021-01-16,893,7521,4,0,0,13475,5966,303,215,4287
2021-01-17,931,8933,2,0,0,15822,9464,404,282,4642
2021-01-18,1243,10413,4,0,0,17737,10291,540,326,5471
2021-01-19,1354,11111,3,1,6,20837,11581,584,380,5780
2021-01-20,1248,11564,4,0,0,18263,10342,536,352,5846
2021-01-21,1331,11545,5,0,0,21596,10996,501,409,6098
2021-01-22,1232,10318,4,0,0,17040,9825,465,311,5511
2021-01-23,877,8485,4,0,0,13747,7987,364,272,4463
2021-01-24,832,9309,2,0,0,13776,8002,306,282,4629
2021-01-25,1318,11821,4,0,0,23827,12914,487,343,5971
2021-01-26,1417,10363,4,0,0,18602,9496,434,259,5684
2021-01-27,1452,11971,3,1,2,20841,11895,514,369,6079
2021-01-28,1407,13984,3,0,0,26456,11998,599,428,6376
2021-01-29,1282,11869,5,0,0,22206,12662,479,410,5752
2021-01-30,875,8914,3,0,0,13611,7435,353,257,4507
2021-01-31,894,8765,3,0,0,15681,7730,355,278,4419
2021-02-01,1323,10541,4,2,5,19302,11821,486,328,6030
2021-02-02,1461,11519,4,0,0,18163,9959,526,386,6203
2021-02-03,1359,10713,4,1,2,21005,10571,490,334,5734
2021-02-04,1386,8941,4,1,18,15916,8810,507,306,5246
2021-02-05,1301,10184,3,0,0,17785,8871,495,333,5431
2021-02-06,901,7677,4,0,0,13523,7091,356,254,4127
2021-02-07,913,7134,4,0,0,14729,6816,350,227,4002
2021-02-08,1364,11318,3,0,0,23105,12062,520,354,5972
2021-02-09,1470,10671,5,0,0,19327,9251,536,389,5839
2021-02-10,1370,10906,4,0,0,20396,10583,463,322,5819
2021-02-11,1356,11355,3,1,2,19011,10536,429,356,5764
2021-02-12,1139,9734,4,0,0,17125,8863,430,282,5221
2021-02-13,822,7367,4,0,0,12127,6615,322,240,4117
2021-02-14,821,8380,3,0,0,15842,9082,347,256,4212
2021-02-15,1145,10699,4,0,0,16057,9840,466,329,5375
2021-02-16,1270,9965,3,0,0,17563,9985,431,311,5481
2021-02-17,1335,11675,3,0,0,17515,10174,448,368,5897
2021-02-18,1371,12625,3,0,0,22180,13192,491,353,6423
2021-02-19,1264,10835,3,0,0,19818,10825,422,370,5632
2021-02-20,930,8627,3,1,86,15566,7799,354,297,4525
2021-02-21,816,8491,3,0,0,12782,8368,310,231,4238
2021-02-22,1262,12351,4,0,0,19319,12017,502,383,6088
2021-02-23,1269,11181,6,0,0,19256,10502,504,313,5651
2021-02-24,1325,11863,3,0,0,19328,10843,500,367,6035
2021-02-25,1288,10751,3,0,0,19996,9457,411,335,5707
2021-02-26,1135,10174,5,0,0,20511,10348,429,293,5496
2021-02-27,851,7174,4,1,7,11571,6698,304,248,4014
2021-02-28,845,8118,3,0,0,16146,6756,328,231,4295
2021-03-01,1257,10588,5,1,63,17829,11477,459,367,5924
2021-03-02,1397,11356,4,0,0,17423,9835,565,381,6017
2021-03-03,1353,12349,4,0,0,22514,12624,514,409,6203
2021-03-04,1294,12340,5,0,0,21202,13558,485,397,6120
2021-03-05,1207,12344,3,0,0,18640,10042,496,433,5932
2021-03-06,854,6999,5,0,0,10938,5044,280,222,4054
2021-03-07,879,8371,4,0,0,16823,8633,374,308,4344
2021-03-08,1201,11175,3,0,0,17718,11778,479,362,5678
2021-03-09,1344,11408,3,0,0,19377,10225,469,347,5964
2021-03-10,1221,10949,5,0,0,16998,10629,373,320,5843
2021-03-11,1377,10924,4,0,0,20028,10977,400,316,5929
2021-03-12,1173,10665,3,1,4,15147,9450,484,314,5563
2021-03-13,899,8025,5,0,0,14683,7852,342,239,4272
2021-03-14,846,8658,3,0,0,12689,8417,306,272,4339
2021-03-15,1133,9021,4,0,0,16097,9411,457,240,4920
2021-03-16,1366,12439,4,0,0,17958,11390,496,339,6229
2021-03-17,1263,12164,4,0,0,23250,11538,506,388,6136
2021-03-18,1212,9374,4,0,0,17657,8675,395,256,5171
2021-03-19,1208,9273,3,0,0,18408,8907,410,301,5146
2021-03-20,822,6814,4,0,0,12717,6021,313,228,3876
2021-03-21,810,7448,3,0,0,12557,7336,305,206,4039
2021-03-22,1273,12624,4,1,2,19450,12190,538,415,5973
2021-03-23,1328,11383,4,0,0,20863,10946,529,350,5893
2021-03-24,1270,11545,4,0,0,18636,10791,559,388,5891
2021-03-25,1298,11225,3,0,0,20841,11177,466,339,5792
2021-03-26,1154,10033,4,0,0,17720,9450,417,319,5327
2021-03-27,794,7552,4,0,0,11650,5742,380,238,4040
2021-03-28,750,8588,1,0,0,14367,9120,367,251,4283
2021-03-29,1217,12473,2,0,0,21650,12150,507,419,6013
2021-03-30,1296,10893,4,0,0,20707,10759,410,334,5715
2021-03-31,1276,11593,4,0,0,18925,11126,541,332,5984
2021-04-01,1296,11552,4,2,18,15669,9729,462,371,6444
2021-04-02,1109,8260,5,0,0,18068,8853,362,289,4672
2021-04-03,804,7878,5,0,0,12437,6709,305,208,4211
2021-04-04,778,7318,3,0,0,14286,6676,311,253,3883
2021-04-05,1078,11252,3,0,0,21756,11789,465,358,5510
2021-04-06,1184,11315,4,0,0,19839,10266,454,299,5665
2021-04-07,1277,13061,5,0,0,21146,12749,505,386,6337
2021-04-08,1225,10801,4,0,0,18966,9677,509,368,5789
2021-04-09,1218,11142,4,1,4,19795,10453,546,342,5633
2021-04-10,827,7995,5,0,0,12597,6741,331,232,4198
2021-04-11,783,7493,3,0,0,13859,7881,315,241,4016
2021-04-12,1170,10712,5,0,0,17380,10187,463,316,5594
2021-04-13,1322,13313,4,1,4,21859,13750,601,437,6417
2021-04-14,1246,12125,3,0,0,17925,10765,507,358,6116
2021-04-15,1292,11727,5,0,0,20315,11991,476,333,6083
2021-04-16,1123,11548,5,0,0,19405,10599,458,335,5773
2021-04-17,837,7335,3,0,0,13546,6661,338,277,4006
2021-04-18,772,8480,3,0,0,11675,7547,364,305,4286
2021-04-19,1275,10149,4,0,0,19516,10055,538,323,5498
2021-04-20,1352,13037,3,0,0,21313,13172,549,421,6554
2021-04-21,1250,12077,3,1,2,21825,10062,523,354,6125
2021-04-22,1362,11246,3,0,0,19860,10720,539,379,5869
2021-04-23,1101,10026,3,0,0,17394,9695,407,300,5338
2021-04-24,861,7675,4,0,0,14133,6288,406,255,4231
2021-04-25,867,7805,3,0,0,15759,8184,333,231,4249
2021-04-26,1234,10741,3,0,0,20270,12170,475,367,5563
2021-04-27,1318,12472,5,0,0,19327,10655,483,396,6178
2021-04-28,1183,10851,4,0,0,20457,10133,443,374,5693
2021-04-29,1222,11384,4,0,0,18232,10817,449,368,5812
2021-04-30,1148,11726,4,1,10,19655,12584,403,358,5752
2021-05-01,818,9011,3,0,0,14230,8133,348,283,4467
2021-05-02,756,8371,4,0,0,14445,7335,289,245,4369
2021-05-03,1237,10997,3,0,0,17943,10367,506,400,5983
2021-05-04,1300,10634,4,0,0,19700,11196,513,381,5777
2021-05-05,1285,11769,3,0,0,20155,9983,481,354,5960
2021-05-06,1339,11515,3,1,2,19456,11698,477,370,5934
2021-05-07,1108,10776,4,0,0,16036,9719,437,369,5436
2021-05-08,847,8845,4,0,0,14410,8253,364,276,4476
2021-05-09,790,8356,3,0,0,14492,8327,314,306,4147
2021-05-10,1154,10262,3,0,0,15413,8900,433,270,5385
2021-05-11,1250,11349,3,0,0,18573,11065,452,382,5813
2021-05-12,1259,10332,4,0,0,19232,10124,459,283,5515
2021-05-13,1275,11044,4,0,0,19072,10876,483,361,5653
2021-05-14,1142,10768,4,0,0,17638,9001,418,341,5439
2021-05-15,781,8304,4,0,0,13966,8398,353,226,4366
2021-05-16,746,7693,2,0,0,13922,7979,310,260,4135
2021-05-17,1200,10131,3,0,0,17273,8965,450,309,5437
2021-05-18,1309,11762,5,0,0,22230,11257,524,359,6079
2021-05-19,1226,11762,3,0,0,22066,12081,480,399,5936
2021-05-20,1209,11861,3,0,0,16110,10531,456,353,6042
2021-05-21,1172,11386,3,0,0,19567,12036,500,353,5684
2021-05-22,762,8999,2,0,0,12235,6734,343,299,4580
2021-05-23,782,7652,3,0,0,15630,7390,325,262,4028
2021-05-24,1141,10242,4,0,0,18397,10197,497,303,5264
2021-05-25,1258,12020,5,0,0,20006,11738,488,403,5995
2021-05-26,1246,11981,5,1,3,22504,11749,445,382,5984
2021-05-27,1245,11212,5,0,0,18908,10679,452,362,5814
2021-05-28,1143,10639,5,0,0,16551,9059,409,305,5407
2021-05-29,710,6699,5,0,0,13932,6533,250,205,3801
2021-05-30,743,8197,3,0,0,14367,8656,282,265,4221
2021-05-31,1063,10060,3,0,0,14312,8578,429,319,4929
2021-06-01,1194,12408,4,0,0,19545,13895,459,387,6578
2021-06-02,1212,11256,4,0,0,20121,10609,504,364,5922
2021-06-03,1229,12181,5,0,0,17912,10921,587,376,5951
2021-06-04,1205,10422,3,0,0,22264,9761,641,353,5373
2021-06-05,840,8033,4,0,0,12908,6052,384,252,4204
2021-06-06,743,7341,2,0,0,15777,7348,312,229,3957
2021-06-07,1209,10177,3,0,0,23690,10474,435,376,5491
2021-06-08,1391,12296,3,0,0,23052,11831,536,397,6334
2021-06-09,1152,11235,4,0,0,16128,10255,397,340,5590
2021-06-10,1197,11437,3,0,0,19870,11433,393,351,5890
2021-06-11,1093,11219,5,0,0,18843,12114,408,342,5579
2021-06-12,724,7799,3,0,0,12597,5649,269,242,4018
2021-06-13,668,8632,4,0,0,13840,8069,334,293,4225
2021-06-14,1166,10899,4,0,0,18284,11296,464,309,5510
2021-06-15,1264,12015,3,0,0,19350,11469,447,334,6001
2021-06-16,1245,10419,3,1,2,18814,9719,412,340,5485
2021-06-17,1194,9779,3,0,0,19393,10101,407,304,5331
2021-06-18,1012,9596,5,0,0,14451,8171,364,268,5197
2021-06-19,774,8494,4,0,0,14329,8124,343,290,4309
2021-06-20,667,8523,3,0,0,13458,7168,297,292,4325
2021-06-21,1119,10122,3,0,0,19273,10506,397,332,5176
2021-06-22,1277,11529,5,0,0,20026,11730,464,351,5832
2021-06-23,1298,11875,4,1,2,18735,10381,532,368,5687
2021-06-24,1237,12059,5,0,0,20085,11774,494,413,5938
2021-06-25,1062,11152,3,0,0,17993,10201,415,310,5604
2021-06-26,713,8742,3,0,0,16808,8703,321,234,4394
2021-06-27,727,8741,3,0,0,15262,8277,323,246,4351
2021-06-28,1109,12146,3,0,0,16852,10860,512,369,5807
2021-06-29,1210,12238,5,0,0,21418,12099,448,346,5978
2021-06-30,1169,10392,4,0,0,19154,8455,389,294,5515
2021-07-01,1177,10291,4,0,0,18122,10817,438,376,5673
2021-07-02,1035,10801,3,0,0,17105,9851,429,291,5440
2021-07-03,699,7108,3,0,0,11923,6539,260,222,3791
2021-07-04,677,6846,4,1,5,13504,6197,252,228,3615
2021-07-05,917,8452,3,0,0,15618,8761,362,247,4444
2021-07-06,1096,11791,4,0,0,20599,12046,454,312,5679
2021-07-07,1113,10148,4,0,0,16828,8422,471,316,5280
2021-07-08,1149,10743,4,1,5,19325,11446,424,289,5312
2021-07-09,1000,9760,3,0,0,16071,8316,370,237,5069
2021-07-10,696,6839,4,0,0,12432,6783,269,203,3770
2021-07-11,663,7529,4,0,0,13206,7671,308,227,3923
2021-07-12,1042,9846,3,0,0,16620,8835,473,280,5149
2021-07-13,1095,10141,4,1,2,16901,10652,488,318,5230
2021-07-14,1139,11113,4,1,3,16812,9568,430,291,5760
2021-07-15,1104,10510,4,0,0,20861,11074,467,343,5443
2021-07-16,1003,9912,4,0,0,16332,8565,451,307,5100
2021-07-17,697,6546,4,0,0,10388,5273,282,197,3622
2021-07-18,706,7381,5,0,0,15106,7729,296,235,3855
2021-07-19,1093,9702,4,0,0,18576,8684,451,293,5084
2021-07-20,1063,11004,4,0,0,17117,11073,417,322,5449
2021-07-21,1115,11832,3,0,1,18587,11377,443,333,5700
2021-07-22,1151,10943,3,1,8,17905,11026,540,304,5551
2021-07-23,1018,10305,4,0,0,15285,8780,385,289,5180
2021-07-24,662,7644,3,0,0,13475,7145,239,230,3888
2021-07-25,703,7933,4,0,0,14855,7865,332,252,3964
2021-07-26,1121,11822,3,0,0,18347,11833,475,346,5518
2021-07-27,1152,10807,5,0,0,18596,9420,488,304,5453
2021-07-28,1159,11066,4,2,19,17621,11235,493,296,5626
2021-07-29,1134,10588,5,1,6,18300,9491,518,293,5447
2021-07-30,1024,9876,4,1,2,18410,10031,412,290,5106
2021-07-31,740,7863,3,0,0,13586,7507,389,233,4001
2021-08-01,692,8258,4,0,0,11826,7173,305,235,4134
2021-08-02,1076,11694,5,0,0,19486,12834,459,324,6141
2021-08-03,1161,10340,4,0,0,18534,11264,461,317,5482
2021-08-04,1129,11131,5,0,0,13537,8309,545,343,5528
2021-08-05,1064,12519,4,1,4,19757,11255,491,374,5782
2021-08-06,1015,11606,4,0,0,20246,11265,537,355,5461
2021-08-07,705,8028,4,1,6,12318,6059,368,261,3920
2021-08-08,686,7666,4,0,0,17374,8372,275,236,3967
2021-08-09,1074,11344,4,0,0,21259,11583,459,335,5394
2021-08-10,1151,11376,5,0,0,18476,10232,452,334,5727
2021-08-11,1119,12371,4,0,0,18445,12283,520,381,5924
2021-08-12,1166,12435,4,0,0,20025,11487,500,345,5969
2021-08-13,976,11949,4,0,0,17769,11010,525,374,5443
2021-08-14,674,7957,3,0,0,13230,7522,336,251,3978
2021-08-15,746,7943,4,0,0,13890,7204,290,233,4130
2021-08-16,1061,9698,3,0,0,19107,10029,440,296,5068
2021-08-17,1138,10590,5,0,0,19110,9642,495,257,5450
2021-08-18,1137,11408,4,0,0,20569,10758,477,355,5438
2021-08-19,1158,10890,5,0,0,20293,11507,434,335,5344
2021-08-20,1061,10872,4,0,0,16156,8895,428,361,5311
2021-08-21,789,8167,4,0,0,14833,7411,318,254,4063
2021-08-22,744,8448,5,0,0,14789,8766,329,239,4179
2021-08-23,1053,11616,4,0,0,19234,11075,547,364,5586
2021-08-24,1203,11722,4,0,0,23015,12737,509,369,5781
2021-08-25,1130,11131,4,0,0,17442,10218,467,302,5555
2021-08-26,1119,12684,4,0,0,17542,11117,495,365,6013
2021-08-27,1120,10553,4,0,0,17735,9198,452,334,5405
2021-08-28,675,7709,5,0,0,12547,7022,321,255,4022
2021-08-29,743,8190,4,0,0,14681,7749,375,241,4093
2021-08-30,1092,9703,4,0,0,16183,9154,483,285,5128
2021-08-31,1120,11513,4,1,5,20926,11617,501,313,5834
2021-09-01,1134,10855,5,0,0,17603,11142,450,353,6078
2021-09-02,1185,10625,5,0,0,18403,10077,497,334,5606
2021-09-03,996,10879,4,0,0,17115,9564,430,342,5340
2021-09-04,696,9051,4,0,0,14794,8488,398,327,4401
2021-09-05,705,7687,5,0,0,15631,7149,304,253,3980
2021-09-06,939,9527,4,0,0,17932,10083,413,264,4744
2021-09-07,1077,10803,5,0,0,19941,10226,510,346,5412
2021-09-08,1178,12045,4,0,0,16185,10253,481,408,5842
2021-09-09,1139,10491,3,0,0,20124,11240,432,341,5273
2021-09-10,1118,10896,4,0,0,17337,9002,460,336,5341
2021-09-11,715,8345,4,0,0,16101,8340,378,267,4336
2021-09-12,731,8331,3,1,3,13357,7592,384,275,4191
2021-09-13,1154,10955,4,1,2,21384,11644,533,307,5538
2021-09-14,1206,13562,3,0,0,20621,13083,591,421,6354
2021-09-15,1187,11660,4,0,0,17356,9599,506,345,5767
2021-09-16,1153,12155,5,0,0,24868,12138,527,342,5836
2021-09-17,1163,11633,3,0,0,17008,9885,478,340,5838
2021-09-18,765,7477,4,0,0,14573,7939,331,235,4040
2021-09-19,702,7911,4,0,0,13706,7722,307,239,4036
2021-09-20,1032,10421,3,0,0,17474,9428,440,255,5329
2021-09-21,1209,9790,4,0,0,19176,9582,456,253,5363
2021-09-22,1129,10914,4,0,0,21487,10838,467,312,5550
2021-09-23,1245,12236,3,0,0,18820,11342,519,327,6092
2021-09-24,1056,10943,4,0,0,21030,10393,453,315,5540
2021-09-25,629,7442,3,0,0,9464,5479,316,224,3939
2021-09-26,660,7874,4,0,0,15310,7835,363,261,3994
2021-09-27,1058,10853,5,0,0,17094,10058,485,312,5458
2021-09-28,1150,10041,5,1,4,21915,9946,480,289,5493
2021-09-29,1112,11598,5,0,0,18673,11981,468,304,5584
2021-09-30,1098,10071,4,0,0,17242,8637,403,267,5294
2021-10-01,1146,10801,4,0,0,13720,8680,453,404,5746
2021-10-02,731,7837,4,0,0,13186,7413,293,281,4005
2021-10-03,720,7594,5,0,0,8640,4352,265,208,3907
2021-10-04,1143,11139,4,0,0,20380,8796,547,401,5848
2021-10-05,1129,12281,5,0,0,22074,11066,527,378,5969
2021-10-06,1181,11441,5,0,0,22383,11025,500,340,6013
2021-10-07,1181,12541,4,0,0,19012,11794,464,351,6097
2021-10-08,961,10860,5,0,0,14659,8477,418,314,5358
2021-10-09,709,8127,4,0,0,11543,5176,335,266,4254
2021-10-10,726,7896,4,0,0,13540,7189,328,226,4016
2021-10-11,1094,10292,3,0,0,21607,10720,485,330,5282
2021-10-12,1224,10914,3,0,0,20981,10447,471,331,5615
2021-10-13,1204,11168,5,0,0,17094,9552,461,333,5634
2021-10-14,1158,11809,4,0,0,21143,13414,417,345,5884
2021-10-15,1037,11440,3,1,4,15405,8173,408,354,5354
2021-10-16,782,7468,5,1,2,14120,7901,328,204,3909
2021-10-17,649,7469,4,0,0,14440,7410,278,238,3962
2021-10-18,1044,11487,4,1,10,19395,11734,417,314,5629
2021-10-19,1175,10690,5,0,0,18931,10285,428,312,5426
2021-10-20,1161,12080,5,0,0,18287,11440,525,335,5777
2021-10-21,1203,12625,5,0,0,18808,10863,579,412,6029
2021-10-22,1118,10863,4,0,0,16589,9910,457,300,5306
2021-10-23,742,8534,4,0,0,15889,7771,372,274,4350
2021-10-24,729,8788,4,0,0,18819,9106,344,277,4361
2021-10-25,1136,10563,4,1,2,18745,10442,447,292,5418
2021-10-26,1198,11988,5,0,0,19303,10681,483,371,5901
2021-10-27,1184,11487,4,0,0,18080,10888,434,302,5784
2021-10-28,1147,11785,5,1,2,20693,11515,417,369,5715
2021-10-29,1054,10154,4,0,0,17196,9466,390,299,5228
2021-10-30,715,7737,4,0,0,12264,7089,267,178,3985
2021-10-31,680,7714,5,0,0,14249,7564,301,235,3973
2021-11-01,1117,12237,5,2,6,19572,13609,476,421,6428
2021-11-02,1143,13053,5,0,0,22217,12006,499,401,6512
2021-11-03,1113,11760,5,0,0,16268,9823,511,344,5863
2021-11-04,1133,10653,5,0,0,18143,10603,419,295,5502
2021-11-05,1095,10993,5,0,0,17731,10503,462,333,5535
2021-11-06,641,8376,5,0,0,12913,7966,295,223,4239
2021-11-07,710,9046,5,0,0,14264,8789,271,259,4410
2021-11-08,1040,10140,5,0,0,18763,9344,462,265,5292
2021-11-09,1157,12089,4,0,0,21870,12492,490,345,5960
2021-11-10,1156,12249,5,0,0,20030,11420,481,334,6024
2021-11-11,1042,11135,4,0,0,16487,9276,497,341,5543
2021-11-12,1092,10045,5,0,0,16949,9374,449,253,5262
2021-11-13,760,7530,5,0,0,12748,6744,403,213,4055
2021-11-14,801,6903,4,0,0,12360,7667,403,218,3932
2021-11-15,1053,11667,5,0,0,17422,10731,525,318,5636
2021-11-16,1228,11914,5,0,0,20034,11268,450,381,5800
2021-11-17,1257,11401,3,0,0,23793,11683,468,302,5919
2021-11-18,1235,10461,4,0,0,17086,8738,507,337,5408
2021-11-19,1174,10852,4,0,0,16841,10401,489,285,5441
2021-11-20,780,7907,5,0,0,14092,7591,419,222,4190
2021-11-21,695,7429,5,0,0,13402,7531,335,212,4033
2021-11-22,1100,10925,5,0,0,17550,10642,588,312,5609
2021-11-23,1145,11024,4,0,0,18685,10818,567,335,5685
2021-11-24,1041,10405,5,0,0,15685,8588,507,293,5353
2021-11-25,866,8644,5,0,0,16172,8375,463,264,4647
2021-11-26,814,8584,4,0,0,14679,9393,445,259,4528
2021-11-27,672,8544,4,0,0,11239,6050,343,256,4453
2021-11-28,655,9130,1,0,0,14467,9830,341,283,4615
2021-11-29,1065,11321,5,0,0,18723,9888,514,294,5731
2021-11-30,1217,10764,4,0,0,20845,10415,459,328,5478
2021-12-01,1314,10434,3,0,0,18269,10213,529,356,5890
2021-12-02,1178,12838,4,0,0,19038,12888,581,345,6163
2021-12-03,1110,11291,3,0,0,20312,10247,531,342,5696
2021-12-04,782,7497,5,0,0,13012,6391,334,232,4039
2021-12-05,693,8441,4,0,0,13090,7829,379,252,4188
2021-12-06,1144,11711,4,0,0,20111,10958,504,353,5819
2021-12-07,1231,11081,5,0,0,18227,9965,544,295,5821
2021-12-08,1242,11207,4,0,0,19870,11665,607,335,5654
2021-12-09,1166,11426,4,0,0,20729,11425,491,368,5768
2021-12-10,1032,11110,5,1,4,17014,9079,558,280,5606
2021-12-11,714,7822,3,0,0,11692,7289,334,243,4146
2021-12-12,764,8721,2,0,0,15527,8787,403,258,4385
2021-12-13,1063,10308,4,0,0,18410,9932,464,288,5297
2021-12-14,1228,12313,4,1,2,18770,11396,528,400,6007
2021-12-15,1141,12044,5,0,0,19856,10144,549,344,5843
2021-12-16,1140,11483,5,0,0,21052,12019,465,308,5876
2021-12-17,1060,13027,4,0,0,22747,12919,643,380,6251
2021-12-18,752,9392,3,0,0,13094,7606,431,262,4772
2021-12-19,736,9231,3,0,0,13599,8939,418,269,4469
2021-12-20,1056,11089,5,0,0,20290,11093,456,283,5653
2021-12-21,1096,10470,5,0,0,16104,9359,496,254,5419
2021-12-22,1139,12231,5,0,0,19345,11968,523,330,5843
2021-12-23,937,10109,3,0,0,17538,9976,427,265,5082
2021-12-24,757,10114,3,0,0,16915,9740,364,260,5215
2021-12-25,579,8725,4,0,0,16330,8198,335,212,4317
2021-12-26,626,8657,3,0,0,13139,8073,343,212,4303
2021-12-27,834,10072,2,0,0,16460,10511,412,283,4976
2021-12-28,915,10462,2,0,0,17727,9773,417,295,5100
2021-12-29,968,10901,6,1,3,15646,9863,403,303,5248
2021-12-30,924,10485,3,0,0,16516,9762,474,270,5140
2021-12-31,819,9900,2,0,0,15506,8616,376,270,4857
2022-01-01,709,9612,1,4,12,15575,9009,403,326,4696
2022-01-02,783,10552,0,1,4,19107,10279,352,291,4994
2022-01-03,1046,12292,2,4,22,20926,12018,455,436,6169
2022-01-04,1237,12675,3,1,3,21721,13901,496,373,6406
2022-01-05,1282,12953,2,2,8,19155,10880,516,388,6320
2022-01-06,1198,14270,5,1,3,19571,13411,535,358,6645
2022-01-07,1181,13019,2,0,0,23033,11710,427,375,6067
2022-01-08,877,10411,2,2,12,17597,10525,358,317,5017
2022-01-09,865,9884,2,1,2,16896,9378,402,263,4914
2022-01-10,1221,14954,3,0,0,24282,15182,552,434,6881
2022-01-11,1271,14008,4,1,2,21029,13292,615,406,6528
2022-01-12,1299,13098,3,2,15,19397,12257,524,373,6467
2022-01-13,1233,12824,4,0,0,19256,11041,432,391,6352
2022-01-14,1139,12223,5,2,17,18093,9930,420,389,6190
2022-01-15,848,8767,1,0,0,17002,8291,359,233,4646
2022-01-16,786,9233,1,0,0,13822,8709,399,297,4692
2022-01-17,1131,10225,2,0,0,18813,10809,416,302,5290
2022-01-18,1294,13523,4,1,14,24459,13007,542,371,6393
2022-01-19,1291,13006,3,4,18,18006,12428,513,371,6555
2022-01-20,1364,13564,3,0,0,20722,12479,530,396,6679
2022-01-21,1218,13134,5,1,6,22613,13046,464,369,6328
2022-01-22,814,9755,3,0,0,13764,8129,428,288,4835
2022-01-23,811,9052,3,0,0,14843,8594,325,249,4635
2022-01-24,1268,12632,5,1,3,20973,11787,523,350,6305
2022-01-25,1356,12585,3,0,0,21934,12344,506,366,6349
2022-01-26,1354,12743,4,0,0,21211,14873,510,375,6290
2022-01-27,1297,13548,4,2,9,18622,10195,586,433,6330
2022-01-28,1247,12115,4,1,5,20889,11028,517,354,6019
2022-01-29,860,8896,5,0,0,16193,9479,361,264,4530
2022-01-30,796,9876,3,0,0,13519,9052,320,306,4725
2022-01-31,1251,12767,3,1,3,19334,10713,538,375,6260
2022-02-01,1360,13551,4,0,0,22135,14302,518,439,7044
2022-02-02,1275,13346,3,0,0,22344,12735,513,424,6642
2022-02-03,1257,13364,3,1,8,22969,14697,496,369,6473
2022-02-04,1128,13081,3,1,253,16422,10227,484,373,6195
2022-02-05,821,11562,4,1,2,15653,10434,454,351,5439
2022-02-06,790,9926,3,1,4,15495,9072,342,273,5053
2022-02-07,1252,13579,4,4,19,20724,12581,514,369,6580
2022-02-08,1243,12082,4,0,0,18895,11428,476,361,6201
2022-02-09,1247,12747,4,0,0,20950,12768,505,372,6249
2022-02-10,1154,12927,4,1,7,18160,12335,415,333,6303
2022-02-11,1167,12646,4,1,4,17999,10650,463,373,6306
2022-02-12,786,8326,5,0,0,13677,7312,299,253,4393
2022-02-13,794,8479,3,0,0,14295,7839,292,246,4490
2022-02-14,1111,12417,4,0,0,22584,13393,554,401,5996
2022-02-15,1217,12981,5,0,0,27053,13244,487,368,6416
2022-02-16,1248,11685,4,3,10,18250,10993,481,319,5910
2022-02-17,1169,11704,5,1,3,16483,9194,450,310,5902
2022-02-18,1097,11301,4,2,5,18638,10866,479,340,5659
2022-02-19,781,8091,3,0,0,15965,9031,369,245,4212
2022-02-20,710,7982,2,0,0,15486,7298,356,259,4208
2022-02-21,1002,10921,4,0,0,17233,10324,483,293,5383
2022-02-22,1134,12092,3,0,0,20852,11192,512,343,6023
2022-02-23,1196,11659,5,0,0,16512,9617,444,316,5820
2022-02-24,1181,12401,5,0,0,23487,13076,623,403,5753
2022-02-25,1035,10796,2,1,3,17569,8864,500,316,5118
2022-02-26,846,8748,2,1,3,16449,8431,396,286,4209
2022-02-27,911,9836,2,0,0,19103,9739,335,299,4594
2022-02-28,1299,11466,3,1,2,22509,11810,540,325,5664
2022-03-01,1348,13343,5,2,26,21089,11925,647,489,6662
2022-03-02,1338,12160,4,1,5,20920,12362,530,393,6211
2022-03-03,1142,12361,5,0,0,17832,10462,487,341,5960
2022-03-04,1214,12292,4,2,5,20720,12702,474,374,5911
2022-03-05,823,10214,4,2,9,14580,9126,413,312,4638
2022-03-06,829,8360,3,0,0,16546,7416,325,300,4241
2022-03-07,1163,11233,3,0,0,19182,10480,417,321,5552
2022-03-08,1277,12920,4,0,0,22377,14170,521,400,6111
2022-03-09,1332,11135,4,1,9,20819,10514,494,347,5725
2022-03-10,1281,11435,2,0,0,19775,11384,446,340,5947
2022-03-11,1130,12171,3,1,4,18004,10402,441,344,5957
2022-03-12,759,7983,2,0,0,13238,7202,328,223,4213
2022-03-13,781,9878,1,0,0,15329,8808,307,260,4696
2022-03-14,1143,11903,1,0,0,21154,12137,496,333,5878
2022-03-15,1209,12260,3,0,0,18872,11120,430,354,6006
2022-03-16,1251,10969,3,0,0,18614,10823,416,350,5519
2022-03-17,1222,10185,4,1,6,17284,8964,439,314,5405
2022-03-18,1195,10853,5,0,0,19778,11887,426,337,5610
2022-03-19,800,8644,4,0,0,13287,7617,300,277,4455
2022-03-20,745,8726,4,0,0,14175,9164,316,256,4423
2022-03-21,1142,11977,3,1,2,17127,10029,464,354,5845
2022-03-22,1186,10694,4,1,4,19726,10348,439,333,5664
2022-03-23,1120,10763,4,2,6,20054,10049,357,391,5480
2022-03-24,1158,10874,4,0,0,18247,10825,487,318,5584
2022-03-25,1007,9971,3,0,0,16048,8202,382,263,5268
2022-03-26,722,7632,1,1,2,14168,7794,326,236,4040
2022-03-27,717,8245,1,0,0,15165,8703,272,259,4274
2022-03-28,1021,10596,1,0,0,16440,9579,442,343,5343
2022-03-29,1143,11724,3,0,0,19095,10929,457,374,5754
2022-03-30,1199,11180,3,0,0,22071,12826,407,332,5759
2022-03-31,1117,10253,4,0,0,15853,8460,392,255,5271
2022-04-01,1063,9839,4,0,0,16681,9161,366,317,5483
2022-04-02,685,7524,2,0,0,11748,6388,268,244,4052
2022-04-03,717,8283,3,4,237,15130,8024,287,287,4230
2022-04-04,1040,10494,2,0,0,19468,10484,411,300,5414
2022-04-05,1181,11975,3,0,0,17971,10790,435,369,6000
2022-04-06,1106,11165,3,0,0,17850,10917,435,348,5936
2022-04-07,1165,11617,5,2,6,18595,11242,416,341,6247
2022-04-08,1056,11071,4,0,0,16817,10266,363,309,5676
2022-04-09,728,8646,4,1,2,12457,7141,298,298,4369
2022-04-10,716,8993,3,0,0,12682,8689,295,297,4428
2022-04-11,1043,12756,3,1,3,20051,13779,419,360,6000
2022-04-12,1176,11655,4,0,0,20067,11510,475,341,5963
2022-04-13,1188,10982,4,1,3,18813,10566,472,306,5788
2022-04-14,1025,12196,5,0,0,16599,11200,490,377,5977
2022-04-15,935,11502,4,0,0,17651,12516,379,312,5456
2022-04-16,740,8945,2,0,0,12141,6158,300,275,4467
2022-04-17,684,7889,4,0,0,14806,8659,305,270,4096
2022-04-18,1020,11476,3,0,0,19895,11591,425,330,5493
2022-04-19,1191,11540,4,1,4,18506,10712,454,330,5707
2022-04-20,1206,12382,4,0,0,18561,11370,505,352,6126
2022-04-21,1128,10939,3,0,0,19199,11011,454,305,5645
2022-04-22,1022,12103,4,0,0,14494,10612,490,353,5896
2022-04-23,748,9372,4,0,0,12936,8130,369,278,4580
2022-04-24,726,8767,3,0,0,13976,8183,293,248,4283
2022-04-25,1163,11837,4,1,5,18729,11922,477,377,5789
2022-04-26,1108,11130,4,1,7,18795,10393,451,331,5636
2022-04-27,1115,11497,3,0,0,18400,10929,386,341,5839
2022-04-28,1223,11202,6,0,0,18246,11173,420,297,5658
2022-04-29,1053,11195,5,1,3,16802,11253,384,297,5530
2022-04-30,727,8007,1,0,0,14334,7879,280,226,4233
2022-05-01,723,8470,3,0,0,15303,8150,247,220,4309
2022-05-02,1063,11692,3,0,0,16137,10978,406,334,6130
2022-05-03,1123,11418,4,0,0,18690,10463,464,328,5761
2022-05-04,1189,11134,3,1,5,21317,10563,435,333,5912
2022-05-05,1106,10960,3,0,0,18215,9176,399,317,5680
2022-05-06,993,10219,3,1,4,18784,11656,364,303,5408
2022-05-07,750,8236,4,0,0,13100,7430,307,254,4327
2022-05-08,714,8613,2,1,4,11884,7329,322,275,4308
2022-05-09,1153,11226,3,0,0,19164,11549,438,328,5742
2022-05-10,1114,11534,3,0,0,17152,9563,407,287,5795
2022-05-11,1197,12182,4,0,0,20727,11321,495,371,5992
2022-05-12,1142,12831,4,0,0,20679,12549,459,372,6148
2022-05-13,1113,11117,4,1,7,15811,9881,407,364,5592
2022-05-14,758,9366,2,0,0,15152,9552,357,297,4566
2022-05-15,768,7720,3,0,0,15217,8128,297,212,4049
2022-05-16,1137,10913,3,1,3,17156,10046,412,309,5707
2022-05-17,1232,11952,3,0,0,18806,11003,457,326,6034
2022-05-18,1217,10216,4,0,0,19418,10190,436,330,5478
2022-05-19,1162,11514,3,1,7,21074,10680,441,368,5822
2022-05-20,1099,11147,4,0,0,20600,11630,398,327,5530
2022-05-21,727,8689,4,0,0,14574,8757,329,288,4321
2022-05-22,756,9836,4,1,3,11031,7313,308,272,4653
2022-05-23,1169,11142,1,0,0,17762,10347,442,351,5452
2022-05-24,1200,11438,3,0,0,19347,11358,465,347,5875
2022-05-25,1156,12343,3,0,0,21343,14003,448,379,6180
2022-05-26,1102,11100,4,0,0,15399,8429,508,314,5549
2022-05-27,1019,10569,2,2,9,14885,9224,451,349,5324
2022-05-28,792,7858,3,0,0,14579,8350,294,259,4101
2022-05-29,708,8421,1,0,0,12640,7234,272,296,4147
2022-05-30,1029,9741,3,0,0,17529,10159,424,350,4977
2022-05-31,1135,10391,0,0,0,17770,9761,387,306,5481
2022-06-01,1276,12009,2,1,4,18077,11517,432,424,6432
2022-06-02,1224,11328,5,1,5,20891,11677,482,424,5821
2022-06-03,1061,12033,4,0,0,14732,10138,429,370,5685
2022-06-04,743,10366,2,0,0,15129,8931,362,346,4997
2022-06-05,774,8747,4,0,0,14546,8642,276,302,4524
2022-06-06,1083,11074,2,0,0,18652,10980,436,310,5496
2022-06-07,1162,12262,3,1,3,16533,11048,468,360,5936
2022-06-08,1265,13205,2,0,0,21234,13580,560,422,6211
2022-06-09,1157,11249,2,0,0,16649,10636,423,341,5748
2022-06-10,1071,11132,2,0,0,16616,9194,427,296,5616
2022-06-11,761,8301,3,0,0,13605,8515,358,269,4290
2022-06-12,732,8971,1,1,5,13997,8280,295,338,4537
2022-06-13,1092,12667,2,0,0,19608,12410,516,425,5846
2022-06-14,1226,13141,2,0,0,20523,12759,508,381,6205
2022-06-15,1257,12162,3,0,0,16507,11382,542,354,5835
2022-06-16,1187,10281,3,0,0,20128,10360,496,373,5465
2022-06-17,1114,12448,2,1,5,16865,11086,516,461,5714
2022-06-18,761,8105,1,1,2,13123,8556,316,339,4163
2022-06-19,669,9187,3,0,0,12387,8092,341,275,4422
2022-06-20,1120,12038,1,0,0,19692,11509,420,327,5812
2022-06-21,1193,11411,3,0,0,19378,10780,407,305,5892
2022-06-22,1140,11790,3,0,0,16514,10942,413,330,5751
2022-06-23,1252,11816,2,0,0,18721,11174,412,293,5925
2022-06-24,1066,13419,2,3,12,19470,13863,530,370,6020
2022-06-25,714,8046,3,0,0,11385,7057,294,230,4143
2022-06-26,657,8787,1,0,0,12351,9234,316,238,4303
2022-06-27,1141,12099,2,1,6,17048,11125,493,286,5919
2022-06-28,1224,10997,5,0,0,17666,10735,479,307,5621
2022-06-29,1197,11311,4,0,0,15845,9152,411,329,5708
2022-06-30,1223,11897,2,0,0,16686,12048,459,316,5742
2022-07-01,1189,13068,3,0,0,20017,13252,411,392,6314
2022-07-02,751,8310,3,0,0,11831,8235,298,216,4400
2022-07-03,680,7717,3,0,0,11962,6458,310,210,4103
2022-07-04,877,9983,1,0,0,13792,8907,370,249,4984
2022-07-05,1041,11237,2,0,0,20118,11237,363,284,5462
2022-07-06,1185,12016,4,0,0,18192,11499,456,332,5901
2022-07-07,1122,11755,3,0,0,18566,10265,460,354,5881
2022-07-08,620,7771,4,0,0,12896,8612,300,251,4049
2022-07-09,859,9945,3,2,15,18837,10271,289,283,4853
2022-07-10,721,9354,1,0,0,14554,8813,355,290,4488
2022-07-11,1150,12092,1,0,0,16679,10380,475,378,5903
2022-07-12,1179,12372,2,0,0,20834,11590,437,368,6055
2022-07-13,1171,11710,4,0,0,18981,11683,407,322,5988
2022-07-14,1256,11315,4,1,3,19238,10933,409,342,5813
2022-07-15,1117,10044,5,0,0,14995,8502,438,339,5135
2022-07-16,707,8345,2,0,0,11587,7781,287,211,4199
2022-07-17,734,9061,2,0,0,13829,9106,356,338,4374
2022-07-18,1114,11758,3,0,0,19584,11591,491,360,5758
2022-07-19,1198,12629,3,0,0,19565,11308,477,402,6102
2022-07-20,1202,13297,2,0,0,20613,13416,438,376,6192
2022-07-21,1176,11557,4,0,0,22485,11623,462,354,5711
2022-07-22,1036,10768,3,1,17,13996,9372,423,325,5563
2022-07-23,694,9486,4,0,0,12717,8931,372,297,4631
2022-07-24,737,9503,2,0,0,15724,8549,399,290,4478
2022-07-25,1097,12415,1,0,0,17200,11912,403,358,5885
2022-07-26,1219,11722,2,0,0,19606,11302,485,353,5769
2022-07-27,1291,11900,2,0,0,15679,10953,451,322,6120
2022-07-28,1124,11693,2,0,0,19438,11373,401,344,5889
2022-07-29,1119,10380,3,0,0,18264,10560,359,271,5508
2022-07-30,758,7827,3,0,0,11267,6696,313,281,4115
2022-07-31,711,7792,3,0,0,15278,8974,264,235,3979
2022-08-01,1233,12331,1,0,0,18382,11688,491,402,6241
2022-08-02,1188,11031,2,0,0,17044,9827,513,340,5821
2022-08-03,1223,10688,3,0,0,16778,8440,392,315,5651
2022-08-04,1182,10842,4,0,0,16928,11022,425,296,5657
2022-08-05,1065,12443,3,0,0,18933,12373,400,373,5982
2022-08-06,793,8509,5,0,0,12757,7182,356,247,4318
2022-08-07,771,7667,4,2,7,13723,8569,288,232,4126
2022-08-08,1112,10332,1,0,0,15740,8681,441,303,5253
2022-08-09,1138,12569,3,0,0,18528,12713,427,427,6036
2022-08-10,1143,12549,4,2,11,19741,13057,400,451,6033
2022-08-11,1150,12156,2,0,0,17701,10974,456,404,5846
2022-08-12,1069,11042,0,0,0,16648,10502,418,330,5667
2022-08-13,679,8850,3,0,0,13745,8946,322,296,4415
2022-08-14,717,8688,2,0,0,11560,7235,251,254,4379
2022-08-15,1106,11929,2,0,0,18221,11528,455,391,5845
2022-08-16,1160,12111,2,0,0,17968,11136,463,357,6049
2022-08-17,1142,11641,1,1,2,22240,13443,445,318,5872
2022-08-18,1092,11701,3,0,0,18382,10786,457,346,5906
2022-08-19,1116,10202,2,0,0,15525,9455,398,334,5264
2022-08-20,682,7960,4,0,0,12162,6331,286,265,4178
2022-08-21,670,8871,3,0,0,12217,7811,376,295,4360
2022-08-22,1080,12043,2,0,0,19348,11319,518,379,5948
2022-08-23,1158,13236,3,0,0,22003,14634,534,414,6255
2022-08-24,1152,13108,4,1,4,17011,11888,1197,356,6454
2022-08-25,1228,12867,3,0,0,18384,10148,546,383,6300
2022-08-26,1119,11394,1,1,8,17816,11462,392,362,5671
2022-08-27,747,9542,2,0,0,11056,8109,326,275,4552
2022-08-28,692,8268,1,0,0,15244,8366,272,208,4163
2022-08-29,1102,10566,3,0,0,17865,9864,467,333,5383
2022-08-30,1113,10524,3,0,0,17690,10564,474,326,5428
2022-08-31,1230,11989,1,1,9,18208,11814,542,340,5773
2022-09-01,1150,13868,4,1,7,17595,12587,498,430,6690
2022-09-02,1135,10988,2,0,0,18030,9846,412,293,5661
2022-09-03,730,10051,4,0,0,13429,9433,492,296,4669
2022-09-04,732,10339,3,0,0,16568,9681,486,361,4718
2022-09-05,951,11004,1,0,0,14980,10954,502,349,5173
2022-09-06,1276,12521,2,0,0,18551,10760,529,379,6180
2022-09-07,1201,13126,2,0,0,18920,13374,531,410,6307
2022-09-08,1228,13394,3,0,0,20437,11611,637,456,6323
2022-09-09,1039,11605,2,0,0,16073,10549,465,360,5723
2022-09-10,762,8496,3,0,0,14012,8023,283,252,4311
2022-09-11,711,8127,1,0,0,13369,7602,307,206,4501
2022-09-12,1178,13406,2,0,0,20187,14332,462,407,6284
2022-09-13,1267,11381,3,1,2,16697,9369,456,311,5776
2022-09-14,1222,12280,4,0,0,20588,13011,419,356,6196
2022-09-15,1144,13835,3,0,0,21345,12214,533,413,6475
2022-09-16,1117,12259,3,1,7,18139,10974,461,328,6086
2022-09-17,740,8620,4,0,0,12605,8744,332,266,4401
2022-09-18,699,9052,3,1,2,14964,9159,298,280,4606
2022-09-19,1119,12040,2,0,0,21126,11215,521,360,5809
2022-09-20,1186,12368,0,0,0,19820,11756,489,314,5994
2022-09-21,1243,12607,2,0,0,22734,13513,517,346,6114
2022-09-22,1105,11883,3,0,0,16964,10547,453,331,5895
2022-09-23,1102,11168,3,0,0,19074,9668,406,284,5698
2022-09-24,754,8463,3,0,0,12997,8028,303,225,4467
2022-09-25,694,9378,2,1,4,14641,9426,361,222,4522
2022-09-26,1155,11256,0,0,0,19230,10846,460,341,5607
2022-09-27,1210,11309,3,1,10,18757,10534,473,312,5661
2022-09-28,1170,10806,3,0,0,16185,9417,448,281,5580
2022-09-29,1205,13102,3,0,0,23294,14160,480,372,6261
2022-09-30,1072,12176,3,0,0,18873,11648,484,353,5802
2022-10-01,790,8262,4,0,0,16093,9016,284,270,4220
2022-10-02,813,9585,3,0,0,13953,9818,332,275,4563
2022-10-03,1095,12396,4,0,0,17800,10066,444,399,6212
2022-10-04,1245,12502,0,1,2,21223,13782,532,401,6220
2022-10-05,1175,12587,0,1,4,16216,9425,414,398,6096
2022-10-06,1165,11864,2,0,0,16441,11044,435,329,5777
2022-10-07,1052,11628,3,0,0,18045,11530,423,358,5721
2022-10-08,712,7993,2,0,0,12717,7110,305,259,4147
2022-10-09,738,8554,2,1,14,13798,8471,336,263,4247
2022-10-10,991,10363,2,0,0,16474,9645,477,263,5225
2022-10-11,1237,11817,4,0,0,17821,12296,496,347,6010
2022-10-12,1109,13424,3,0,0,17939,12079,497,361,6214
2022-10-13,1186,11442,3,2,6,17569,10360,417,367,5764
2022-10-14,1113,11036,1,0,0,16815,9660,474,356,5602
2022-10-15,827,8764,3,0,0,14458,7490,416,294,4275
2022-10-16,734,7813,3,1,3,14300,7354,358,246,4080
2022-10-17,1072,11795,1,0,0,20498,12297,575,367,5654
2022-10-18,1195,13287,3,1,10,20300,12236,565,389,6258
2022-10-19,1129,12459,2,0,1,18537,11939,476,356,6243
2022-10-20,1309,11842,4,0,0,23793,12289,536,369,5850
2022-10-21,1102,10643,5,1,3,14120,9615,464,350,5329
2022-10-22,795,8291,0,0,0,12034,7152,396,271,4063
2022-10-23,727,7470,2,0,0,12105,6726,392,244,3984
2022-10-24,1156,11674,0,1,3,19745,11966,466,321,5877
2022-10-25,1215,12316,1,1,5,19615,11234,506,393,6232
2022-10-26,1227,12182,2,1,2,18911,12195,425,385,5962
2022-10-27,1222,13198,4,0,0,20197,11834,436,408,6259
2022-10-28,1174,12661,1,0,0,18327,11684,549,437,5840
2022-10-29,789,8874,3,0,0,17328,10581,318,293,4440
2022-10-30,778,10394,3,0,0,13023,7852,349,377,4765
2022-10-31,1138,13597,2,0,0,18035,12867,522,445,6166
2022-11-01,1212,13265,2,0,0,20559,13616,513,426,6621
2022-11-02,1195,13866,2,1,5,17355,12334,525,424,6552
2022-11-03,1185,13870,2,1,8,20502,12900,429,404,6548
2022-11-04,1206,14941,3,1,5,18885,13991,420,491,6601
2022-11-05,883,10448,0,3,28,15944,9717,293,350,4989
2022-11-06,788,11068,2,0,0,17476,11260,315,343,5174
2022-11-07,1168,14011,3,0,0,21816,12847,482,490,6402
2022-11-08,1182,10420,2,0,0,19553,9695,345,358,5562
2022-11-09,1163,12994,1,0,0,21524,13124,410,415,6248
2022-11-10,1246,14167,3,0,0,20394,13632,455,498,6628
2022-11-11,1162,11781,3,0,0,17562,9635,382,387,5773
2022-11-12,834,9253,2,0,0,13745,7949,295,348,4501
2022-11-13,854,9310,3,0,0,17167,9929,291,315,4617
2022-11-14,1309,13248,4,0,0,20157,12990,489,405,6291
2022-11-15,1419,12349,4,1,3,22702,11780,449,489,6167
2022-11-16,1348,14503,3,1,2,21351,14529,465,474,6904
2022-11-17,1307,13618,2,0,0,17818,11110,452,447,6600
2022-11-18,1170,15828,3,2,5,23967,17232,500,490,7022
2022-11-19,815,10795,1,0,0,14920,8736,388,374,5162
2022-11-20,924,9606,2,0,0,18956,10701,382,294,4804
2022-11-21,1205,11806,0,0,0,15006,9019,371,350,5997
2022-11-22,1286,12004,3,2,9,21192,11815,441,361,6028
2022-11-23,1177,11677,2,0,0,20367,10855,413,367,5801
2022-11-24,1022,10405,1,0,0,15796,8336,341,321,5276
2022-11-25,921,9843,0,1,7,8231,4216,330,324,5036
2022-11-26,761,9264,1,0,0,1535,337,253,300,4643
2022-11-27,865,9001,1,0,0,1741,429,257,205,4569
2022-11-28,1347,12034,2,2,26,2671,464,411,255,5959
2022-11-29,1322,12055,2,0,0,2965,555,344,266,6080
2022-11-30,1479,13347,3,2,6,3345,668,354,344,6554
2022-12-01,1319,13554,2,0,0,2841,793,362,328,6756
2022-12-02,1241,12498,2,0,0,2315,370,344,254,6140
2022-12-03,827,9395,0,0,0,1558,241,251,278,4660
2022-12-04,850,9726,2,0,0,1691,317,278,224,4933
2022-12-05,1335,12949,0,0,0,2780,627,413,273,6292
2022-12-06,1302,13722,3,0,0,2582,513,423,310,6531
2022-12-07,1278,11910,4,0,0,2738,582,413,286,5995
2022-12-08,1246,12130,3,1,4,2314,395,412,332,6109
2022-12-09,1122,11418,1,1,5,2224,416,366,274,5667
2022-12-10,792,9411,1,1,2,1603,362,276,241,4618
2022-12-11,851,9763,2,0,0,1576,327,297,237,4883
2022-12-12,1132,12153,2,0,0,2781,654,386,303,6087
2022-12-13,1259,14477,3,1,3,3082,697,412,366,6793
2022-12-14,1219,13441,3,0,0,2582,553,397,346,6473
2022-12-15,1338,13446,3,0,0,2952,736,423,319,6477
2022-12-16,1283,13460,2,0,0,3625,798,397,318,6359
2022-12-17,817,10347,0,1,2,1827,227,275,273,4865
2022-12-18,807,11631,2,0,0,3106,1091,328,275,5301
2022-12-19,1174,12395,0,0,0,2693,555,408,266,6319
2022-12-20,1304,13762,2,1,7,2725,541,458,287,6564
2022-12-21,1258,11982,1,0,0,2588,483,372,266,5815
2022-12-22,1192,11417,1,0,0,2330,354,365,227,5580
2022-12-23,1072,10426,1,0,0,2326,455,348,276,5238
2022-12-24,698,9631,1,0,0,1392,213,241,241,4757
2022-12-25,599,9783,1,1,2,1293,241,275,242,4715
2022-12-26,822,9515,1,0,0,1638,251,299,271,4748
2022-12-27,921,11377,1,1,3,2087,422,321,356,5471
2022-12-28,1012,11050,0,0,0,1973,339,316,332,5502
2022-12-29,973,11105,3,0,0,2278,669,386,290,5475
2022-12-30,927,10882,0,1,9,1889,419,339,321,5160
2022-12-31,755,9623,0,0,0,1518,254,278,301,4679
2023-01-01,706,9756,2,1,18,1495,326,232,267,4730
2023-01-02,948,11980,0,0,0,1889,437,343,353,5827
2023-01-03,1177,13158,1,3,25,2764,705,387,376,6401
2023-01-04,1215,12661,2,2,17,2272,455,386,398,6094
2023-01-05,1259,13737,0,1,14,3176,747,417,412,6402
2023-01-06,1090,13207,3,0,0,2022,376,349,387,6313
2023-01-07,921,10306,2,0,0,1685,315,287,260,5144
2023-01-08,900,9448,2,0,0,1676,322,264,320,4728
2023-01-09,1191,12294,2,1,4,2523,568,331,364,6116
2023-01-10,1380,13442,3,1,33,3044,1000,405,403,6648
2023-01-11,1295,12396,2,0,0,2673,647,432,379,6220
2023-01-12,1294,13833,4,0,0,2660,546,406,432,6707
2023-01-13,1201,12301,0,0,0,2496,456,370,322,6216
2023-01-14,845,8866,1,0,0,1590,294,237,277,4637
2023-01-15,844,8822,2,0,0,1825,384,297,249,4601
2023-01-16,1128,11063,1,1,5,2001,345,362,266,5591
2023-01-17,1256,12763,2,0,0,2558,621,423,330,6323
2023-01-18,1306,12254,2,0,0,2670,607,432,317,6246
2023-01-19,1261,11213,4,0,0,2515,376,363,332,6086
2023-01-20,1197,13396,3,1,6,2566,594,404,388,6487
2023-01-21,905,9400,1,0,0,1948,464,297,277,4739
2023-01-22,841,10521,2,0,0,1615,291,274,302,5056
2023-01-23,1235,11951,2,0,0,2424,431,379,302,6062
2023-01-24,1315,14103,4,1,4,2801,571,394,394,6640
2023-01-25,1266,12281,2,0,0,2716,521,409,309,6159
2023-01-26,1318,13295,2,1,4,2910,745,446,317,6502
2023-01-27,1223,11602,1,0,0,2348,490,402,274,6181
2023-01-28,839,8961,0,0,0,1528,354,306,211,4740
2023-01-29,885,9920,1,0,0,1747,390,313,215,5088
2023-01-30,1289,13151,2,1,5,2340,543,396,341,6477
2023-01-31,1346,14225,2,0,0,2826,690,399,314,6744
2023-02-01,1321,14498,2,0,0,3011,702,466,388,7125
2023-02-02,1301,13766,2,0,0,2758,613,464,348,6722
2023-02-03,1314,13137,3,0,0,2676,678,472,368,6347
2023-02-04,918,9320,2,0,0,1543,269,267,261,4810
2023-02-05,840,10539,2,0,0,1656,478,320,290,4989
2023-02-06,1217,13890,2,0,0,2804,702,422,369,6613
2023-02-07,1277,14110,3,0,0,2600,580,441,399,6695
2023-02-08,1257,14487,1,0,0,2391,525,451,463,6623
2023-02-09,1283,14630,3,1,9,2674,482,423,424,6938
2023-02-10,1136,13093,3,0,0,2364,561,420,348,6238
2023-02-11,885,9100,0,1,5,1654,295,296,263,4747
2023-02-12,902,9773,2,0,0,2118,436,300,225,4783
2023-02-13,1194,13109,2,0,0,3082,872,418,346,6347
2023-02-14,1168,13989,1,0,0,2943,888,457,403,6515
2023-02-15,1201,13556,0,0,0,2653,537,425,358,6425
2023-02-16,1197,14542,1,0,0,3009,926,426,495,6676
2023-02-17,1153,12498,3,1,3,2467,621,367,338,6114
2023-02-18,837,9321,1,0,0,1711,376,287,271,4780
2023-02-19,847,9907,0,0,0,1649,307,316,312,4810
2023-02-20,1063,10250,2,0,0,2107,409,432,233,5214
2023-02-21,1298,13660,3,0,0,2903,812,515,351,6600
2023-02-22,1201,14131,1,0,0,3007,950,464,324,6649
2023-02-23,1299,12395,2,0,0,2700,690,505,296,6149
2023-02-24,1135,12196,3,2,13,2307,555,382,286,5891
2023-02-25,778,8897,1,0,0,1344,231,269,197,4664
2023-02-26,787,8629,1,0,0,1692,321,263,208,4502
2023-02-27,1205,11456,3,0,0,2598,540,532,253,5839
2023-02-28,1288,11560,3,0,0,2845,591,462,274,6025
2023-03-01,1262,12092,3,1,6,2729,569,410,289,6476
2023-03-02,1241,12452,3,0,0,2436,472,395,315,6175
2023-03-03,1104,11660,2,1,2,2487,515,369,283,5832
2023-03-04,821,8260,3,0,0,1391,326,285,207,4339
2023-03-05,756,9131,1,0,0,1644,462,253,224,4470
2023-03-06,1225,12754,2,0,0,2710,762,466,296,6153
2023-03-07,1280,12267,4,0,0,2787,550,392,294,6080
2023-03-08,1263,11954,2,0,0,2462,429,413,256,5994
2023-03-09,1321,10785,3,1,6,2594,470,400,277,5719
2023-03-10,1279,13185,3,1,7,3131,752,413,351,6365
2023-03-11,952,10107,2,0,0,2173,820,306,280,4871
2023-03-12,936,13310,0,1,5,2331,669,383,375,5457
2023-03-13,1237,15383,3,2,10,2846,851,475,407,6836
2023-03-14,1318,14978,5,0,0,3619,1007,434,400,6955
2023-03-15,1312,13560,3,0,0,2971,774,452,362,6462
2023-03-16,1362,12948,0,1,4,3247,722,408,328,6419
2023-03-17,1277,12493,2,1,2,2715,693,384,310,6234
2023-03-18,907,9022,0,1,5,1703,313,260,234,4610
2023-03-19,938,9769,1,0,0,2053,430,302,263,4863
2023-03-20,1238,14186,3,0,0,2921,714,416,372,6492
2023-03-21,1315,12617,3,0,0,2536,520,423,334,6363
2023-03-22,1339,12784,1,0,0,2797,598,464,284,6453
2023-03-23,1270,13169,4,2,7,3012,702,429,330,6420
2023-03-24,1293,12775,1,0,0,2663,877,428,284,6337
2023-03-25,912,10647,2,0,0,2073,519,357,266,5183
2023-03-26,899,11247,2,0,0,1942,390,329,284,5210
2023-03-27,1214,11778,3,0,0,2476,576,417,291,6007
2023-03-28,1160,12351,3,0,0,2600,631,386,301,5983
2023-03-29,745,7338,2,0,0,1742,413,212,194,3956
2023-03-30,1367,13391,3,0,0,2774,595,456,332,6475
2023-03-31,1317,13550,3,0,0,3014,712,489,321,6471
2023-04-01,940,9132,0,0,0,1648,304,357,258,4617
2023-04-02,861,10346,2,0,0,1496,285,316,258,5013
2023-04-03,1274,15091,3,1,2,2552,580,442,307,7169
2023-04-04,1282,12942,3,4,23,2841,547,451,301,6503
2023-04-05,1205,13510,2,0,0,3188,721,488,344,6402
2023-04-06,1252,12743,3,0,0,2718,678,461,286,6164
2023-04-07,1171,11331,4,0,0,2537,512,386,272,5582
2023-04-08,868,9161,2,0,0,1835,334,287,244,4625
2023-04-09,824,7972,2,0,0,1784,299,313,219,4186
2023-04-10,1072,10194,3,0,0,2069,408,465,251,5261
2023-04-11,1260,13124,2,0,0,2947,723,452,335,6350
2023-04-12,1317,14164,2,1,2,2843,578,498,329,6641
2023-04-13,1253,13669,2,1,7,2720,725,593,314,6417
2023-04-14,1183,11285,2,0,0,2431,532,457,255,5713
2023-04-15,872,8658,1,0,0,1710,332,318,213,4525
2023-04-16,855,8519,1,0,0,1566,288,413,216,4354
2023-04-17,1194,11746,4,1,7,2231,457,568,311,5795
2023-04-18,1347,12650,2,0,0,2685,570,586,291,6277
2023-04-19,1269,11217,2,0,0,2445,584,438,266,5810
2023-04-20,1286,12060,4,0,0,2712,644,390,290,5851
2023-04-21,1240,12404,3,0,0,2487,432,425,282,6055
2023-04-22,806,9337,1,0,0,1580,345,256,212,4645
2023-04-23,790,9180,0,2,11,1717,451,350,205,4505
2023-04-24,1212,11601,2,0,0,2744,472,516,280,5803
2023-04-25,1293,12098,2,0,0,2531,536,561,300,5962
2023-04-26,1278,11967,3,0,0,2656,573,571,253,5921
2023-04-27,1188,13218,3,0,0,2811,679,536,286,6426
2023-04-28,1165,11443,3,0,0,2498,517,570,261,5987
2023-04-29,837,8979,0,2,20,1544,271,404,224,4640
2023-04-30,805,8364,1,0,0,1410,273,342,177,4343
2023-05-01,1184,12238,3,0,0,2558,578,421,311,6024
2023-05-02,1279,13502,1,0,0,2671,544,508,321,6454
2023-05-03,1330,12210,3,0,0,3088,548,737,267,6069
2023-05-04,1254,12934,2,0,0,3012,636,567,310,6251
2023-05-05,1109,11725,2,2,0,2053,460,619,304,5821
2023-05-06,795,9120,3,0,0,1401,244,854,188,4721
2023-05-07,790,9409,0,0,0,1318,216,887,197,4791
2023-05-08,1139,10648,1,0,0,2429,633,429,250,5430
2023-05-09,1261,12076,1,0,0,2763,616,404,269,5956
2023-05-10,1236,12138,2,0,0,2420,449,477,284,6070
2023-05-11,1249,13451,3,0,0,2742,694,432,318,6471
2023-05-12,1184,12727,1,1,0,2717,715,423,287,6230
2023-05-13,794,9222,1,0,0,1616,333,338,224,4480
2023-05-14,770,7674,1,0,0,1476,295,297,189,4015
2023-05-15,1204,12440,3,0,0,2715,693,485,324,6031
2023-05-16,1296,11964,4,0,0,2637,581,458,274,6101
2023-05-17,1320,11913,3,0,0,2778,607,502,283,6165
2023-05-18,1237,12030,0,4,0,2531,553,425,282,5942
2023-05-19,1161,10904,1,3,16,2320,562,432,224,5549
2023-05-20,781,7750,2,0,0,1368,300,286,198,4043
2023-05-21,820,8263,2,1,9,1653,323,287,184,4272
2023-05-22,1166,11182,0,0,0,2348,668,426,253,5613
2023-05-23,1274,12752,3,0,0,2874,692,473,273,6223
2023-05-24,1327,11822,2,2,11,2550,489,467,262,6042
2023-05-25,1266,11218,2,1,12,2666,636,417,251,5795
2023-05-26,1166,11598,0,1,4,2505,542,436,270,5764
2023-05-27,782,8063,0,0,0,1372,217,269,167,4142
2023-05-28,763,8534,0,0,0,1351,251,337,211,4328
2023-05-29,980,9550,1,0,0,1714,266,419,209,4771
2023-05-30,1194,12044,2,0,0,2933,687,442,309,5804
2023-05-31,1218,12019,2,0,0,3000,729,379,289,5982
2023-06-01,1251,11732,2,0,0,2601,655,375,277,6163
2023-06-02,1187,11979,4,1,4,2532,612,378,281,6074
2023-06-03,884,8458,3,0,0,1602,361,268,234,4375
2023-06-04,760,8244,1,0,0,1722,325,254,190,4236
2023-06-05,1199,14200,0,0,0,3689,1218,400,396,6543
2023-06-06,1266,13392,3,0,0,2600,546,460,315,6304
2023-06-07,1294,13189,3,1,6,3010,728,427,292,6269
2023-06-08,1250,14480,4,0,0,2552,638,428,347,6641
2023-06-09,1164,13703,0,0,0,2522,629,367,336,6368
2023-06-10,781,9788,2,0,0,1780,345,297,221,4685
2023-06-11,788,9586,1,0,0,1603,375,302,207,4663
2023-06-12,669,7412,0,0,0,1667,557,286,156,4141
2023-06-13,1213,13055,1,0,0,3483,993,416,283,6460
2023-06-14,1310,13883,1,0,0,3011,770,509,320,6746
2023-06-15,1318,12897,3,1,6,3310,1102,525,318,6428
2023-06-16,1219,15507,2,0,0,3373,1014,490,365,6908
2023-06-17,909,9441,4,0,0,1811,423,356,221,4878
2023-06-18,783,8979,0,0,0,1817,330,498,208,4549
2023-06-19,1149,11036,0,0,0,2173,413,550,265,5638
2023-06-20,1257,13196,2,0,0,2728,555,428,314,6408
2023-06-21,1240,12698,2,0,0,2837,538,499,301,6377
2023-06-22,1270,13195,3,0,0,2654,457,443,289,6386
2023-06-23,1158,11747,1,0,0,2492,532,415,294,5851
2023-06-24,708,9255,1,0,0,1785,360,307,251,4450
2023-06-25,721,9385,0,0,0,1568,357,242,165,4651
2023-06-26,1166,12262,1,1,15,2251,514,386,269,5991
2023-06-27,1281,11669,3,0,0,2624,675,476,296,6090
2023-06-28,1179,12841,3,0,0,2249,454,426,276,6213
2023-06-29,1260,12809,1,0,0,2984,649,385,318,6364
2023-06-30,1139,14635,1,0,0,3223,1037,561,308,6675
2023-07-01,887,11342,2,0,0,2021,420,470,296,5442
2023-07-02,757,9696,1,0,0,1794,462,408,252,4767
2023-07-03,1051,12267,1,0,0,2093,611,603,245,6129
2023-07-04,1013,12538,1,0,0,1925,338,558,266,6580
2023-07-05,1186,13762,2,1,3,2726,538,620,273,6910
2023-07-06,1226,14799,2,1,5,2859,837,637,311,7132
2023-07-07,1103,13642,3,0,0,2301,579,634,301,6694
2023-07-08,802,9308,0,0,0,1575,422,455,218,4744
2023-07-09,767,9602,0,0,0,1583,393,477,205,4777
2023-07-10,1204,13162,3,0,0,2809,619,657,264,6471
2023-07-11,1340,12632,2,0,0,2752,539,641,259,6368
2023-07-12,1242,13313,2,0,0,2821,707,649,298,6408
2023-07-13,1247,13088,2,1,6,2748,638,577,284,6366
2023-07-14,1152,12733,0,0,0,2369,546,983,291,6277
2023-07-15,830,9576,1,0,0,1645,418,893,225,4897
2023-07-16,828,9716,0,0,0,1449,280,634,186,5001
2023-07-17,1260,11962,2,0,0,2466,480,782,224,6043
2023-07-18,1301,13377,3,0,0,3080,725,673,296,6523
2023-07-19,1278,13344,2,0,0,3105,725,458,316,6419
2023-07-20,1263,11905,2,0,0,2742,548,433,291,6007
2023-07-21,1109,12124,1,0,0,2343,485,375,261,5954
2023-07-22,759,8731,0,1,10,1236,188,284,208,4506
2023-07-23,781,9348,0,0,0,1510,370,313,225,4625
2023-07-24,1192,13325,1,0,0,2815,770,443,285,6345
2023-07-25,1284,14156,2,1,4,4751,543,412,312,6729
2023-07-26,1254,14222,3,1,3,2806,684,477,335,6599
2023-07-27,1247,13501,4,0,0,2643,546,443,316,6326
2023-07-28,1226,12132,3,0,0,2265,474,405,265,5899
2023-07-29,918,10171,2,0,0,1700,314,374,238,4777
2023-07-30,853,10307,2,0,0,1724,305,310,236,4862
2023-07-31,1101,12088,2,0,0,2711,712,376,228,5844
2023-08-01,1258,13142,3,0,0,2970,755,429,314,6532
2023-08-02,1237,13281,1,0,0,2971,667,472,310,6447
2023-08-03,1207,12933,2,0,0,2798,776,402,321,6324
2023-08-04,1104,12577,3,1,7,2242,398,393,289,6015
2023-08-05,750,9285,1,0,0,1500,313,248,230,4682
2023-08-06,829,9944,0,0,0,1724,327,247,233,4848
2023-08-07,1168,13137,2,1,5,2458,541,389,314,6311
2023-08-08,1260,13173,3,0,0,2693,582,412,286,6349
2023-08-09,1273,11653,3,0,0,2773,635,390,264,5981
2023-08-10,1231,12033,2,1,6,2540,552,433,255,6030
2023-08-11,1152,10971,2,0,0,2411,450,306,249,5578
2023-08-12,749,9021,4,0,0,1275,234,259,196,4476
2023-08-13,887,9692,3,0,0,1750,316,271,260,4761
2023-08-14,1150,11328,2,0,0,2426,544,382,325,5692
2023-08-15,1204,11347,2,0,0,3048,577,370,345,5670
2023-08-16,1197,13279,1,0,0,2701,780,473,332,6247
2023-08-17,1195,13221,1,0,0,2573,654,382,341,6435
2023-08-18,1195,12656,1,0,0,2345,573,342,335,5931
2023-08-19,821,9966,2,1,2,1810,423,280,330,4796
2023-08-20,852,8607,1,0,0,1673,323,304,219,4412
2023-08-21,1198,11512,0,2,47,2448,507,380,243,5722
2023-08-22,1249,12015,4,0,0,2374,435,423,304,6021
2023-08-23,1210,12063,2,0,0,2900,732,410,382,6083
2023-08-24,1160,11417,0,1,11,2260,434,347,296,5593
2023-08-25,1103,11308,1,0,0,2382,538,414,327,5622
2023-08-26,802,8666,4,0,0,1321,243,249,340,4392
2023-08-27,781,9094,2,0,0,1603,391,314,270,4641
2023-08-28,1107,12773,2,0,0,2323,567,429,348,6057
2023-08-29,1343,12629,3,1,3,3026,722,427,426,6191
2023-08-30,1291,13596,4,0,0,2614,508,531,402,6287
2023-08-31,1254,13067,3,2,7,2722,734,446,339,6296
2023-09-01,1140,11116,2,0,0,2345,592,421,308,5881
2023-09-02,826,8270,2,0,0,1653,303,326,295,4406
2023-09-03,815,8440,2,3,30,1557,329,271,264,4262
2023-09-04,990,9524,2,0,3,1724,384,361,362,4893
2023-09-05,1259,11871,3,0,0,2711,806,384,305,5825
2023-09-06,1323,12178,1,0,0,2623,572,427,463,6004
2023-09-07,1288,13027,0,0,0,2603,528,461,325,6377
2023-09-08,1155,12226,2,0,0,2304,452,393,261,6061
2023-09-09,793,9915,3,0,0,1766,426,293,216,4836
2023-09-10,824,8885,1,0,0,1476,212,295,264,4398
2023-09-11,1253,12730,1,0,0,2521,607,473,403,6085
2023-09-12,1357,13690,4,0,0,2870,882,420,373,6621
2023-09-13,1270,11526,3,0,0,2526,421,432,347,5882
2023-09-14,1249,11929,2,2,4,2495,476,397,332,5943
2023-09-15,1139,12934,3,0,0,2472,614,443,428,6205
2023-09-16,814,8709,3,0,0,1439,241,299,214,4404
2023-09-17,784,9744,1,1,7,1598,288,324,348,4552
2023-09-18,1218,12030,1,0,0,2641,737,439,380,5852
2023-09-19,1359,13454,2,0,0,2707,563,470,375,6303
2023-09-20,1267,11599,3,0,0,2532,565,392,325,5846
2023-09-21,1211,13222,1,0,0,2553,528,405,325,6334
2023-09-22,1141,12032,0,0,0,2382,456,374,343,6061
2023-09-23,839,8616,3,0,0,1542,308,268,284,4473
2023-09-24,815,8685,0,0,0,1891,369,279,244,4397
2023-09-25,1257,12873,4,0,0,2763,633,426,325,6221
2023-09-26,1297,13873,2,0,0,2787,590,428,428,6546
2023-09-27,1253,14355,1,0,0,2641,738,429,391,6713
2023-09-28,1342,12942,1,0,0,2743,582,394,415,6325
2023-09-29,1142,12772,2,0,0,2222,421,754,333,6261
2023-09-30,846,8738,2,0,0,1432,246,292,250,4448
2023-10-01,868,10232,0,0,0,1655,400,303,265,4847
2023-10-02,1223,12610,1,0,0,2369,518,422,321,6371
2023-10-03,1314,11686,2,0,0,2626,776,460,269,6261
2023-10-04,1299,12812,3,1,3,2711,604,449,314,6360
2023-10-05,1351,11040,3,0,0,2383,569,380,295,5591
2023-10-06,1135,10929,1,0,0,2479,594,369,286,5600
2023-10-07,809,7964,3,0,0,1430,265,302,242,4178
2023-10-08,763,8117,0,0,0,1306,180,229,238,4162
2023-10-09,1022,10397,1,0,0,2274,437,352,275,5230
2023-10-10,1197,11129,3,0,0,2183,411,388,283,5689
2023-10-11,1206,11363,3,0,0,2381,505,354,298,5676
2023-10-12,1201,11571,4,0,0,2404,461,389,276,6041
2023-10-13,1079,11030,5,0,0,2183,438,344,250,5586
2023-10-14,792,7753,4,0,0,1406,318,287,196,4120
2023-10-15,796,8276,4,0,0,1648,354,279,176,4345
2023-10-16,1114,12641,4,1,5,2435,675,335,320,6051
2023-10-17,1285,13525,4,0,0,3035,837,454,373,6315
2023-10-18,1259,11965,3,0,0,2641,572,396,315,6155
2023-10-19,1246,12717,4,0,0,2626,612,414,402,6415
2023-10-20,1078,11272,3,0,0,2265,448,386,288,5728
2023-10-21,809,7975,3,1,4,1478,254,234,250,4211
2023-10-22,707,7792,0,0,0,1230,223,239,238,4119
2023-10-23,1170,11914,1,0,0,2509,585,364,348,5852
2023-10-24,1262,12870,1,0,0,2957,479,461,311,6199
2023-10-25,1147,11345,1,1,9,2398,536,339,253,5767
2023-10-26,1151,12050,0,2,6,2149,371,342,290,5905
2023-10-27,1124,11153,1,0,0,2529,650,362,269,5613
2023-10-28,756,8341,2,0,0,1378,264,259,216,4183
2023-10-29,773,8690,3,0,0,1523,327,253,206,4451
2023-10-30,1128,12506,1,0,0,2409,625,387,329,6041
2023-10-31,1200,13961,2,1,4,2916,919,394,301,6389
2023-11-01,1273,12859,2,2,10,2762,757,404,275,6484
2023-11-02,1166,13837,4,1,6,2708,653,381,360,6558
2023-11-03,1119,13291,3,0,0,2382,608,351,378,6255
2023-11-04,765,9141,3,0,0,1722,358,262,259,4580
2023-11-05,802,9744,3,1,2,1522,317,228,232,4773
2023-11-06,1046,12932,1,0,0,2518,660,358,329,6091
2023-11-07,1298,12464,2,0,0,2733,494,394,383,6126
2023-11-08,1263,12837,1,0,0,2654,514,416,407,6302
2023-11-09,1249,12800,1,0,0,3013,774,471,407,6393
2023-11-10,1171,11857,2,0,0,2575,760,367,318,5776
2023-11-11,806,8833,5,0,0,1680,309,232,240,4606
2023-11-12,788,8788,2,0,0,1491,298,236,225,4511
2023-11-13,1119,10442,1,1,2,2178,411,344,313,5474
2023-11-14,1278,13230,4,0,0,2906,830,442,398,6417
2023-11-15,1213,11279,3,0,0,2436,666,375,293,5642
2023-11-16,1274,11963,1,0,0,2403,533,375,358,5906
2023-11-17,1122,14009,2,1,2,2883,709,403,363,6552
2023-11-18,860,12970,3,0,0,2830,793,423,443,5482
2023-11-19,839,12778,2,0,0,1972,460,366,400,5546
2023-11-20,657,8864,0,0,0,2541,900,348,288,4383
2023-11-21,1194,11625,2,0,0,3108,667,358,336,5789
2023-11-22,1212,13356,1,1,2,2867,732,453,386,6276
2023-11-23,1067,11066,1,0,0,2266,543,378,381,5490
2023-11-24,998,9497,3,1,5,1809,276,355,277,4875
2023-11-25,847,7354,3,1,4,1397,253,355,243,4050
2023-11-26,792,7669,3,1,34,1726,393,278,245,4200
2023-11-27,1203,12648,2,0,5,3187,631,392,323,6209
2023-11-28,1294,11754,3,0,0,3091,791,475,368,5937
2023-11-29,1300,12451,4,0,0,3238,654,487,356,6251
2023-11-30,1348,12418,1,0,0,2970,608,543,452,6266
2023-12-01,1170,12049,1,0,0,2168,394,425,343,6214
2023-12-02,778,8374,3,0,0,1443,340,295,281,4588
2023-12-03,880,7708,2,1,13,1699,306,292,242,4251
2023-12-04,1150,11843,1,0,1,2457,458,391,312,5973
2023-12-05,1254,12282,3,0,0,2594,514,422,314,6118
2023-12-06,1231,11208,2,0,0,2515,540,396,317,5730
2023-12-07,1233,11146,2,0,0,2415,364,374,285,5663
2023-12-08,1136,11892,3,0,0,2101,438,422,260,5788
2023-12-09,832,10056,4,0,0,1600,323,309,278,4790
2023-12-10,762,7935,3,0,0,1362,259,252,201,4259
2023-12-11,1183,9754,2,0,0,2315,651,390,304,5225
2023-12-12,1163,12208,1,0,0,2668,622,384,362,5843
2023-12-13,1278,14025,3,1,6,2779,565,428,374,6562
2023-12-14,1257,11918,3,0,0,2815,554,364,297,5913
2023-12-15,1084,10006,3,0,0,2046,482,332,308,5320
2023-12-16,821,7809,3,1,5,1400,228,263,286,4105
2023-12-17,716,7934,3,0,0,1439,280,241,233,4100
2023-12-18,1122,11225,0,0,0,2386,362,380,352,5506
2023-12-19,1227,12391,0,0,0,2633,795,410,388,5972
2023-12-20,1133,10444,2,0,0,2350,450,355,304,5417
2023-12-21,1153,12439,2,1,14,15652,9776,460,111,5850
2023-12-22,1048,10228,1,0,0,18270,8929,430,0,5140
2023-12-23,790,8537,1,0,0,14246,7339,411,0,4405
2023-12-24,674,8017,3,1,10,11152,6448,358,0,4156
2023-12-25,657,8633,2,0,0,14002,8030,286,0,4336
2023-12-26,819,9084,0,0,0,15019,8764,371,0,4523
2023-12-27,964,9979,1,0,0,21434,10794,436,0,4939
2023-12-28,989,10873,4,0,0,17346,10157,393,0,5219
2023-12-29,923,10457,2,0,0,15031,8948,370,0,5165
2023-12-30,833,8022,1,0,0,12544,7134,292,0,4035
2023-12-31,726,7337,2,0,0,12311,6368,281,0,3905
2024-01-01,791,7143,0,0,0,15992,7259,323,0,3966
2024-01-02,1072,11339,1,0,0,21559,12511,430,0,5719
2024-01-03,1125,11421,2,0,0,20443,13232,454,0,5668
2024-01-04,1171,11319,0,0,0,17911,9444,377,0,5541
2024-01-05,1156,11654,0,0,0,18612,10839,400,0,5787
2024-01-06,895,9252,0,0,0,14591,7502,358,0,4729
2024-01-07,841,8791,3,0,0,14990,8205,351,0,4489
2024-01-08,1254,12546,2,0,0,19684,12029,468,0,6071
2024-01-09,1415,12410,2,0,0,21993,12872,485,0,6141
2024-01-10,1276,9967,4,0,0,17237,9956,458,0,5462
2024-01-11,1347,14718,3,0,0,22136,13300,492,0,6884
2024-01-12,1214,13139,2,0,0,23457,13236,487,0,6368
2024-01-13,911,9264,5,0,0,16763,9253,302,0,4717
2024-01-14,892,8859,1,0,0,14006,7005,240,0,4651
2024-01-15,1165,10771,2,1,2,15090,9578,401,0,5493
2024-01-16,1397,11907,3,0,0,18371,13113,453,0,5897
2024-01-17,1332,13091,4,0,0,19531,10708,510,0,6356
2024-01-18,1274,13059,2,0,0,20750,12004,531,0,6247
2024-01-19,1270,12052,2,0,0,18681,11563,464,0,5996
2024-01-20,943,9845,1,1,7,16768,8956,381,0,4764
2024-01-21,929,9561,3,0,0,12889,8372,358,0,4764
2024-01-22,1257,11701,2,0,0,18536,11592,457,0,5770
2024-01-23,1362,13020,1,0,0,20774,12736,482,0,6389
2024-01-24,1345,11282,4,0,0,19093,10526,515,0,5746
2024-01-25,1272,11531,2,0,0,19284,11098,434,0,5704
2024-01-26,1250,12201,3,0,0,17137,11803,572,0,5814
2024-01-27,937,9539,2,1,4,14296,8019,420,0,4642
2024-01-28,907,9210,1,0,0,17063,8906,377,0,4526
2024-01-29,1311,11956,0,0,0,19834,11893,449,0,5892
2024-01-30,1400,11902,3,0,0,18760,11846,524,0,6107
2024-01-31,1382,12059,3,0,0,19690,11086,493,0,6067
2024-02-01,1262,10747,2,0,0,16835,10220,489,0,5768
2024-02-02,1227,11707,4,0,0,18386,10618,437,0,5852
2024-02-03,911,8907,1,0,0,13319,7999,334,0,4549
2024-02-04,893,8900,2,0,0,14136,8957,286,0,4427
2024-02-05,1238,11866,2,0,0,19170,11424,399,0,5944
2024-02-06,1327,12441,3,0,0,20410,12753,506,0,6282
2024-02-07,1222,12066,4,0,0,15975,10062,436,0,6128
2024-02-08,1311,12220,4,1,10,21353,12400,468,0,6101
2024-02-09,1143,11338,4,1,7,18780,10578,407,0,5692
2024-02-10,872,8552,3,0,0,11952,6730,346,0,4491
2024-02-11,815,7814,2,0,0,13511,7567,301,0,4112
2024-02-12,1130,11197,1,0,0,17652,11090,475,0,5583
2024-02-13,1268,10894,4,0,0,18270,10110,489,0,5587
2024-02-14,1224,11516,1,0,0,21153,11685,489,0,5869
2024-02-15,1253,12510,3,0,0,24454,13879,454,0,6229
2024-02-16,1096,12491,0,0,0,18157,9823,476,0,5946
2024-02-17,912,9143,1,0,0,13607,7437,374,0,4619
2024-02-18,897,9205,1,0,0,15525,8941,337,0,4588
2024-02-19,1191,10339,4,0,0,17297,9786,464,0,5336
2024-02-20,1347,10864,3,0,0,20728,10903,472,0,5630
2024-02-21,1381,11389,2,1,7,20885,10945,439,0,5821
2024-02-22,1441,12282,3,1,5,20197,11149,518,0,6128
2024-02-23,1212,11423,4,0,0,19737,10502,490,0,5807
2024-02-24,865,7665,2,0,0,15806,7116,332,0,4105
2024-02-25,864,9148,2,0,0,14199,9006,392,0,4482
2024-02-26,1275,10832,0,1,2,19590,10804,498,0,5589
2024-02-27,1342,12260,4,0,0,23893,12176,512,0,6223
2024-02-28,1365,11717,1,0,0,19528,9882,514,0,5981
2024-02-29,1355,10440,0,1,2,16602,9578,481,0,5486
2024-03-01,1240,10234,1,0,0,17963,9472,492,0,5440
2024-03-02,831,7812,0,2,7,14625,7098,400,0,4175
2024-03-03,813,7867,1,0,0,15185,7538,301,0,4105
2024-03-04,1229,10823,4,1,9,19026,10526,491,0,5411
2024-03-05,1301,11592,2,0,0,20619,11105,512,0,5945
2024-03-06,1324,11440,3,0,0,21257,11168,543,0,5623
2024-03-07,1297,11418,3,0,0,19762,10206,614,0,5592
2024-03-08,1137,10747,3,0,0,15765,8672,430,0,5490
2024-03-09,837,6765,3,0,0,12990,5539,367,0,3732
2024-03-10,799,7071,1,0,0,13262,7055,451,0,3786
2024-03-11,1163,9937,2,0,0,18193,9534,509,0,5224
2024-03-12,1271,10529,2,0,0,18625,10584,513,0,5427
2024-03-13,1330,11340,1,0,0,16975,9932,516,0,5690
2024-03-14,1230,10205,1,0,0,23485,10805,422,0,5382
2024-03-15,1152,10064,2,1,253,15786,8436,399,0,5198
2024-03-16,832,7732,0,0,0,12988,6937,283,0,4069
2024-03-17,780,7836,1,1,6,14540,7585,327,0,4107
2024-03-18,1157,11188,2,0,0,18637,10557,434,0,5650
2024-03-19,1226,8865,1,0,0,16189,7972,424,0,4831
2024-03-20,1214,10658,4,0,0,19817,11359,416,0,5429
2024-03-21,1293,11122,3,0,0,20191,10315,531,0,5654
2024-03-22,1132,9068,4,0,0,12451,7110,435,0,4860
2024-03-23,855,6986,3,0,0,14856,6588,366,0,3741
2024-03-24,737,6962,4,0,0,12422,6361,279,0,3865
2024-03-25,1170,9880,5,0,0,18366,10348,399,0,4984
2024-03-26,1256,10262,4,0,0,14494,8527,492,0,5263
2024-03-27,1240,10679,3,0,0,18388,10770,523,0,5504
2024-03-28,1254,11586,2,0,0,19119,11503,574,0,5665
2024-03-29,1026,10365,1,0,0,17863,8344,444,0,5114
2024-03-30,823,8683,1,0,0,16656,8682,363,0,4453
2024-03-31,791,8766,1,0,0,13156,7245,379,0,4440
2024-04-01,1179,10246,2,0,0,18739,9957,435,0,5408
2024-04-02,1294,9987,3,0,0,20514,9768,480,0,5528
2024-04-03,1248,11506,1,0,0,19470,11096,564,0,5726
2024-04-04,1232,11135,3,0,0,20702,10373,545,0,5613
2024-04-05,1152,10274,3,0,0,14679,8730,430,0,5379
2024-04-06,809,7306,2,0,0,12440,7038,405,0,4021
2024-04-07,810,7362,3,0,0,12703,7321,334,0,3913
2024-04-08,1100,8860,4,0,0,17435,8069,413,0,4911
2024-04-09,1211,9393,0,0,0,20339,10121,593,0,5034
2024-04-10,1192,10201,3,0,0,16012,8748,461,0,5333
2024-04-11,1269,9828,4,0,0,14171,8165,452,0,5089
2024-04-12,1165,9687,1,0,0,18356,9249,425,0,5178
2024-04-13,815,7640,1,0,0,10821,6735,392,0,4058
2024-04-14,779,7489,1,0,0,13929,6765,356,0,4011
2024-04-15,1104,10242,2,0,0,15769,8832,507,0,5222
2024-04-16,1212,10652,3,0,0,19549,10715,517,0,5541
2024-04-17,1274,11321,3,0,0,22379,11324,568,0,5705
2024-04-18,1232,9299,5,0,0,17444,8207,524,0,5051
2024-04-19,1217,9952,5,1,8,16372,9447,535,0,5117
2024-04-20,787,8111,3,0,0,12268,6416,370,0,4224
2024-04-21,799,7398,2,1,5,13712,7400,330,0,4043
2024-04-22,1404,15292,4,0,0,18530,8106,7160,0,10058
2024-04-23,1233,10587,3,0,0,19063,10484,472,0,5478
2024-04-24,1276,11383,3,0,0,18820,10845,509,0,5771
2024-04-25,1325,11681,4,0,0,22019,11438,493,0,5843
2024-04-26,1041,10143,3,0,0,15516,9320,407,0,5165
2024-04-27,788,8245,4,0,0,14242,7849,317,0,4217
2024-04-28,847,7534,3,0,0,11553,6221,322,0,4196
2024-04-29,1260,11357,3,0,0,19367,11686,446,0,5531
2024-04-30,1278,10956,3,1,6,18261,10395,482,0,5453
2024-05-01,1194,11998,3,1,2,18029,11484,523,0,6049
2024-05-02,1293,10199,5,0,0,18220,8786,524,0,5432
2024-05-03,1142,9823,5,1,2,16310,8730,450,0,5121
2024-05-04,784,6878,3,0,0,9819,5042,315,0,3741
2024-05-05,807,7672,3,0,0,17886,11279,346,0,4074
2024-05-06,1201,9878,4,0,0,16780,8285,520,0,5120
2024-05-07,1264,10776,2,0,0,17924,9996,466,0,5528
2024-05-08,1127,9910,3,0,0,15438,7363,417,0,5112
2024-05-09,1180,9058,2,0,0,15256,9139,458,0,4876
2024-05-10,1112,9588,1,0,0,16247,7968,464,0,4923
2024-05-11,770,5743,3,0,0,8620,3302,350,0,3314
2024-05-12,806,6275,3,1,7,12341,6817,329,0,3476
2024-05-13,1269,10260,4,0,0,19846,11233,511,0,5356
2024-05-14,1315,10181,2,0,0,17822,8092,491,0,5233
2024-05-15,1320,10931,2,0,0,19142,10168,492,0,5496
2024-05-16,1295,9762,4,0,0,20563,10455,494,0,5266
2024-05-17,1158,9337,1,0,0,16744,7513,463,0,4861
2024-05-18,835,6905,2,0,0,11485,6273,363,0,3771
2024-05-19,748,6860,1,0,0,14720,7728,311,0,3739
2024-05-20,1183,10357,2,1,3,14040,9087,518,0,5114
2024-05-21,1344,12193,5,0,0,22531,11850,534,0,5790
2024-05-22,1286,11473,3,0,0,20040,12464,511,0,5644
2024-05-23,1320,11512,3,0,0,19713,9669,538,0,5708
2024-05-24,1165,9005,5,0,0,15841,6833,446,0,4947
2024-05-25,743,6465,2,0,0,10108,5695,321,0,3536
2024-05-26,771,6884,1,0,0,13469,6650,309,0,3755
2024-05-27,1022,8554,2,0,0,13312,8018,415,0,4580
2024-05-28,1205,9624,3,1,3,18468,9123,424,0,5009
2024-05-29,1243,10518,3,0,0,19507,9955,477,0,5462
2024-05-30,1226,10311,1,0,0,19821,9241,483,0,5334
2024-05-31,1088,10305,1,0,0,21114,11270,451,0,5224
2024-06-01,789,7877,1,0,0,10426,5639,309,0,4064
2024-06-02,747,7175,0,0,0,12429,6789,311,0,3770
2024-06-03,1159,9895,3,0,0,18179,10391,450,0,5297
2024-06-04,1294,9670,5,0,0,17541,8102,444,0,5228
2024-06-05,1304,10545,2,0,0,18300,10953,587,0,5295
2024-06-06,1268,10614,3,0,0,17278,9159,504,0,5249
2024-06-07,1198,9062,2,0,0,16687,8095,428,0,4841
2024-06-08,840,5971,1,0,0,11655,5083,301,0,3465
2024-06-09,778,6917,1,0,0,13880,6957,278,0,3682
2024-06-10,1113,10968,3,0,0,19980,11774,441,0,5401
2024-06-11,1173,11159,1,0,0,21275,11106,561,0,5513
2024-06-12,1244,10170,3,1,2,16498,8375,482,0,5292
2024-06-13,1200,10518,3,0,0,14892,8701,457,0,5190
2024-06-14,1020,9089,2,1,3,14896,8138,446,0,4800
2024-06-15,792,6463,1,1,6,12330,6116,315,0,3486
2024-06-16,750,6792,1,0,0,14322,6975,264,0,3718
2024-06-17,1056,10447,3,0,0,20424,11081,406,0,5196
2024-06-18,1248,9461,2,0,0,17492,7857,441,0,4938
2024-06-19,1120,9117,3,0,0,15943,8598,501,0,4808
2024-06-20,1137,10089,3,0,0,20081,9678,445,0,5255
2024-06-21,1036,9212,4,0,0,14281,8549,494,0,4772
2024-06-22,843,7465,4,0,0,11301,6118,346,0,3914
2024-06-23,763,7494,3,0,0,15880,8312,379,0,3922
2024-06-24,1151,9812,3,1,3,16875,10150,590,0,4901
2024-06-25,1239,11240,2,0,0,18937,9150,609,0,5508
2024-06-26,1223,9599,2,0,0,15909,9161,542,0,5123
2024-06-27,1162,9423,2,0,0,15670,8103,453,0,4960
2024-06-28,981,9188,2,0,0,13250,7861,443,0,4631
2024-06-29,750,6757,2,0,0,11919,5399,328,0,3597
2024-06-30,740,6527,1,0,0,11931,6860,285,0,3509
2024-07-01,1119,9589,2,0,0,18198,10363,518,0,5095
2024-07-02,1120,8301,2,1,22,18650,7730,443,0,4682
2024-07-03,1094,8498,2,1,2,13633,7302,482,0,4579
2024-07-04,971,6777,2,0,0,11359,5954,376,0,3938
2024-07-05,890,7295,3,0,0,11312,6623,355,0,4059
2024-07-06,760,6300,3,0,0,10304,5711,271,0,3433
2024-07-07,761,6539,2,0,0,10655,5748,306,0,3446
2024-07-08,1087,8515,1,0,0,16533,8373,385,0,4562
2024-07-09,1149,10293,1,0,0,16751,9043,472,0,5223
2024-07-10,1111,8980,3,0,0,14298,7905,451,0,4753
2024-07-11,1110,7920,3,0,0,14720,7015,450,0,4421
2024-07-12,1064,7807,3,0,0,15595,7987,399,0,4320
2024-07-13,764,6482,2,1,4,12251,6230,324,0,3575
2024-07-14,711,5666,1,0,0,9888,4986,359,0,3078
2024-07-15,1029,7327,2,0,0,14083,6420,463,0,3963
2024-07-16,1178,7679,4,0,0,14953,7032,509,0,4181
2024-07-17,1114,8886,2,0,0,18974,8327,522,0,4881
2024-07-18,1084,8384,4,0,0,14423,6694,535,0,4628
2024-07-19,1047,10829,2,1,2,20237,10512,540,0,5552
2024-07-20,772,7722,1,0,0,11722,6450,438,0,3995
2024-07-21,723,7593,2,0,0,12693,7404,459,0,3938
2024-07-22,1066,10466,2,0,0,19943,10667,523,0,5229
2024-07-23,1219,9983,2,1,8,16873,9524,510,0,5221
2024-07-24,1150,10013,1,1,3,17442,8530,574,0,5196
2024-07-25,1173,10030,5,0,0,19732,9574,533,0,5140
2024-07-26,1028,7700,3,0,0,13558,7344,451,0,4374
2024-07-27,731,6091,3,0,0,10829,5132,331,0,3415
2024-07-28,732,5930,2,0,0,9794,4569,394,0,3290
2024-07-29,1108,6805,2,0,0,13622,5874,503,0,3773
2024-07-30,1195,9225,2,1,3,17855,8697,599,0,4892
2024-07-31,1281,8282,3,0,0,12921,7049,642,0,4619
2024-08-01,1227,8849,5,0,0,17092,8447,516,0,4840
2024-08-02,1073,7705,3,0,0,11755,6130,500,0,4461
2024-08-03,871,5616,0,0,0,13242,5680,383,0,3201
2024-08-04,765,6192,1,0,0,11731,6173,361,0,3341
2024-08-05,1077,8489,4,0,0,16552,8241,538,0,4491
2024-08-06,1183,8952,3,0,0,19048,9796,584,0,4814
2024-08-07,1108,8798,4,0,0,15101,8363,535,0,4876
2024-08-08,1244,9640,2,0,0,15527,7969,584,0,5055
2024-08-09,1129,7621,2,0,0,11384,4856,481,0,4286
2024-08-10,744,5938,3,0,0,13318,6625,411,0,3250
2024-08-11,715,6326,0,0,0,11675,5918,359,0,3422
2024-08-12,1114,9491,2,0,0,17866,10439,488,0,5004
2024-08-13,1218,9203,3,0,0,15610,8307,501,0,4931
2024-08-14,1207,9620,2,0,0,17925,8711,553,0,5187
2024-08-15,1136,8662,4,0,0,13149,7631,550,0,4628
2024-08-16,1163,8452,2,0,0,14736,6578,555,0,4626
2024-08-17,772,6880,2,0,0,13532,7304,385,0,3749
2024-08-18,771,6744,1,0,0,12414,6913,362,0,3638
2024-08-19,1177,7800,4,0,0,14027,6412,507,0,4283
2024-08-20,1164,8628,4,0,0,14761,7795,527,0,4781
2024-08-21,1154,8864,3,1,12,16914,9550,438,0,4837
2024-08-22,1185,8680,1,0,0,12578,5511,495,0,4719
2024-08-23,1093,7901,2,0,0,14850,8615,479,0,4468
2024-08-24,825,7922,2,0,0,13448,8134,368,0,4177
2024-08-25,787,8870,1,0,0,14209,8260,370,0,4643
2024-08-26,1155,9554,3,0,0,14303,7665,515,0,4918
2024-08-27,1287,9957,3,0,0,16752,9870,542,0,5172
2024-08-28,1219,9894,3,0,0,15924,8419,473,0,5230
2024-08-29,1199,9623,4,0,0,23418,9905,494,0,5133
2024-08-30,1211,7833,5,0,0,14846,6220,488,0,4477
2024-08-31,847,6532,2,0,0,11132,6221,421,0,3752
2024-09-01,810,7559,0,0,0,13161,6380,475,0,4042
2024-09-02,1074,7388,3,0,0,15138,7980,502,0,4218
2024-09-03,1292,9401,3,0,0,17903,8914,562,0,5212
2024-09-04,1294,10282,5,0,0,18210,10321,613,0,5260
2024-09-05,1363,8042,3,0,0,15185,6621,582,0,4683
2024-09-06,1093,7990,3,0,0,12358,6331,432,0,4449
2024-09-07,772,5848,2,0,0,9513,4867,331,0,3289
2024-09-08,735,6371,1,1,2,13742,6840,318,0,3628
2024-09-09,1123,10239,1,0,0,18754,11694,467,0,5271
2024-09-10,1188,10011,1,0,0,16565,8846,471,0,5197
2024-09-11,1013,8472,2,0,0,15783,7082,414,0,4667
2024-09-12,1196,9343,2,0,0,15937,8767,549,0,4917
2024-09-13,1070,8321,3,0,0,14026,7110,473,0,4453
2024-09-14,768,6928,3,1,38,12338,6843,395,0,3715
2024-09-15,817,6646,2,1,7,15308,7273,387,0,3698
2024-09-16,1074,9936,1,0,0,13274,7918,507,0,5206
2024-09-17,1257,10393,1,0,0,17601,9650,846,0,5199
2024-09-18,1267,11503,2,0,0,20699,11226,723,0,5520
2024-09-19,1180,9404,2,0,0,15588,7346,557,0,4956
2024-09-20,1156,7766,4,1,4,12516,6017,481,0,4247
2024-09-21,776,6288,3,2,6,13592,7035,326,0,3421
2024-09-22,801,6787,2,0,0,11449,6082,354,0,3804
2024-09-23,1239,9412,1,0,0,15655,8852,520,0,4920
2024-09-24,1319,9160,0,0,0,16579,8378,533,0,4775
2024-09-25,1300,9545,2,0,0,18391,9375,497,0,5004
2024-09-26,1237,10529,2,0,0,17154,9261,562,0,5371
2024-09-27,1056,10758,4,0,0,18093,9277,442,0,5253
2024-09-28,768,6290,2,0,0,10743,5125,359,0,3530
2024-09-29,917,7346,1,0,0,14754,8648,488,0,4025
2024-09-30,1295,10021,2,0,0,18292,8279,591,0,5417
2024-10-01,1268,11155,4,0,0,18086,11516,607,0,5847
2024-10-02,1333,8952,5,1,2,12107,5485,594,0,4996
2024-10-03,1336,8977,3,0,0,17352,9522,628,0,4888
2024-10-04,1177,9061,3,1,8,15017,7124,582,0,4779
2024-10-05,915,6189,4,0,0,11440,5717,440,0,3681
2024-10-06,898,6814,3,0,0,13825,8797,488,0,3818
2024-10-07,1242,9720,2,0,0,17533,9254,580,0,5286
2024-10-08,1398,9262,4,0,0,14574,8135,658,0,4859
2024-10-09,1205,9848,1,0,0,15910,9535,490,0,5084
2024-10-10,1105,9560,0,0,0,14622,6977,417,0,4966
2024-10-11,1091,9214,1,0,0,12424,8200,480,0,4660
2024-10-12,746,8028,1,0,0,14549,8372,326,0,4188
2024-10-13,729,8227,0,0,0,14955,7767,375,0,4152
2024-10-14,1055,9646,0,0,0,16356,8835,454,0,4934
2024-10-15,1193,9562,1,1,5,17082,8333,444,0,4939
2024-10-16,1114,9707,2,0,0,16443,9539,445,0,4746
2024-10-17,1141,8786,1,0,0,16121,8647,408,0,4770
2024-10-18,1091,8391,1,1,4,12398,6892,436,0,4444
2024-10-19,777,6476,0,0,0,10189,5400,332,0,3584
2024-10-20,778,6951,0,0,0,12223,7257,292,0,3640
2024-10-21,1117,9172,1,0,0,14959,7545,478,0,4826
2024-10-22,1511,8691,2,0,0,16850,8142,769,0,4980
2024-10-23,1204,9252,2,0,0,15657,9035,508,0,4865
2024-10-24,1187,9357,3,0,0,16332,8378,532,0,4728
2024-10-25,1071,9162,2,0,0,16277,8724,443,0,4675
2024-10-26,779,6672,1,0,0,10699,6641,361,0,3494
2024-10-27,709,7243,1,0,0,10851,6541,333,0,3663
2024-10-28,1128,10113,1,0,0,15535,10417,475,0,5190
2024-10-29,2780,10021,2,0,0,15976,7631,2080,0,6574
2024-10-30,1155,10110,2,0,0,18932,12509,447,0,5157
2024-10-31,1126,9662,3,0,0,14661,8165,405,0,4921
2024-11-01,1098,8953,1,0,0,15965,9449,400,0,4897
2024-11-02,709,6596,1,0,0,7798,3179,338,0,3486
2024-11-03,757,6279,1,0,0,10549,5647,288,0,3512
2024-11-04,1134,9073,2,0,0,16362,8185,440,0,4690
2024-11-05,1096,7832,0,0,0,12710,5759,479,0,4141
2024-11-06,886,14333,0,0,0,20484,17977,699,0,5596
2024-11-07,1032,10015,1,0,0,13980,7904,448,0,4986
2024-11-08,1053,7810,2,0,0,13135,6099,414,0,4194
2024-11-09,792,5445,1,0,0,11078,3465,354,0,3109
2024-11-10,752,5060,0,0,0,12257,5511,308,0,3059
2024-11-11,1130,6923,3,0,0,15145,6547,464,0,4009
2024-11-12,1203,8650,3,0,0,16039,8461,495,0,4684
2024-11-13,1235,8978,3,0,0,13497,7594,534,0,4806
2024-11-14,1146,9875,2,0,0,18849,9100,519,0,5042
2024-11-15,1073,9058,1,0,0,13372,8241,472,0,4723
2024-11-16,735,7192,1,0,0,11566,6036,341,0,3836
2024-11-17,749,7003,0,0,0,12406,7084,358,0,3830
2024-11-18,1101,9080,1,0,0,17176,10927,450,0,4677
2024-11-19,1144,9622,3,0,0,13645,6406,525,0,4846
2024-11-20,1133,8956,5,0,0,16571,8676,545,0,4785
2024-11-21,1216,9220,3,0,0,12482,6411,701,0,4678
2024-11-22,1086,7319,3,0,0,13270,6224,463,0,3957
2024-11-23,772,5760,1,0,0,11125,6352,290,0,3278
2024-11-24,727,6161,2,0,0,12345,7411,293,0,3420
2024-11-25,1108,8470,1,0,0,13374,6088,481,0,4403
2024-11-26,1158,8956,0,1,27,13846,9034,505,0,4710
2024-11-27,1099,8465,0,0,0,17461,9419,412,0,4433
2024-11-28,921,7599,0,0,0,12616,6846,469,0,4022
2024-11-29,871,7797,1,0,0,12898,7157,411,0,4151
2024-11-30,696,6051,0,0,0,9198,4714,275,0,3260
2024-12-01,747,5996,4,0,0,13349,6292,252,0,3362
2024-12-02,1006,8976,0,0,0,11468,6399,422,0,4692
2024-12-03,1227,10136,4,0,0,19080,10605,601,0,5356
2024-12-04,1175,9121,2,0,0,15047,8024,517,0,4615
2024-12-05,1071,9843,3,0,0,11238,7484,549,0,4880
2024-12-06,1055,10582,1,0,0,18512,10886,515,0,5062
2024-12-07,751,7170,0,0,0,10226,5489,322,0,3761
2024-12-08,730,7250,1,0,0,12330,7739,328,0,3790
2024-12-09,1172,9009,1,0,0,15218,8885,505,0,4775
2024-12-10,1125,9932,1,2,9,16062,9272,524,0,4839
2024-12-11,1208,10231,1,0,0,16010,8868,535,0,5143
2024-12-12,1175,8979,2,0,0,14418,6351,464,0,4792
2024-12-13,1057,7713,1,0,0,14012,6926,405,0,4161
2024-12-14,914,6011,2,0,0,12854,6908,389,0,3298
2024-12-15,728,5735,1,0,0,9256,3533,295,0,3212
2024-12-16,1159,8893,1,0,0,17118,10950,450,0,4694
2024-12-17,1099,8788,1,0,0,16063,6897,444,0,4538
2024-12-18,1172,8869,3,0,0,17010,10918,517,0,4547
2024-12-19,1148,9051,1,0,0,12780,6492,471,0,4683
2024-12-20,1013,8303,1,0,0,13370,7298,442,0,4321
2024-12-21,704,6277,0,0,0,7562,2855,330,0,3345
2024-12-22,768,6179,2,1,4,14055,6680,304,0,3369
2024-12-23,910,7357,2,0,0,13312,7202,337,0,4086
2024-12-24,792,6517,0,0,0,9469,4353,314,0,3637
2024-12-25,625,5589,0,0,0,10993,4837,271,0,3300
2024-12-26,807,5953,1,0,0,15384,6214,387,0,3362
2024-12-27,875,7527,1,0,0,14169,7390,436,0,3956
2024-12-28,738,8072,1,0,0,14238,8577,363,0,4041
2024-12-29,697,8054,0,0,0,11860,7462,359,0,3892
2024-12-30,959,9206,1,0,0,16744,8575,392,0,4465
2024-12-31,808,7027,2,0,0,14358,7173,317,0,3779
2025-01-01,723,6801,2,0,0,11689,5018,289,0,3669
2025-01-02,947,9168,2,0,0,16554,10075,416,0,4792
2025-01-03,1051,9314,3,0,0,13627,7184,477,0,4786
2025-01-04,844,6930,1,0,0,9253,4265,395,0,3679
2025-01-05,821,6731,1,0,0,13602,7333,296,0,3660
2025-01-06,1119,10303,3,0,0,20269,12289,496,0,5099
2025-01-07,1204,10458,3,0,0,18436,11073,523,0,5170
2025-01-08,1121,9626,3,0,0,15754,7431,445,0,4795
2025-01-09,1129,9982,3,0,0,14753,8241,440,0,4871
2025-01-10,1046,9679,2,0,0,16506,9606,425,0,5018
2025-01-11,759,7381,1,0,0,10482,5887,338,0,3800
2025-01-12,811,7596,3,0,0,15112,8772,332,0,3900
2025-01-13,1219,11718,3,0,0,17792,11432,485,0,5586
2025-01-14,1191,13128,1,0,0,16824,11598,531,0,6064
2025-01-15,1174,12209,2,0,0,15934,11881,476,0,5780
2025-01-16,1179,12315,2,0,0,18349,9637,562,0,5856
2025-01-17,1156,10839,2,0,0,13071,9012,478,0,5079
2025-01-18,806,7102,1,2,8,10422,5976,298,0,3719
2025-01-19,852,10151,1,0,0,14030,11498,437,0,4479
2025-01-20,1102,10101,1,0,0,16297,8183,556,0,4794
2025-01-21,1215,10991,2,0,0,17501,10129,580,0,5217
2025-01-22,1286,10762,3,0,0,20959,9270,569,0,5238
2025-01-23,1201,9172,3,0,0,17120,7746,496,0,4870
2025-01-24,1144,7696,2,0,0,14347,6757,440,0,4182
2025-01-25,771,7336,2,1,12,13043,6905,373,0,3939
2025-01-26,792,8619,2,0,0,16364,9190,394,0,4232
2025-01-27,1092,10554,0,2,6,19313,8818,499,0,5176
2025-01-28,1249,11192,3,0,0,18193,9264,511,0,5573
2025-01-29,1195,12067,2,0,0,21995,12291,565,0,5882
2025-01-30,1226,9234,4,0,0,16192,8165,518,0,4840
2025-01-31,1149,9336,2,0,0,17658,9903,415,0,4758
2025-02-01,786,9148,2,0,0,16488,8311,456,0,4445
2025-02-02,809,8460,0,1,2,15365,9164,524,0,4039
2025-02-03,1163,10851,1,0,0,18422,9490,570,0,5582
2025-02-04,1246,14733,2,0,0,23448,13226,784,0,6484
2025-02-05,1193,14778,3,1,5,25751,14293,668,0,6364
2025-02-06,1207,9382,3,0,0,15430,6607,537,0,5010
2025-02-07,1182,9973,3,0,0,20180,10241,581,0,4906
2025-02-08,835,7507,1,0,0,11378,6163,410,0,3831
2025-02-09,843,7332,1,0,0,13103,6079,400,0,3876
2025-02-10,1137,10381,2,0,0,17515,9673,517,0,5172
2025-02-11,1199,11810,2,0,0,17504,10002,524,0,5677
2025-02-12,1196,9979,2,1,12,17261,8855,590,0,5008
2025-02-13,1171,10696,1,0,0,17503,9888,557,0,5375
2025-02-14,1082,10304,2,0,0,19823,10042,590,0,5123
2025-02-15,753,8604,0,0,0,13928,7790,341,0,4334
2025-02-16,790,8599,1,1,10,16084,9018,381,0,4274
2025-02-17,1053,10213,1,0,0,16426,8073,508,0,4923
2025-02-18,1099,11212,2,0,0,21942,12672,538,0,5471
2025-02-19,1188,11477,1,1,4,17583,10675,612,0,5585
2025-02-20,1086,11732,3,0,0,16811,9467,586,0,5530
2025-02-21,1045,11348,2,0,0,20528,10487,568,0,5406
2025-02-22,800,9192,0,0,0,15625,9657,413,0,4589
2025-02-23,802,8995,1,0,0,15634,8773,408,0,4292
2025-02-24,1143,10851,1,0,0,20294,9576,494,0,5559
2025-02-25,1325,11309,1,0,0,22429,10589,548,0,5549
2025-02-26,1234,9444,0,0,0,17236,8365,550,0,4983
2025-02-27,1187,9093,2,0,0,15378,6812,490,0,4838
2025-02-28,1062,12533,1,0,0,24400,14531,631,0,5733
2025-03-01,733,11156,0,0,0,12649,7197,527,0,4650
2025-03-02,773,10401,1,0,0,17237,10475,442,0,4758
2025-03-03,1121,10583,2,0,0,18293,11446,457,0,5385
2025-03-04,1145,11522,2,0,0,14338,7543,635,0,5523
2025-03-05,1266,12139,2,1,6,21105,12440,538,0,5667
2025-03-06,1163,10633,4,0,0,17925,7912,522,0,5205
2025-03-07,1192,8677,4,0,0,15807,8576,514,0,4509
2025-03-08,781,7820,4,0,0,12377,7258,350,0,4114
2025-03-09,834,9682,3,1,5,17047,10795,465,0,4491
2025-03-10,1177,11176,2,0,0,18041,9211,585,0,5404
2025-03-11,1194,9673,2,0,0,18841,8513,518,0,4929
2025-03-12,1147,9341,2,0,0,18042,8054,454,0,4733
2025-03-13,1183,8253,3,0,0,14902,6485,485,0,4422
2025-03-14,1060,9100,3,0,0,17237,10293,404,0,4636
2025-03-15,783,6625,5,0,0,8631,3651,359,0,3553
2025-03-16,812,6983,3,0,0,15286,7743,355,0,3787
2025-03-17,1221,9116,3,0,0,16380,7814,524,0,4664
2025-03-18,1231,11361,3,0,0,22544,11336,609,0,5527
2025-03-19,1193,10621,1,1,2,17188,9042,607,0,5251
2025-03-20,1225,10661,2,0,0,18160,9732,447,0,5245
2025-03-21,1164,10380,1,0,0,17385,8606,861,0,5056
2025-03-22,807,6906,2,0,0,11792,5882,1036,0,3586
2025-03-23,850,6259,3,0,0,12532,5929,490,0,3377
2025-03-24,1169,8716,1,0,0,16297,8126,515,0,4470
2025-03-25,1263,9431,1,0,0,18560,9915,530,0,4960
2025-03-26,1182,10351,1,0,0,15835,8066,510,0,5149
2025-03-27,1185,9575,4,0,0,17052,8822,501,0,4955
2025-03-28,1188,10349,4,0,0,16994,8785,499,0,5073
2025-03-29,777,7835,1,0,0,16680,8857,436,0,3929
2025-03-30,774,8477,1,0,0,13186,7058,440,0,4259
2025-03-31,1129,11122,3,0,0,21280,10594,525,0,5588
2025-04-01,1339,9789,4,0,0,16047,8199,500,0,5207
2025-04-02,1238,9517,2,0,0,20350,13037,480,0,5087
2025-04-03,1121,12523,3,0,0,17473,9352,719,0,5804
2025-04-04,1131,10978,1,1,6,14761,8681,542,0,5144
2025-04-05,777,8046,1,0,0,16160,8163,367,0,3996
2025-04-06,736,7525,1,0,0,13033,6750,355,0,3963
2025-04-07,1194,9852,0,0,0,14748,7200,588,0,4910
2025-04-08,1233,9261,1,0,0,16662,7205,577,0,4794
2025-04-09,1206,10427,0,0,0,18310,10569,531,0,5136
2025-04-10,1092,8728,3,0,0,15767,7989,502,0,4688
2025-04-11,1113,9816,3,0,0,18862,10702,626,0,5019
2025-04-12,797,8078,2,0,0,14367,7162,418,0,4074
2025-04-13,784,7115,0,0,0,11702,5433,352,0,3788
2025-04-14,1199,9592,1,0,0,22149,11253,554,0,4927
2025-04-15,1292,10975,1,0,0,19662,10568,648,0,5240
2025-04-16,1340,10443,4,0,0,16773,7026,606,0,5189
2025-04-17,1215,10684,4,0,0,19493,10111,550,0,5176
2025-04-18,1017,8390,1,0,0,12636,5900,416,0,4328
2025-04-19,827,6646,1,0,0,15289,6942,341,0,3600
2025-04-20,760,6261,2,0,0,10617,4990,331,0,3427
2025-04-21,1084,9207,2,0,0,16331,8315,541,0,4592
2025-04-22,1181,8493,3,0,0,14217,6070,558,0,4544
2025-04-23,1232,9322,0,0,0,18112,8905,535,0,4806
2025-04-24,1136,9690,2,0,0,15412,8730,472,0,4900
2025-04-25,1133,9675,2,0,0,15552,8539,550,0,4786
2025-04-26,810,7872,3,0,0,13901,6750,420,0,3865
2025-04-27,772,7130,1,0,0,15814,9320,408,0,3759
2025-04-28,1196,9987,2,0,0,18477,9195,595,0,5038
2025-04-29,1157,10981,2,0,0,17774,9598,520,0,5605
2025-04-30,1157,11402,1,0,0,18917,10676,540,0,5621
2025-05-01,1130,11507,2,0,0,21683,11719,462,0,5516
2025-05-02,1051,9899,2,0,0,16158,8804,504,0,5043
2025-05-03,835,6814,2,0,0,13481,7003,352,0,3700
2025-05-04,792,6538,2,0,0,12477,6195,340,0,3426
2025-05-05,1112,8806,2,1,6,14964,7072,482,0,4596
2025-05-06,1165,9124,1,0,0,19393,9890,507,0,4955
2025-05-07,1163,9632,3,0,0,15455,7447,511,0,5006
2025-05-08,1199,9645,3,0,0,16122,8409,546,0,5022
2025-05-09,1127,8395,1,0,0,15473,7669,568,0,4495
2025-05-10,785,7194,1,0,0,14145,7614,344,0,3852
2025-05-11,811,7469,2,0,0,12459,6971,367,0,3900
2025-05-12,1148,9077,2,3,8,14312,7153,501,0,4839
2025-05-13,1275,9403,0,0,0,20078,12276,563,0,4959
2025-05-14,1262,9954,3,0,0,15326,7800,542,0,5045
2025-05-15,1337,8720,3,1,11,15794,7773,530,0,4740
2025-05-16,1182,9156,3,0,0,14532,7766,488,0,4821
2025-05-17,776,6265,0,0,0,12217,4761,316,0,3441
2025-05-18,784,6558,0,0,0,12467,7057,341,0,3574
2025-05-19,1182,9858,1,1,4,19547,9826,565,0,5030
2025-05-20,1362,9422,1,1,7,16657,7377,596,0,5022
2025-05-21,1318,9041,3,0,0,15331,7845,535,0,4790
2025-05-22,1304,9661,0,1,12,18850,9032,657,0,5097
2025-05-23,1102,8159,0,0,0,13651,6778,521,0,4344
2025-05-24,826,6013,1,0,0,11276,5510,345,0,3517
2025-05-25,732,7209,1,0,0,12576,8864,354,0,3898
2025-05-26,911,9366,1,0,0,17179,7604,507,0,4877
2025-05-27,1207,7696,2,0,0,12741,5409,465,0,4518
2025-05-28,1321,8717,1,0,0,16377,9228,535,0,4631
2025-05-29,1199,8620,1,0,0,14939,7418,529,0,4575
2025-05-30,1092,8242,2,0,0,13743,6963,477,0,4321
2025-05-31,813,6069,1,0,0,10239,5315,304,0,3273
2025-06-01,733,6258,0,0,0,10801,5296,351,0,3404
2025-06-02,1095,8883,1,0,0,14711,9454,501,0,4775
2025-06-03,1207,10097,4,0,0,13331,7245,523,0,5184
2025-06-04,1245,9644,3,0,0,22169,11882,512,0,5124
2025-06-05,1123,8661,3,1,7,13056,6061,535,0,4581
2025-06-06,1024,8496,4,0,0,17301,8920,495,0,4444
2025-06-07,697,6582,3,0,0,12878,6111,301,0,3424
2025-06-08,750,5997,0,0,0,11129,5816,340,0,3369
2025-06-09,1143,9610,0,0,0,18991,11040,522,0,4869
2025-06-10,1216,10610,1,0,0,16418,8785,620,0,5191
2025-06-11,1227,9056,2,0,0,13500,6459,517,0,4792
2025-06-12,1187,10141,4,0,0,18839,9913,553,0,5104
2025-06-13,1051,7765,1,0,0,13543,6457,539,0,4213
2025-06-14,778,5594,1,0,0,8855,3731,331,0,3198
2025-06-15,745,5338,0,0,0,11241,5196,281,0,3151
2025-06-16,1096,7628,2,0,0,13032,7801,429,0,4140
2025-06-17,1219,9613,1,1,2,17591,9527,539,0,4886
2025-06-18,1166,7824,2,0,0,16350,7232,411,0,4336
2025-06-19,1109,8227,1,0,0,12559,6889,535,0,4139
2025-06-20,1123,8514,1,0,0,16604,9856,415,0,4318
2025-06-21,764,7606,1,0,0,10089,4787,358,0,3748
2025-06-22,762,8874,1,0,0,13119,8531,531,0,3745
2025-06-23,1190,9004,1,0,0,14690,8309,447,0,4779
2025-06-24,1207,9664,1,0,0,16294,9081,478,0,5014
2025-06-25,1318,9290,2,0,0,19156,9843,485,0,4990
2025-06-26,1253,8423,2,0,0,11338,6073,513,0,4571
2025-06-27,1150,7591,2,0,0,13336,6280,471,0,4114
2025-06-28,818,6998,1,1,4,14594,7956,515,0,3617
2025-06-29,883,7687,0,0,0,12935,8451,476,0,3927
2025-06-30,1250,10204,1,0,0,15498,8302,519,0,5275
2025-07-01,1242,8587,2,1,4,16886,8557,475,0,4879
2025-07-02,1283,9802,2,0,0,15681,9677,551,0,5189
2025-07-03,1176,8795,2,0,0,11958,5055,534,0,4601
2025-07-04,1017,7871,3,0,0,17737,9768,492,0,4202
2025-07-05,762,6763,1,0,0,12020,6018,385,0,3606
2025-07-06,797,7975,1,0,0,15229,9409,366,0,4013
2025-07-07,1218,9218,0,1,5,15347,6853,544,0,4754
2025-07-08,1316,8034,1,0,0,12988,6105,556,0,4422
2025-07-09,1300,9523,0,0,0,15595,9773,525,0,4923
2025-07-10,1272,9831,0,1,4,15594,7841,607,0,5054
2025-07-11,1104,9903,1,0,0,17411,10505,509,0,4853
2025-07-12,777,7468,1,0,0,12583,6664,404,0,3814
2025-07-13,804,7842,1,0,0,14008,8160,357,0,4060
2025-07-14,1196,10463,1,1,5,16835,8222,529,0,5212
2025-07-15,1132,9491,3,1,6,17171,10360,473,0,4902
2025-07-16,1198,9773,2,0,0,14074,8480,478,0,5009
2025-07-17,1194,10294,1,0,0,16688,9440,511,0,5250
2025-07-18,1149,10336,3,0,0,16851,10141,522,0,5218
2025-07-19,833,8614,1,0,0,15008,8868,383,0,4204
2025-07-20,797,9122,0,0,0,13423,8065,374,0,4426
2025-07-21,1220,10014,2,1,6,17920,9971,493,0,5113
2025-07-22,1238,11298,3,0,0,17455,9411,565,0,5578
2025-07-23,1119,9939,3,0,0,21364,11753,490,0,5168
2025-07-24,1260,11169,1,0,0,16100,10643,503,0,5622
2025-07-25,1114,10997,0,0,0,16438,9835,488,0,5262
2025-07-26,759,7169,0,0,0,9378,4789,343,0,3830
2025-07-27,760,7216,0,0,0,15505,7584,311,0,3929
2025-07-28,1086,10407,0,0,0,18106,10901,562,0,5237
2025-07-29,1162,11125,3,0,0,18186,9250,491,0,5460
2025-07-30,1189,10139,2,0,0,19969,10664,533,0,5177
2025-07-31,1190,9450,3,0,0,16839,9543,372,0,5067
2025-08-01,1029,11105,1,0,0,15612,9393,474,0,5516
2025-08-02,817,8288,1,0,0,12708,8194,363,0,4243
2025-08-03,778,7284,1,0,0,12127,5713,315,0,3861
2025-08-04,1251,10607,0,0,0,19615,10577,485,0,5366
2025-08-05,1249,12017,1,0,0,21364,10630,476,0,5920
2025-08-06,1217,12004,0,0,0,19992,11188,459,0,5814
2025-08-07,1255,11380,2,0,0,20416,11654,490,0,5633
2025-08-08,1084,9944,0,0,0,17279,9213,403,0,5042
2025-08-09,823,7775,0,0,0,15247,8239,313,0,4037
2025-08-10,790,7262,1,0,0,11970,5397,329,0,3851
2025-08-11,1158,10123,1,0,0,19669,11243,458,0,5310
2025-08-12,1246,11097,3,0,0,17266,8654,492,0,5550
2025-08-13,1201,10924,1,0,0,20449,12161,446,0,5395
2025-08-14,1195,10625,3,0,0,17041,9205,512,0,5292
2025-08-15,1059,10427,2,0,0,16705,9640,390,0,5126
2025-08-16,729,8467,1,0,0,13256,6510,369,0,4211
2025-08-17,769,7405,0,0,0,14367,7331,319,0,3969
2025-08-18,1165,9554,1,0,0,20802,10574,473,0,5108
2025-08-19,1194,9448,0,0,0,14599,7378,429,0,4973
2025-08-20,1206,9157,3,0,0,17579,9816,441,0,4961
2025-08-21,1187,10724,3,0,0,18027,9732,482,0,5296
2025-08-22,1182,10660,0,0,0,16404,10450,440,0,5182
2025-08-23,799,7795,2,0,0,10296,5520,314,0,4016
2025-08-24,819,8023,0,0,1,17104,9911,324,0,4092
2025-08-25,1107,10619,0,0,0,19440,10715,449,0,5102
2025-08-26,1239,11937,2,0,0,17889,10140,515,0,5657
2025-08-27,1187,11735,2,0,0,20503,11520,508,0,5609
2025-08-28,1163,10469,2,0,0,20514,10747,459,0,5308
2025-08-29,1130,11217,2,0,0,17021,9549,488,0,5470
2025-08-30,760,7596,0,0,0,12739,7805,383,0,3917
2025-08-31,740,8364,2,0,0,15275,8192,378,0,4147
2025-09-01,1007,8497,2,0,0,13133,7138,462,0,4677
2025-09-02,1225,11741,1,0,0,20486,11186,519,0,5870
2025-09-03,1236,9863,3,0,0,16367,8520,493,0,5203
2025-09-04,1230,10599,1,0,0,17699,9524,840,0,5640
2025-09-05,1168,10349,2,0,0,18244,11753,467,0,5213
2025-09-06,892,7970,0,0,0,11732,5604,407,0,4145
2025-09-07,887,8527,0,0,0,15845,8773,423,0,4180
2025-09-08,1197,11115,0,0,0,21162,11989,532,0,5463
2025-09-09,1324,14209,2,0,0,21818,13889,566,0,6305
2025-09-10,1281,13308,4,0,0,18281,11842,874,0,6052
2025-09-11,1140,10360,2,0,0,17223,7434,779,0,5002
2025-09-12,1079,9656,0,0,0,17983,8649,591,0,4890
2025-09-13,870,7360,0,0,0,14587,6676,420,0,3830
2025-09-14,846,7435,0,0,0,11714,6310,419,0,3888
2025-09-15,1231,10591,0,0,0,21494,11115,501,0,5344
2025-09-16,1238,12233,0,0,0,22336,13526,614,0,5984
2025-09-17,1207,11938,1,0,0,18048,9382,667,0,5772
2025-09-18,1314,12113,1,0,0,24679,12307,607,0,5945
2025-09-19,1166,10640,1,0,0,17233,9613,518,0,5450
2025-09-20,864,9620,0,0,0,12049,7553,497,0,4665
2025-09-21,770,8226,0,0,0,13256,7713,412,0,4215
2025-09-22,1139,12289,2,0,0,19827,11730,475,0,5801
2025-09-23,1265,12003,2,0,0,22044,11543,587,0,5850
2025-09-24,1215,11825,0,0,0,22926,12326,535,0,5698
2025-09-25,1280,12114,0,0,0,19548,11644,538,0,5836
2025-09-26,1160,10196,3,1,2,15841,8071,473,0,5163
2025-09-27,766,7414,2,0,0,14974,6990,326,0,3860
2025-09-28,811,7905,1,0,0,13477,6675,345,0,4191
2025-09-29,1172,10023,0,0,0,21262,10923,517,0,5258
2025-09-30,1233,11198,2,0,0,19689,11254,516,0,5809
2025-10-01,1247,11021,0,0,0,20327,11339,486,0,5633
2025-10-02,1174,10845,2,0,0,17936,10959,680,0,5370
2025-10-03,1135,10948,3,0,0,17331,9800,477,0,5433
2025-10-04,805,7856,0,0,0,12270,6274,397,0,4014
2025-10-05,804,7740,0,0,0,14356,8649,333,0,3953
2025-10-06,1119,10259,2,0,0,22975,11402,433,0,5113
2025-10-07,1228,11487,3,0,0,20903,10358,504,0,5659
2025-10-08,1187,10325,0,0,0,19649,9273,448,0,5220
2025-10-09,1236,11030,1,1,13,18175,9542,464,0,5490
2025-10-10,1056,9842,2,0,0,15901,8839,419,0,4973
2025-10-11,809,7909,0,0,0,14663,8694,355,0,3990
2025-10-12,758,8621,0,0,0,14147,8661,320,0,4376
2025-10-13,1082,10356,1,0,0,18249,10738,494,0,5334
2025-10-14,1174,10572,1,0,0,19376,9987,431,0,5152
2025-10-15,1209,12245,1,0,0,18532,10834,491,0,5763
2025-10-16,1198,10997,1,0,0,20021,10445,474,0,5330
2025-10-17,1093,10356,0,0,0,17882,9806,402,0,5140
2025-10-18,772,6904,1,0,0,10046,3909,292,0,3722
2025-10-19,816,7049,2,0,0,13517,6509,295,0,3888
2025-10-20,1104,10719,0,0,0,23503,10954,415,0,5463
2025-10-21,1228,11193,2,0,0,18090,10184,435,0,5440
2025-10-22,1325,12004,3,0,0,21796,11749,501,0,5869
2025-10-23,1254,11167,1,0,0,20416,11162,509,0,5506
2025-10-24,1115,10099,2,0,0,15824,8442,432,0,5150
2025-10-25,948,6657,0,0,0,13132,6348,451,0,3652
2025-10-26,1100,7099,1,0,0,13526,6573,673,0,3864
2025-10-27,1418,10296,2,0,0,21081,10735,712,0,5255
2025-10-28,1314,11814,1,0,0,22417,12957,595,0,5764
2025-10-29,1321,12449,1,0,0,27284,12642,513,0,6018
2025-10-30,1262,10905,0,0,0,15817,8861,578,0,5515
2025-10-31,1135,10009,1,0,0,14281,7507,482,0,5093
2025-11-01,819,7812,0,0,0,13689,7169,379,0,4006
2025-11-02,789,7063,1,1,5,14067,7336,376,0,3740
2025-11-03,1222,10238,0,0,0,17934,10899,485,0,5474
2025-11-04,1255,10126,0,0,0,20180,10277,553,0,5418
2025-11-05,1238,11132,1,0,0,18584,10528,472,0,5503
2025-11-06,1284,11077,2,0,0,19603,9940,462,0,5593
2025-11-07,1177,9470,2,0,0,17179,8970,429,0,4905
2025-11-08,821,7859,1,0,0,12614,6923,363,0,4013
2025-11-09,791,8358,0,0,0,13934,7956,417,0,4347
2025-11-10,1167,10780,0,0,0,14620,8750,452,0,5543
2025-11-11,1192,10869,3,0,0,19115,11158,495,0,5523
2025-11-12,1336,12738,1,0,0,24251,12591,475,0,6112
2025-11-13,1306,12311,4,0,0,19439,9898,516,0,5821
2025-11-14,1167,10176,2,0,0,17961,9169,490,0,5285
2025-11-15,825,7128,2,0,0,14611,6788,352,0,3914
2025-11-16,773,7305,0,0,0,16576,7765,326,0,3999
2025-11-17,1324,8891,0,0,0,14195,7916,651,0,4801
2025-11-18,1398,12684,2,0,0,26339,13299,663,0,6303
2025-11-19,1470,11576,0,0,0,20434,11079,679,0,5792
2025-11-20,1413,11177,0,0,0,16152,8749,701,0,5630
2025-11-21,1150,9826,2,0,0,16796,9589,520,0,4860
2025-11-22,917,7969,1,0,0,11671,5769,427,0,4086
2025-11-23,937,8280,3,0,0,16962,8508,556,0,4172
2025-11-24,1327,10847,1,1,5,22082,11106,572,0,5406
2025-11-25,1318,10204,0,0,0,16603,8801,495,0,5422
2025-11-26,1241,10117,2,0,0,17267,9356,537,0,5278
2025-11-27,972,9571,0,0,0,16828,8762,416,0,4845
2025-11-28,957,8711,0,1,3,17546,8225,417,0,4519
2025-11-29,816,7273,1,0,0,12886,7297,338,0,3984
2025-11-30,846,8883,2,0,0,17789,7866,366,0,4388
2025-12-01,1335,12244,1,0,0,20602,14316,564,0,5967
2025-12-02,1343,11903,2,0,0,22512,11797,472,0,6005
2025-12-03,1273,12129,1,0,0,21719,10595,443,0,5907
2025-12-04,1454,11571,2,0,0,19554,11469,553,0,5817
2025-12-05,1271,12716,2,0,0,19173,11138,535,0,6062
2025-12-06,851,7931,2,0,0,14960,7820,354,0,4223
2025-12-07,845,8055,0,0,0,12829,8052,387,0,4071
2025-12-08,1239,11496,3,0,0,18318,10395,499,0,5570
2025-12-09,1431,11478,1,0,0,21446,11895,494,0,5955
2025-12-10,1366,12098,1,1,11,19572,11176,581,0,5878
2025-12-11,1347,11934,1,0,0,16465,10094,489,0,5856
2025-12-12,1180,10239,1,0,0,16313,8826,451,0,5187
2025-12-13,838,8077,1,0,0,12549,6950,353,0,4328
2025-12-14,888,8199,0,0,0,11918,7911,428,0,4363
2025-12-15,1318,12937,1,0,0,18379,11946,538,0,6315
2025-12-16,1448,12206,3,0,0,25696,12274,488,0,5946
2025-12-17,1195,9647,3,0,0,15531,8494,404,0,5188
2025-12-18,1303,11945,2,1,5,21024,10765,452,0,5861
2025-12-19,1208,10620,0,1,3,14969,6424,420,0,5458
2025-12-20,912,7589,2,0,0,13826,6667,325,0,4171
2025-12-21,934,8069,0,0,0,11064,5572,365,0,4308
2025-12-22,1221,9374,1,1,6,12871,6491,452,217,4978
2025-12-23,1187,8965,0,0,0,13907,5516,397,288,4775
2025-12-24,989,8745,1,0,0,2515,783,370,269,4510
2025-12-25,761,6444,1,0,0,1224,173,308,177,3732
2025-12-26,949,8891,0,0,0,1828,424,395,248,4549
2025-12-27,939,8177,0,0,0,1589,306,304,232,4237
2025-12-28,885,8072,1,0,0,1605,373,306,217,4201
2025-12-29,1165,10717,0,0,0,2371,541,420,309,5208
2025-12-30,1217,10823,3,0,0,2267,467,458,293,5418
2025-12-31,1039,8908,2,0,0,1792,348,341,256,4744
2026-01-01,973,8978,1,1,4,1705,349,328,236,4510
2026-01-02,1142,10284,0,0,0,2076,373,420,286,5194
2026-01-03,987,11134,1,0,0,2171,479,361,324,5061
2026-01-04,1033,9516,1,0,0,1805,391,420,259,4757
2026-01-05,1457,11789,0,0,0,2989,706,494,346,5901
2026-01-06,1482,12106,2,2,5,2997,585,446,329,6038
2026-01-07,1427,12836,1,0,0,3104,839,483,396,6220
2026-01-08,1466,11710,3,0,0,4350,1077,516,376,5893
2026-01-09,1400,11430,2,1,10,2485,434,476,320,5595
2026-01-10,995,9151,1,0,0,1608,294,348,239,4745
2026-01-11,1017,9638,0,0,0,1901,320,361,261,4960
2026-01-12,1305,12556,3,0,0,2777,681,500,328,6268
2026-01-13,1467,13115,1,1,2,3106,822,573,374,6343
2026-01-14,1448,14047,3,0,0,3062,712,568,370,7107
2026-01-15,1494,13879,3,0,0,2631,630,579,396,7135
2026-01-16,1382,11191,1,0,0,3030,726,527,324,5744
2026-01-17,1060,8533,0,0,0,2079,463,408,254,4487
2026-01-18,1056,9004,1,0,0,1992,436,391,253,4546
2026-01-19,1370,11419,0,0,0,2767,509,466,350,5715
2026-01-20,1541,11572,1,1,6,3510,876,513,316,5860
2026-01-21,1550,12487,4,0,0,3116,655,600,352,6111
2026-01-22,1528,11746,2,0,0,2973,687,511,353,5993
2026-01-23,1352,11528,2,0,0,2681,437,424,313,5831
2026-01-24,1036,8440,4,0,0,2241,388,407,260,4380
2026-01-25,1063,9882,1,0,0,2292,447,401,299,4787
2026-01-26,1467,12047,0,0,0,2941,681,493,332,6081
2026-01-27,1634,13830,4,0,0,3005,508,583,388,6400
2026-01-28,1570,13006,1,0,0,3102,533,530,348,6210
2026-01-29,1589,13561,2,1,2,3140,678,512,407,6401
2026-01-30,1518,11409,3,0,0,3217,708,564,349,5820
2026-01-31,1126,9371,2,0,0,1971,343,419,288,4757
2026-02-01,1136,7392,1,0,0,1797,292,419,241,4213
2026-02-02,1566,11922,0,0,0,2726,771,541,431,6173
2026-02-03,1674,13421,1,1,2,3180,762,559,389,6669
2026-02-04,1554,12865,1,1,6,2988,588,592,359,6452
2026-02-05,1524,11960,2,0,0,3255,697,570,358,6082
2026-02-06,1494,11131,0,0,0,2629,541,533,304,5857
2026-02-07,1080,8803,0,0,0,1652,264,418,268,4687
2026-02-08,1123,9052,1,0,0,1864,328,411,241,4713
2026-02-09,1609,11903,0,0,0,3291,864,615,330,6406
2026-02-10,1666,13801,0,0,0,2992,720,636,408,6736
2026-02-11,1608,12498,1,0,0,2919,564,585,353,6400
2026-02-12,1663,12394,0,0,0,3465,819,566,359,6279
2026-02-13,1491,11014,3,0,0,2993,803,493,310,5838
2026-02-14,1056,9074,1,0,0,1887,305,388,254,4666
2026-02-15,1136,8305,0,0,0,1952,418,436,261,4527
2026-02-16,1600,11218,1,0,0,2684,512,594,331,5929
2026-02-17,1832,11431,2,1,2,3598,799,619,349,5966
2026-02-18,1778,11101,6,0,0,3720,856,579,334,6024
2026-02-19,1764,11758,0,0,0,3557,876,615,359,6191
2026-02-20,1598,12544,3,0,0,3366,873,579,350,6238
2026-02-21,1171,9496,1,0,0,1920,293,466,275,4915
2026-02-22,1240,8510,0,0,0,2118,438,461,216,4683
2026-02-23,1776,12876,3,0,0,3470,735,654,367,6328
2026-02-24,1950,12518,1,0,0,3460,661,762,360,6405
2026-02-25,1823,12705,3,0,0,3440,732,690,327,6441
2026-02-26,1847,12454,2,0,0,3452,848,666,352,6449
2026-02-27,1644,12011,3,0,0,3220,715,679,330,6264
2026-02-28,1246,12847,0,1,4,2775,558,546,389,5721
2026-03-01,1183,9034,0,2,5,2141,474,493,251,4879
2026-03-02,1672,12192,1,0,0,3110,792,608,337,6731
2026-03-03,1775,13174,0,0,0,3613,913,697,346,6930
2026-03-04,1775,12949,2,0,0,3313,925,680,388,6757
2026-03-05,1850,11355,1,0,0,3621,791,743,346,6101
2026-03-06,1650,12152,2,0,0,3055,614,704,383,6251
2026-03-07,1269,8761,1,1,7,2184,428,516,256,4876
2026-03-08,1309,8948,0,0,0,2469,490,529,263,4899
2026-03-09,1808,12629,0,0,0,3616,889,780,360,6794
2026-03-10,1687,11139,0,0,0,3165,649,712,334,6037
2026-03-11,1695,12307,1,0,0,3428,821,717,368,6254
2026-03-12,1721,12938,2,0,0,3284,686,747,380,6510
2026-03-13,1526,11141,0,0,0,2691,532,657,344,5815
2026-03-14,1216,9796,1,0,0,2191,384,544,243,5059
2026-03-15,1235,9511,0,1,4,2170,396,607,249,5014
2026-03-16,1625,10467,3,0,0,3140,654,1018,296,5795
2026-03-17,1878,11391,1,0,0,3266,688,1145,356,6271
2026-03-18,1769,11119,1,0,0,3107,612,982,296,6112
2026-03-19,1691,13669,1,0,0,3467,723,1328,342,6708
2026-03-20,1644,12548,0,0,0,3207,663,994,332,6284
2026-03-21,1078,9294,0,0,0,1769,284,819,242,4726
2026-03-22,1129,9710,0,0,0,1991,310,867,275,4853
2026-03-23,1638,11490,1,0,0,2885,572,1091,341,5881
2026-03-24,1882,12612,1,0,0,3559,702,1258,350,6419
2026-03-25,1749,11903,0,0,0,3302,627,1231,350,6211
2026-03-26,1666,10766,1,0,0,2684,381,1139,340,5798
2026-03-27,1460,11067,0,1,4,2758,561,986,326,5690
2026-03-28,1096,8083,2,0,0,1763,274,782,243,4453
2026-03-29,1081,8533,0,0,0,1891,356,775,218,4552
2026-03-30,1543,10828,1,0,0,4472,970,1043,305,5827
2026-03-31,1766,12043,1,0,0,3059,477,1171,373,6277
2026-04-01,1746,11459,2,0,0,3517,602,1188,349,6200
2026-04-02,1604,11888,3,0,0,3607,665,1111,361,6210
2026-04-03,1429,10735,1,0,0,2634,434,1015,344,5606
2026-04-04,1065,9730,1,0,0,1805,225,855,280,4886
2026-04-05,1029,9464,1,0,0,1828,321,747,279,4901
2026-04-06,1441,12279,2,0,0,2771,525,1061,347,6134
2026-04-07,1715,12173,1,0,0,3480,694,1244,381,6364
2026-04-08,1582,13228,0,0,0,2899,521,1077,378,6488
2026-04-09,1611,12548,0,0,0,3286,806,1079,391,6576
2026-04-10,1479,12154,2,0,0,3362,733,925,334,6241
2026-04-11,1014,8505,0,0,0,1861,264,711,291,4521
2026-04-12,1107,9745,1,0,0,2570,525,746,268,5105
2026-04-13,1523,12116,0,0,0,2751,574,977,336,6534
2026-04-14,1778,11712,0,1,10,3123,565,1121,328,6340
2026-04-15,1756,12184,3,0,0,3238,665,1047,323,6449
2026-04-16,1653,12391,2,0,0,3418,724,994,381,6502
2026-04-17,1489,9392,3,0,0,2570,400,890,270,5414
2026-04-18,1029,7680,1,0,0,1640,261,692,237,4342
2026-04-19,1058,7182,0,0,0,1985,289,653,215,4252
2026-04-20,1437,12540,1,0,0,3426,664,896,368,6324
2026-04-21,1672,12088,1,0,0,3068,497,1041,397,6307
2026-04-22,1578,12610,0,0,0,2945,454,903,371,6411
2026-04-23,1585,11440,1,0,0,2794,523,852,319,6133
2026-04-24,1326,12129,0,0,0,2330,301,841,329,6127
2026-04-25,977,7635,0,0,0,1745,294,818,204,4252
2026-04-26,986,9306,1,0,0,1814,348,678,259,4782
2026-04-27,1535,11123,0,0,0,2888,509,952,320,6089
2026-04-28,1598,12056,1,0,0,3504,702,972,343,6316
2026-04-29,1677,12106,2,0,0,3445,641,1107,363,6334
2026-04-30,1542,11958,0,0,0,3147,574,996,353,5967
2026-05-01,1228,10794,0,0,0,2325,490,860,311,5806
2026-05-02,1015,8876,1,0,0,1950,381,699,283,4705
2026-05-03,974,10180,0,0,0,1687,291,760,301,5058
2026-05-04,1446,12102,0,0,0,2755,457,1007,392,6160
2026-05-05,1731,12190,1,0,0,3740,667,1087,380,6418
2026-05-06,1612,11563,1,0,0,2987,426,1106,376,6198
2026-05-07,1555,11566,1,0,0,3120,515,971,350,6008
2026-05-08,1408,12127,1,1,4,2504,324,872,356,6202
2026-05-09,1024,8279,0,0,0,1550,211,700,260,4495
2026-05-10,911,8961,1,1,2,1597,219,732,254,4735
2026-05-11,1573,11384,1,0,0,2819,394,1132,353,6262
2026-05-12,1759,12015,1,0,0,2753,314,1231,386,6431
2026-05-13,1612,11541,1,0,0,2821,454,1090,338,6049
2026-05-14,1504,11973,2,0,0,3037,583,1072,374,6057
2026-05-15,1345,11312,2,0,0,2648,440,958,337,5865
2026-05-16,1035,8374,1,0,0,1562,242,756,248,4563
2026-05-17,991,8364,1,1,2,1735,348,799,265,4565
2026-05-18,1473,11827,0,0,0,2754,376,1042,377,6073
2026-05-19,1672,12086,0,0,0,3186,594,996,406,6273
2026-05-20,1543,13175,0,0,0,3080,629,1102,391,6565
2026-05-21,1497,12732,3,0,0,2880,394,991,350,6362
2026-05-22,1344,11461,1,0,0,2605,450,939,323,5781
2026-05-23,976,8832,0,0,0,1851,299,640,274,4622
2026-05-24,1044,8326,1,1,3,1555,158,764,258,4463
2026-05-25,1312,9412,3,1,322,2236,358,947,291,5154
2026-05-26,1686,12660,1,0,0,2862,461,1114,359,6670
2026-05-27,1581,13218,2,0,0,2778,481,1113,411,6572
2026-05-28,1601,13164,1,1,3,3056,597,1105,414,6614
2026-05-29,1384,12307,1,1,5,2749,391,921,362,6094
2026-05-30,1068,9786,0,0,0,2060,352,786,266,4971
2026-05-31,978,8229,1,0,0,1881,307,630,260,4383
2026-06-01,1593,11468,0,0,0,3160,565,1060,371,6364
2026-06-02,1686,12057,1,0,0,3279,549,1170,420,6570
2026-06-03,1662,12282,2,0,0,3143,514,1100,370,6315
2026-06-04,1644,12840,2,0,0,2722,339,1088,357,6388
2026-06-05,1416,12201,1,0,0,2485,393,987,405,6067
2026-06-06,1026,9421,1,0,0,1606,192,742,262,4752
2026-06-07,1038,8480,2,0,0,1821,257,781,284,4460
2026-06-08,1506,12782,0,0,0,3149,706,1067,398,6457
2026-06-09,1622,13650,2,0,0,2848,501,1231,403,6859
2026-06-10,1661,13310,0,0,1,3011,572,1173,421,6739
2026-06-11,1692,11901,0,0,0,3438,480,1138,366,6221
2026-06-12,1428,11303,2,0,0,3220,811,957,351,5951
2026-06-13,1050,10855,0,0,0,1921,274,887,299,5416
2026-06-14,1102,10714,0,0,0,2178,462,862,339,5238
2026-06-15,1574,12678,1,0,0,2952,397,1061,371,6696
2026-06-16,1728,13492,0,0,0,3345,618,1114,425,6833
2026-06-17,1734,12965,1,0,0,3514,712,1062,399,6605
2026-06-18,1743,12784,0,0,0,3354,627,1079,377,6592
2026-06-19,1377,10130,1,1,17,2338,302,894,300,5383
2026-06-20,1066,8472,0,0,0,2171,316,735,267,4545
2026-06-21,1009,8572,1,0,0,1858,287,726,261,4531
2026-06-22,1531,12851,2,0,0,2983,509,1048,406,6265
2026-06-23,1752,13339,0,0,0,3896,789,1223,408,6602
2026-06-24,1632,12045,1,0,0,3160,718,1089,394,6217
2026-06-25,1633,12094,1,1,6,3244,489,1025,387,6373
2026-06-26,1435,11349,2,2,21,2923,773,978,351,5819
2026-06-27,1024,8384,2,0,0,1768,234,732,250,4397
2026-06-28,1021,9077,0,2,6,1885,325,726,316,4600
2026-06-29,1505,12319,0,0,0,2781,452,1007,389,6033
2026-06-30,1683,12090,0,0,1,3248,703,1037,362,6042
2026-07-01,1614,12279,3,0,0,3194,743,1101,370,6496
2026-07-02,1628,12638,1,0,0,3116,731,1089,371,6438
2026-07-03,1313,11123,1,0,0,2306,389,1024,385,5674
2026-07-04,995,7737,0,0,0,1550,182,704,262,4287
2026-07-05,975,8098,0,0,0,1851,205,702,252,4405
2026-07-06,1532,11288,1,1,4,2973,465,1063,352,5931
2026-07-07,1716,11909,2,0,0,3021,600,1179,382,6321
2026-07-08,1657,11758,0,0,0,3207,627,1085,402,6331
2026-07-09,1670,13341,3,1,5,3636,765,1039,431,6761
2026-07-10,1442,11359,2,0,0,2460,419,953,381,5898
2026-07-11,1081,8994,1,0,0,1902,320,717,329,4599
2026-07-12,1057,8123,0,0,0,2016,339,719,252,4408
2026-07-13,1593,12824,2,0,0,2852,394,1104,390,6535
2026-07-14,1749,12194,1,0,0,3076,514,1169,387,6248
2026-07-15,1658,12623,2,0,0,3158,582,1074,420,6333
2026-07-16,1624,11403,1,0,0,3090,517,1070,395,6045
2026-07-17,1409,10418,1,1,2,2622,512,862,340,5645
2026-07-18,1039,8955,1,0,0,1988,376,744,278,4633
2026-07-19,963,8225,0,0,0,1502,241,681,249,4384
2026-07-20,1527,12063,0,0,0,2803,492,991,381,6093
2026-07-21,1862,11726,1,0,0,3788,655,1194,415,6350
2026-07-22,1768,13314,0,0,0,3282,540,1169,426,6701
2026-07-23,1711,12849,0,0,0,3449,720,1142,400,6402
2026-07-24,1521,11850,0,0,0,2791,429,964,360,6071
2026-07-25,1043,9017,1,0,0,1843,290,691,285,4613
2026-07-26,1037,9470,0,0,0,1765,279,765,238,4729
2026-07-27,1588,12156,1,0,0,3032,595,1017,370,6137
2026-07-28,1797,12471,0,0,0,3594,500,1197,416,6403
2026-07-29,1799,11150,2,1,6,3408,466,1092,371,6052
2026-07-30,1692,11138,2,0,0,3530,702,1048,329,6050
2026-07-31,1492,10815,3,0,0,2695,466,857,315,5648
